cond,block,white_point,gamma,chroma_gamma,saturation,value_in,hue_in_deg,chroma_out,lum_out,hue_out_deg
huevalue_wp0.0_g1.0_k1.0_s1.0,main,0.0,1.0,1.0,1.0,40,0.0,4.07,127.23,
huevalue_wp0.0_g1.0_k1.0_s1.0,main,0.0,1.0,1.0,1.0,40,30.0,18.95,61.74,8.4
huevalue_wp0.0_g1.0_k1.0_s1.0,main,0.0,1.0,1.0,1.0,40,60.0,7.14,42.11,
huevalue_wp0.0_g1.0_k1.0_s1.0,main,0.0,1.0,1.0,1.0,40,90.0,0.96,2.45,
huevalue_wp0.0_g1.0_k1.0_s1.0,main,0.0,1.0,1.0,1.0,40,120.0,0.01,0.0,
huevalue_wp0.0_g1.0_k1.0_s1.0,main,0.0,1.0,1.0,1.0,40,150.0,0.0,0.0,
huevalue_wp0.0_g1.0_k1.0_s1.0,main,0.0,1.0,1.0,1.0,40,180.0,1.06,1.15,
huevalue_wp0.0_g1.0_k1.0_s1.0,main,0.0,1.0,1.0,1.0,40,210.0,29.88,42.72,227.8
huevalue_wp0.0_g1.0_k1.0_s1.0,main,0.0,1.0,1.0,1.0,40,240.0,41.95,71.32,219.4
huevalue_wp0.0_g1.0_k1.0_s1.0,main,0.0,1.0,1.0,1.0,40,270.0,23.0,63.14,235.1
huevalue_wp0.0_g1.0_k1.0_s1.0,main,0.0,1.0,1.0,1.0,40,300.0,5.77,55.78,
huevalue_wp0.0_g1.0_k1.0_s1.0,main,0.0,1.0,1.0,1.0,40,330.0,2.76,203.12,
huevalue_wp0.0_g1.0_k1.0_s1.0,main,0.0,1.0,1.0,1.0,81,0.0,67.96,96.34,1.4
huevalue_wp0.0_g1.0_k1.0_s1.0,main,0.0,1.0,1.0,1.0,81,30.0,75.38,72.88,13.5
huevalue_wp0.0_g1.0_k1.0_s1.0,main,0.0,1.0,1.0,1.0,81,60.0,42.91,45.84,61.7
huevalue_wp0.0_g1.0_k1.0_s1.0,main,0.0,1.0,1.0,1.0,81,90.0,44.29,21.95,125.4
huevalue_wp0.0_g1.0_k1.0_s1.0,main,0.0,1.0,1.0,1.0,81,120.0,48.31,38.53,145.0
huevalue_wp0.0_g1.0_k1.0_s1.0,main,0.0,1.0,1.0,1.0,81,150.0,46.0,46.74,149.1
huevalue_wp0.0_g1.0_k1.0_s1.0,main,0.0,1.0,1.0,1.0,81,180.0,72.04,73.46,186.9
huevalue_wp0.0_g1.0_k1.0_s1.0,main,0.0,1.0,1.0,1.0,81,210.0,89.27,81.6,201.3
huevalue_wp0.0_g1.0_k1.0_s1.0,main,0.0,1.0,1.0,1.0,81,240.0,79.93,105.58,205.4
huevalue_wp0.0_g1.0_k1.0_s1.0,main,0.0,1.0,1.0,1.0,81,270.0,60.02,123.47,211.2
huevalue_wp0.0_g1.0_k1.0_s1.0,main,0.0,1.0,1.0,1.0,81,300.0,25.89,80.91,261.7
huevalue_wp0.0_g1.0_k1.0_s1.0,main,0.0,1.0,1.0,1.0,81,330.0,21.9,145.42,354.7
huevalue_wp0.0_g1.0_k1.0_s1.0,main,0.0,1.0,1.0,1.0,122,0.0,163.97,76.88,0.9
huevalue_wp0.0_g1.0_k1.0_s1.0,main,0.0,1.0,1.0,1.0,122,30.0,157.81,93.43,25.0
huevalue_wp0.0_g1.0_k1.0_s1.0,main,0.0,1.0,1.0,1.0,122,60.0,165.46,144.74,44.2
huevalue_wp0.0_g1.0_k1.0_s1.0,main,0.0,1.0,1.0,1.0,122,90.0,87.32,112.38,59.4
huevalue_wp0.0_g1.0_k1.0_s1.0,main,0.0,1.0,1.0,1.0,122,120.0,43.31,77.98,143.3
huevalue_wp0.0_g1.0_k1.0_s1.0,main,0.0,1.0,1.0,1.0,122,150.0,31.97,134.44,94.5
huevalue_wp0.0_g1.0_k1.0_s1.0,main,0.0,1.0,1.0,1.0,122,180.0,15.16,192.8,129.0
huevalue_wp0.0_g1.0_k1.0_s1.0,main,0.0,1.0,1.0,1.0,122,210.0,66.26,148.97,209.6
huevalue_wp0.0_g1.0_k1.0_s1.0,main,0.0,1.0,1.0,1.0,122,240.0,80.93,122.75,211.3
huevalue_wp0.0_g1.0_k1.0_s1.0,main,0.0,1.0,1.0,1.0,122,270.0,58.88,167.47,208.5
huevalue_wp0.0_g1.0_k1.0_s1.0,main,0.0,1.0,1.0,1.0,122,300.0,12.31,161.64,335.0
huevalue_wp0.0_g1.0_k1.0_s1.0,main,0.0,1.0,1.0,1.0,122,330.0,77.93,113.16,1.2
huevalue_wp0.0_g1.0_k1.0_s1.0,main,0.0,1.0,1.0,1.0,163,0.0,226.88,76.12,0.3
huevalue_wp0.0_g1.0_k1.0_s1.0,main,0.0,1.0,1.0,1.0,163,30.0,220.9,145.14,30.5
huevalue_wp0.0_g1.0_k1.0_s1.0,main,0.0,1.0,1.0,1.0,163,60.0,174.9,189.68,53.7
huevalue_wp0.0_g1.0_k1.0_s1.0,main,0.0,1.0,1.0,1.0,163,90.0,142.55,159.4,49.6
huevalue_wp0.0_g1.0_k1.0_s1.0,main,0.0,1.0,1.0,1.0,163,120.0,46.89,115.74,79.2
huevalue_wp0.0_g1.0_k1.0_s1.0,main,0.0,1.0,1.0,1.0,163,150.0,31.0,198.71,74.3
huevalue_wp0.0_g1.0_k1.0_s1.0,main,0.0,1.0,1.0,1.0,163,180.0,10.44,250.75,171.4
huevalue_wp0.0_g1.0_k1.0_s1.0,main,0.0,1.0,1.0,1.0,163,210.0,40.39,192.48,200.7
huevalue_wp0.0_g1.0_k1.0_s1.0,main,0.0,1.0,1.0,1.0,163,240.0,68.4,145.1,212.1
huevalue_wp0.0_g1.0_k1.0_s1.0,main,0.0,1.0,1.0,1.0,163,270.0,37.03,206.4,202.9
huevalue_wp0.0_g1.0_k1.0_s1.0,main,0.0,1.0,1.0,1.0,163,300.0,12.97,241.53,11.6
huevalue_wp0.0_g1.0_k1.0_s1.0,main,0.0,1.0,1.0,1.0,163,330.0,152.55,150.42,12.9
huevalue_wp0.0_g1.0_k1.0_s1.0,main,0.0,1.0,1.0,1.0,204,0.0,189.83,121.15,9.6
huevalue_wp0.0_g1.0_k1.0_s1.0,main,0.0,1.0,1.0,1.0,204,30.0,155.77,185.44,40.5
huevalue_wp0.0_g1.0_k1.0_s1.0,main,0.0,1.0,1.0,1.0,204,60.0,141.33,207.83,59.9
huevalue_wp0.0_g1.0_k1.0_s1.0,main,0.0,1.0,1.0,1.0,204,90.0,143.77,198.25,50.0
huevalue_wp0.0_g1.0_k1.0_s1.0,main,0.0,1.0,1.0,1.0,204,120.0,66.5,128.08,66.4
huevalue_wp0.0_g1.0_k1.0_s1.0,main,0.0,1.0,1.0,1.0,204,150.0,19.49,226.77,67.8
huevalue_wp0.0_g1.0_k1.0_s1.0,main,0.0,1.0,1.0,1.0,204,180.0,6.76,249.7,
huevalue_wp0.0_g1.0_k1.0_s1.0,main,0.0,1.0,1.0,1.0,204,210.0,22.0,225.55,187.4
huevalue_wp0.0_g1.0_k1.0_s1.0,main,0.0,1.0,1.0,1.0,204,240.0,59.84,157.41,209.5
huevalue_wp0.0_g1.0_k1.0_s1.0,main,0.0,1.0,1.0,1.0,204,270.0,21.37,246.04,186.4
huevalue_wp0.0_g1.0_k1.0_s1.0,main,0.0,1.0,1.0,1.0,204,300.0,3.9,253.57,
huevalue_wp0.0_g1.0_k1.0_s1.0,main,0.0,1.0,1.0,1.0,204,330.0,62.44,202.96,7.2
huevalue_wp0.0_g1.0_k1.0_s1.0,main,0.0,1.0,1.0,1.0,245,0.0,134.73,150.79,13.1
huevalue_wp0.0_g1.0_k1.0_s1.0,main,0.0,1.0,1.0,1.0,245,30.0,106.01,219.26,59.4
huevalue_wp0.0_g1.0_k1.0_s1.0,main,0.0,1.0,1.0,1.0,245,60.0,105.56,219.8,60.0
huevalue_wp0.0_g1.0_k1.0_s1.0,main,0.0,1.0,1.0,1.0,245,90.0,104.99,219.89,59.8
huevalue_wp0.0_g1.0_k1.0_s1.0,main,0.0,1.0,1.0,1.0,245,120.0,64.52,184.8,55.5
huevalue_wp0.0_g1.0_k1.0_s1.0,main,0.0,1.0,1.0,1.0,245,150.0,7.01,251.5,
huevalue_wp0.0_g1.0_k1.0_s1.0,main,0.0,1.0,1.0,1.0,245,180.0,8.11,251.74,176.0
huevalue_wp0.0_g1.0_k1.0_s1.0,main,0.0,1.0,1.0,1.0,245,210.0,1.11,254.57,
huevalue_wp0.0_g1.0_k1.0_s1.0,main,0.0,1.0,1.0,1.0,245,240.0,49.83,170.16,203.2
huevalue_wp0.0_g1.0_k1.0_s1.0,main,0.0,1.0,1.0,1.0,245,270.0,5.21,253.24,
huevalue_wp0.0_g1.0_k1.0_s1.0,main,0.0,1.0,1.0,1.0,245,300.0,1.51,254.48,
huevalue_wp0.0_g1.0_k1.0_s1.0,main,0.0,1.0,1.0,1.0,245,330.0,2.16,252.23,
huevalue_wp0.0_g1.0_k1.5_s1.0,main,0.0,1.0,1.5,1.0,40,0.0,6.96,45.83,
huevalue_wp0.0_g1.0_k1.5_s1.0,main,0.0,1.0,1.5,1.0,40,30.0,16.89,6.9,5.2
huevalue_wp0.0_g1.0_k1.5_s1.0,main,0.0,1.0,1.5,1.0,40,60.0,3.81,2.47,
huevalue_wp0.0_g1.0_k1.5_s1.0,main,0.0,1.0,1.5,1.0,40,90.0,3.13,17.73,
huevalue_wp0.0_g1.0_k1.5_s1.0,main,0.0,1.0,1.5,1.0,40,120.0,3.5,55.33,
huevalue_wp0.0_g1.0_k1.5_s1.0,main,0.0,1.0,1.5,1.0,40,150.0,1.79,55.08,
huevalue_wp0.0_g1.0_k1.5_s1.0,main,0.0,1.0,1.5,1.0,40,180.0,15.06,60.84,227.2
huevalue_wp0.0_g1.0_k1.5_s1.0,main,0.0,1.0,1.5,1.0,40,210.0,40.04,45.15,228.5
huevalue_wp0.0_g1.0_k1.5_s1.0,main,0.0,1.0,1.5,1.0,40,240.0,32.91,11.28,238.6
huevalue_wp0.0_g1.0_k1.5_s1.0,main,0.0,1.0,1.5,1.0,40,270.0,10.32,3.63,240.9
huevalue_wp0.0_g1.0_k1.5_s1.0,main,0.0,1.0,1.5,1.0,40,300.0,0.93,36.31,
huevalue_wp0.0_g1.0_k1.5_s1.0,main,0.0,1.0,1.5,1.0,40,330.0,7.2,244.73,
huevalue_wp0.0_g1.0_k1.5_s1.0,main,0.0,1.0,1.5,1.0,81,0.0,90.63,32.95,0.9
huevalue_wp0.0_g1.0_k1.5_s1.0,main,0.0,1.0,1.5,1.0,81,30.0,84.04,38.06,20.7
huevalue_wp0.0_g1.0_k1.5_s1.0,main,0.0,1.0,1.5,1.0,81,60.0,50.38,32.4,54.6
huevalue_wp0.0_g1.0_k1.5_s1.0,main,0.0,1.0,1.5,1.0,81,90.0,37.94,47.54,101.9
huevalue_wp0.0_g1.0_k1.5_s1.0,main,0.0,1.0,1.5,1.0,81,120.0,33.4,93.7,140.7
huevalue_wp0.0_g1.0_k1.5_s1.0,main,0.0,1.0,1.5,1.0,81,150.0,37.5,106.75,168.0
huevalue_wp0.0_g1.0_k1.5_s1.0,main,0.0,1.0,1.5,1.0,81,180.0,59.12,119.53,197.7
huevalue_wp0.0_g1.0_k1.5_s1.0,main,0.0,1.0,1.5,1.0,81,210.0,71.93,116.88,207.9
huevalue_wp0.0_g1.0_k1.5_s1.0,main,0.0,1.0,1.5,1.0,81,240.0,61.19,93.73,217.3
huevalue_wp0.0_g1.0_k1.5_s1.0,main,0.0,1.0,1.5,1.0,81,270.0,52.04,52.01,233.3
huevalue_wp0.0_g1.0_k1.5_s1.0,main,0.0,1.0,1.5,1.0,81,300.0,38.24,14.11,354.4
huevalue_wp0.0_g1.0_k1.5_s1.0,main,0.0,1.0,1.5,1.0,81,330.0,4.08,247.93,
huevalue_wp0.0_g1.0_k1.5_s1.0,main,0.0,1.0,1.5,1.0,122,0.0,167.6,64.74,8.5
huevalue_wp0.0_g1.0_k1.5_s1.0,main,0.0,1.0,1.5,1.0,122,30.0,168.89,104.89,31.3
huevalue_wp0.0_g1.0_k1.5_s1.0,main,0.0,1.0,1.5,1.0,122,60.0,164.28,144.81,44.5
huevalue_wp0.0_g1.0_k1.5_s1.0,main,0.0,1.0,1.5,1.0,122,90.0,93.57,149.56,54.2
huevalue_wp0.0_g1.0_k1.5_s1.0,main,0.0,1.0,1.5,1.0,122,120.0,33.21,149.31,81.3
huevalue_wp0.0_g1.0_k1.5_s1.0,main,0.0,1.0,1.5,1.0,122,150.0,19.28,188.52,106.3
huevalue_wp0.0_g1.0_k1.5_s1.0,main,0.0,1.0,1.5,1.0,122,180.0,30.26,193.66,200.3
huevalue_wp0.0_g1.0_k1.5_s1.0,main,0.0,1.0,1.5,1.0,122,210.0,54.18,166.99,209.5
huevalue_wp0.0_g1.0_k1.5_s1.0,main,0.0,1.0,1.5,1.0,122,240.0,48.62,182.54,210.1
huevalue_wp0.0_g1.0_k1.5_s1.0,main,0.0,1.0,1.5,1.0,122,270.0,15.62,158.62,332.6
huevalue_wp0.0_g1.0_k1.5_s1.0,main,0.0,1.0,1.5,1.0,122,300.0,81.36,84.49,356.9
huevalue_wp0.0_g1.0_k1.5_s1.0,main,0.0,1.0,1.5,1.0,122,330.0,5.06,249.03,
huevalue_wp0.0_g1.0_k1.5_s1.0,main,0.0,1.0,1.5,1.0,163,0.0,184.59,128.15,11.5
huevalue_wp0.0_g1.0_k1.5_s1.0,main,0.0,1.0,1.5,1.0,163,30.0,159.66,173.9,28.7
huevalue_wp0.0_g1.0_k1.5_s1.0,main,0.0,1.0,1.5,1.0,163,60.0,122.17,209.39,53.7
huevalue_wp0.0_g1.0_k1.5_s1.0,main,0.0,1.0,1.5,1.0,163,90.0,89.87,203.24,49.9
huevalue_wp0.0_g1.0_k1.5_s1.0,main,0.0,1.0,1.5,1.0,163,120.0,34.88,190.97,64.1
huevalue_wp0.0_g1.0_k1.5_s1.0,main,0.0,1.0,1.5,1.0,163,150.0,13.29,231.93,103.6
huevalue_wp0.0_g1.0_k1.5_s1.0,main,0.0,1.0,1.5,1.0,163,180.0,17.01,236.99,189.7
huevalue_wp0.0_g1.0_k1.5_s1.0,main,0.0,1.0,1.5,1.0,163,210.0,36.16,200.63,207.3
huevalue_wp0.0_g1.0_k1.5_s1.0,main,0.0,1.0,1.5,1.0,163,240.0,32.9,221.03,202.2
huevalue_wp0.0_g1.0_k1.5_s1.0,main,0.0,1.0,1.5,1.0,163,270.0,2.62,251.22,
huevalue_wp0.0_g1.0_k1.5_s1.0,main,0.0,1.0,1.5,1.0,163,300.0,110.43,173.68,10.5
huevalue_wp0.0_g1.0_k1.5_s1.0,main,0.0,1.0,1.5,1.0,163,330.0,6.28,251.0,
huevalue_wp0.0_g1.0_k1.5_s1.0,main,0.0,1.0,1.5,1.0,204,0.0,102.95,174.87,13.8
huevalue_wp0.0_g1.0_k1.5_s1.0,main,0.0,1.0,1.5,1.0,204,30.0,88.8,217.71,45.6
huevalue_wp0.0_g1.0_k1.5_s1.0,main,0.0,1.0,1.5,1.0,204,60.0,73.63,230.44,60.0
huevalue_wp0.0_g1.0_k1.5_s1.0,main,0.0,1.0,1.5,1.0,204,90.0,71.12,228.62,54.4
huevalue_wp0.0_g1.0_k1.5_s1.0,main,0.0,1.0,1.5,1.0,204,120.0,40.58,210.76,54.8
huevalue_wp0.0_g1.0_k1.5_s1.0,main,0.0,1.0,1.5,1.0,204,150.0,7.94,250.31,
huevalue_wp0.0_g1.0_k1.5_s1.0,main,0.0,1.0,1.5,1.0,204,180.0,5.07,249.17,
huevalue_wp0.0_g1.0_k1.5_s1.0,main,0.0,1.0,1.5,1.0,204,210.0,18.41,222.3,187.9
huevalue_wp0.0_g1.0_k1.5_s1.0,main,0.0,1.0,1.5,1.0,204,240.0,15.3,241.38,193.7
huevalue_wp0.0_g1.0_k1.5_s1.0,main,0.0,1.0,1.5,1.0,204,270.0,0.04,254.99,
huevalue_wp0.0_g1.0_k1.5_s1.0,main,0.0,1.0,1.5,1.0,204,300.0,10.29,244.89,7.4
huevalue_wp0.0_g1.0_k1.5_s1.0,main,0.0,1.0,1.5,1.0,204,330.0,1.73,252.47,
huevalue_wp0.0_g1.0_k1.5_s1.0,main,0.0,1.0,1.5,1.0,245,0.0,34.92,215.28,17.2
huevalue_wp0.0_g1.0_k1.5_s1.0,main,0.0,1.0,1.5,1.0,245,30.0,31.83,244.17,59.3
huevalue_wp0.0_g1.0_k1.5_s1.0,main,0.0,1.0,1.5,1.0,245,60.0,31.7,244.4,59.9
huevalue_wp0.0_g1.0_k1.5_s1.0,main,0.0,1.0,1.5,1.0,245,90.0,27.53,245.79,60.1
huevalue_wp0.0_g1.0_k1.5_s1.0,main,0.0,1.0,1.5,1.0,245,120.0,19.18,241.62,66.8
huevalue_wp0.0_g1.0_k1.5_s1.0,main,0.0,1.0,1.5,1.0,245,150.0,5.06,252.54,
huevalue_wp0.0_g1.0_k1.5_s1.0,main,0.0,1.0,1.5,1.0,245,180.0,4.25,253.5,
huevalue_wp0.0_g1.0_k1.5_s1.0,main,0.0,1.0,1.5,1.0,245,210.0,10.28,236.36,165.7
huevalue_wp0.0_g1.0_k1.5_s1.0,main,0.0,1.0,1.5,1.0,245,240.0,15.02,245.61,187.5
huevalue_wp0.0_g1.0_k1.5_s1.0,main,0.0,1.0,1.5,1.0,245,270.0,0.01,255.0,
huevalue_wp0.0_g1.0_k1.5_s1.0,main,0.0,1.0,1.5,1.0,245,300.0,1.3,253.67,
huevalue_wp0.0_g1.0_k1.5_s1.0,main,0.0,1.0,1.5,1.0,245,330.0,3.69,250.82,
huevalue_wp0.0_g1.0_k2.0_s1.0,main,0.0,1.0,2.0,1.0,40,0.0,0.2,66.6,
huevalue_wp0.0_g1.0_k2.0_s1.0,main,0.0,1.0,2.0,1.0,40,30.0,8.04,12.11,14.3
huevalue_wp0.0_g1.0_k2.0_s1.0,main,0.0,1.0,2.0,1.0,40,60.0,1.62,0.55,
huevalue_wp0.0_g1.0_k2.0_s1.0,main,0.0,1.0,2.0,1.0,40,90.0,0.53,0.79,
huevalue_wp0.0_g1.0_k2.0_s1.0,main,0.0,1.0,2.0,1.0,40,120.0,1.01,53.28,
huevalue_wp0.0_g1.0_k2.0_s1.0,main,0.0,1.0,2.0,1.0,40,150.0,4.59,54.62,
huevalue_wp0.0_g1.0_k2.0_s1.0,main,0.0,1.0,2.0,1.0,40,180.0,12.44,59.5,215.7
huevalue_wp0.0_g1.0_k2.0_s1.0,main,0.0,1.0,2.0,1.0,40,210.0,37.72,64.43,221.5
huevalue_wp0.0_g1.0_k2.0_s1.0,main,0.0,1.0,2.0,1.0,40,240.0,32.67,11.92,236.7
huevalue_wp0.0_g1.0_k2.0_s1.0,main,0.0,1.0,2.0,1.0,40,270.0,14.0,4.74,240.3
huevalue_wp0.0_g1.0_k2.0_s1.0,main,0.0,1.0,2.0,1.0,40,300.0,1.61,17.44,
huevalue_wp0.0_g1.0_k2.0_s1.0,main,0.0,1.0,2.0,1.0,40,330.0,8.01,244.87,342.7
huevalue_wp0.0_g1.0_k2.0_s1.0,main,0.0,1.0,2.0,1.0,81,0.0,74.95,31.36,7.6
huevalue_wp0.0_g1.0_k2.0_s1.0,main,0.0,1.0,2.0,1.0,81,30.0,75.42,38.25,30.9
huevalue_wp0.0_g1.0_k2.0_s1.0,main,0.0,1.0,2.0,1.0,81,60.0,48.71,32.75,59.3
huevalue_wp0.0_g1.0_k2.0_s1.0,main,0.0,1.0,2.0,1.0,81,90.0,39.68,52.52,88.9
huevalue_wp0.0_g1.0_k2.0_s1.0,main,0.0,1.0,2.0,1.0,81,120.0,31.77,95.05,136.2
huevalue_wp0.0_g1.0_k2.0_s1.0,main,0.0,1.0,2.0,1.0,81,150.0,41.1,110.9,174.5
huevalue_wp0.0_g1.0_k2.0_s1.0,main,0.0,1.0,2.0,1.0,81,180.0,54.94,122.92,193.5
huevalue_wp0.0_g1.0_k2.0_s1.0,main,0.0,1.0,2.0,1.0,81,210.0,65.0,122.05,207.8
huevalue_wp0.0_g1.0_k2.0_s1.0,main,0.0,1.0,2.0,1.0,81,240.0,51.18,100.49,218.6
huevalue_wp0.0_g1.0_k2.0_s1.0,main,0.0,1.0,2.0,1.0,81,270.0,53.0,55.25,230.2
huevalue_wp0.0_g1.0_k2.0_s1.0,main,0.0,1.0,2.0,1.0,81,300.0,30.16,14.52,345.0
huevalue_wp0.0_g1.0_k2.0_s1.0,main,0.0,1.0,2.0,1.0,81,330.0,3.19,248.42,
huevalue_wp0.0_g1.0_k2.0_s1.0,main,0.0,1.0,2.0,1.0,122,0.0,138.23,91.7,18.4
huevalue_wp0.0_g1.0_k2.0_s1.0,main,0.0,1.0,2.0,1.0,122,30.0,135.45,129.39,30.5
huevalue_wp0.0_g1.0_k2.0_s1.0,main,0.0,1.0,2.0,1.0,122,60.0,126.36,164.21,43.3
huevalue_wp0.0_g1.0_k2.0_s1.0,main,0.0,1.0,2.0,1.0,122,90.0,73.88,172.72,55.1
huevalue_wp0.0_g1.0_k2.0_s1.0,main,0.0,1.0,2.0,1.0,122,120.0,32.35,171.57,71.1
huevalue_wp0.0_g1.0_k2.0_s1.0,main,0.0,1.0,2.0,1.0,122,150.0,17.88,198.44,93.1
huevalue_wp0.0_g1.0_k2.0_s1.0,main,0.0,1.0,2.0,1.0,122,180.0,29.14,196.3,199.5
huevalue_wp0.0_g1.0_k2.0_s1.0,main,0.0,1.0,2.0,1.0,122,210.0,47.7,177.06,210.2
huevalue_wp0.0_g1.0_k2.0_s1.0,main,0.0,1.0,2.0,1.0,122,240.0,37.16,182.52,215.3
huevalue_wp0.0_g1.0_k2.0_s1.0,main,0.0,1.0,2.0,1.0,122,270.0,11.69,160.78,322.4
huevalue_wp0.0_g1.0_k2.0_s1.0,main,0.0,1.0,2.0,1.0,122,300.0,59.79,100.24,356.7
huevalue_wp0.0_g1.0_k2.0_s1.0,main,0.0,1.0,2.0,1.0,122,330.0,2.46,248.73,
huevalue_wp0.0_g1.0_k2.0_s1.0,main,0.0,1.0,2.0,1.0,163,0.0,122.4,161.53,12.7
huevalue_wp0.0_g1.0_k2.0_s1.0,main,0.0,1.0,2.0,1.0,163,30.0,105.98,199.59,29.4
huevalue_wp0.0_g1.0_k2.0_s1.0,main,0.0,1.0,2.0,1.0,163,60.0,78.27,225.62,53.5
huevalue_wp0.0_g1.0_k2.0_s1.0,main,0.0,1.0,2.0,1.0,163,90.0,59.11,219.24,52.9
huevalue_wp0.0_g1.0_k2.0_s1.0,main,0.0,1.0,2.0,1.0,163,120.0,25.36,218.87,71.6
huevalue_wp0.0_g1.0_k2.0_s1.0,main,0.0,1.0,2.0,1.0,163,150.0,8.42,242.67,121.0
huevalue_wp0.0_g1.0_k2.0_s1.0,main,0.0,1.0,2.0,1.0,163,180.0,18.3,236.98,190.9
huevalue_wp0.0_g1.0_k2.0_s1.0,main,0.0,1.0,2.0,1.0,163,210.0,29.62,211.83,202.6
huevalue_wp0.0_g1.0_k2.0_s1.0,main,0.0,1.0,2.0,1.0,163,240.0,24.94,233.19,197.5
huevalue_wp0.0_g1.0_k2.0_s1.0,main,0.0,1.0,2.0,1.0,163,270.0,2.45,252.28,
huevalue_wp0.0_g1.0_k2.0_s1.0,main,0.0,1.0,2.0,1.0,163,300.0,86.67,188.6,10.2
huevalue_wp0.0_g1.0_k2.0_s1.0,main,0.0,1.0,2.0,1.0,163,330.0,4.88,251.81,
huevalue_wp0.0_g1.0_k2.0_s1.0,main,0.0,1.0,2.0,1.0,204,0.0,37.7,223.1,18.3
huevalue_wp0.0_g1.0_k2.0_s1.0,main,0.0,1.0,2.0,1.0,204,30.0,30.39,244.78,59.9
huevalue_wp0.0_g1.0_k2.0_s1.0,main,0.0,1.0,2.0,1.0,204,60.0,29.75,245.06,60.0
huevalue_wp0.0_g1.0_k2.0_s1.0,main,0.0,1.0,2.0,1.0,204,90.0,34.01,239.42,57.5
huevalue_wp0.0_g1.0_k2.0_s1.0,main,0.0,1.0,2.0,1.0,204,120.0,14.85,239.74,68.4
huevalue_wp0.0_g1.0_k2.0_s1.0,main,0.0,1.0,2.0,1.0,204,150.0,7.02,249.22,
huevalue_wp0.0_g1.0_k2.0_s1.0,main,0.0,1.0,2.0,1.0,204,180.0,5.67,244.92,
huevalue_wp0.0_g1.0_k2.0_s1.0,main,0.0,1.0,2.0,1.0,204,210.0,17.72,230.23,184.7
huevalue_wp0.0_g1.0_k2.0_s1.0,main,0.0,1.0,2.0,1.0,204,240.0,6.59,252.36,
huevalue_wp0.0_g1.0_k2.0_s1.0,main,0.0,1.0,2.0,1.0,204,270.0,0.1,254.96,
huevalue_wp0.0_g1.0_k2.0_s1.0,main,0.0,1.0,2.0,1.0,204,300.0,2.04,253.49,
huevalue_wp0.0_g1.0_k2.0_s1.0,main,0.0,1.0,2.0,1.0,204,330.0,2.04,252.66,
huevalue_wp0.0_g1.0_k2.0_s1.0,main,0.0,1.0,2.0,1.0,245,0.0,10.25,251.07,178.6
huevalue_wp0.0_g1.0_k2.0_s1.0,main,0.0,1.0,2.0,1.0,245,30.0,6.91,252.4,
huevalue_wp0.0_g1.0_k2.0_s1.0,main,0.0,1.0,2.0,1.0,245,60.0,3.31,253.75,
huevalue_wp0.0_g1.0_k2.0_s1.0,main,0.0,1.0,2.0,1.0,245,90.0,0.24,254.88,
huevalue_wp0.0_g1.0_k2.0_s1.0,main,0.0,1.0,2.0,1.0,245,120.0,1.5,253.99,
huevalue_wp0.0_g1.0_k2.0_s1.0,main,0.0,1.0,2.0,1.0,245,150.0,3.06,253.22,
huevalue_wp0.0_g1.0_k2.0_s1.0,main,0.0,1.0,2.0,1.0,245,180.0,0.73,254.75,
huevalue_wp0.0_g1.0_k2.0_s1.0,main,0.0,1.0,2.0,1.0,245,210.0,8.49,235.43,154.0
huevalue_wp0.0_g1.0_k2.0_s1.0,main,0.0,1.0,2.0,1.0,245,240.0,6.57,252.76,
huevalue_wp0.0_g1.0_k2.0_s1.0,main,0.0,1.0,2.0,1.0,245,270.0,0.0,255.0,
huevalue_wp0.0_g1.0_k2.0_s1.0,main,0.0,1.0,2.0,1.0,245,300.0,1.33,253.81,
huevalue_wp0.0_g1.0_k2.0_s1.0,main,0.0,1.0,2.0,1.0,245,330.0,2.59,251.49,
huevalue_wp0.64_g1.0_k1.0_s1.0,main,0.64,1.0,1.0,1.0,40,0.0,0.9,187.84,
huevalue_wp0.64_g1.0_k1.0_s1.0,main,0.64,1.0,1.0,1.0,40,30.0,4.83,58.6,
huevalue_wp0.64_g1.0_k1.0_s1.0,main,0.64,1.0,1.0,1.0,40,60.0,5.19,56.25,
huevalue_wp0.64_g1.0_k1.0_s1.0,main,0.64,1.0,1.0,1.0,40,90.0,3.39,55.07,
huevalue_wp0.64_g1.0_k1.0_s1.0,main,0.64,1.0,1.0,1.0,40,120.0,0.98,26.09,
huevalue_wp0.64_g1.0_k1.0_s1.0,main,0.64,1.0,1.0,1.0,40,150.0,1.21,3.94,
huevalue_wp0.64_g1.0_k1.0_s1.0,main,0.64,1.0,1.0,1.0,40,180.0,1.56,4.86,
huevalue_wp0.64_g1.0_k1.0_s1.0,main,0.64,1.0,1.0,1.0,40,210.0,5.37,7.05,
huevalue_wp0.64_g1.0_k1.0_s1.0,main,0.64,1.0,1.0,1.0,40,240.0,25.11,19.32,225.2
huevalue_wp0.64_g1.0_k1.0_s1.0,main,0.64,1.0,1.0,1.0,40,270.0,10.7,46.5,215.4
huevalue_wp0.64_g1.0_k1.0_s1.0,main,0.64,1.0,1.0,1.0,40,300.0,2.32,59.13,
huevalue_wp0.64_g1.0_k1.0_s1.0,main,0.64,1.0,1.0,1.0,40,330.0,2.6,129.36,
huevalue_wp0.64_g1.0_k1.0_s1.0,main,0.64,1.0,1.0,1.0,81,0.0,18.44,120.56,2.7
huevalue_wp0.64_g1.0_k1.0_s1.0,main,0.64,1.0,1.0,1.0,81,30.0,37.82,68.19,5.2
huevalue_wp0.64_g1.0_k1.0_s1.0,main,0.64,1.0,1.0,1.0,81,60.0,19.81,59.08,38.6
huevalue_wp0.64_g1.0_k1.0_s1.0,main,0.64,1.0,1.0,1.0,81,90.0,8.86,27.75,99.8
huevalue_wp0.64_g1.0_k1.0_s1.0,main,0.64,1.0,1.0,1.0,81,120.0,16.35,14.34,109.3
huevalue_wp0.64_g1.0_k1.0_s1.0,main,0.64,1.0,1.0,1.0,81,150.0,17.14,22.71,119.0
huevalue_wp0.64_g1.0_k1.0_s1.0,main,0.64,1.0,1.0,1.0,81,180.0,39.59,45.75,187.6
huevalue_wp0.64_g1.0_k1.0_s1.0,main,0.64,1.0,1.0,1.0,81,210.0,60.38,53.76,205.7
huevalue_wp0.64_g1.0_k1.0_s1.0,main,0.64,1.0,1.0,1.0,81,240.0,62.26,63.83,208.2
huevalue_wp0.64_g1.0_k1.0_s1.0,main,0.64,1.0,1.0,1.0,81,270.0,54.94,74.02,208.8
huevalue_wp0.64_g1.0_k1.0_s1.0,main,0.64,1.0,1.0,1.0,81,300.0,24.89,50.71,240.1
huevalue_wp0.64_g1.0_k1.0_s1.0,main,0.64,1.0,1.0,1.0,81,330.0,2.91,73.55,
huevalue_wp0.64_g1.0_k1.0_s1.0,main,0.64,1.0,1.0,1.0,122,0.0,73.1,70.16,1.2
huevalue_wp0.64_g1.0_k1.0_s1.0,main,0.64,1.0,1.0,1.0,122,30.0,75.73,65.36,17.9
huevalue_wp0.64_g1.0_k1.0_s1.0,main,0.64,1.0,1.0,1.0,122,60.0,43.71,58.75,58.9
huevalue_wp0.64_g1.0_k1.0_s1.0,main,0.64,1.0,1.0,1.0,122,90.0,39.41,40.35,123.5
huevalue_wp0.64_g1.0_k1.0_s1.0,main,0.64,1.0,1.0,1.0,122,120.0,36.24,67.36,136.7
huevalue_wp0.64_g1.0_k1.0_s1.0,main,0.64,1.0,1.0,1.0,122,150.0,27.87,79.72,137.6
huevalue_wp0.64_g1.0_k1.0_s1.0,main,0.64,1.0,1.0,1.0,122,180.0,47.34,103.71,183.6
huevalue_wp0.64_g1.0_k1.0_s1.0,main,0.64,1.0,1.0,1.0,122,210.0,67.64,105.77,206.0
huevalue_wp0.64_g1.0_k1.0_s1.0,main,0.64,1.0,1.0,1.0,122,240.0,70.93,109.89,209.0
huevalue_wp0.64_g1.0_k1.0_s1.0,main,0.64,1.0,1.0,1.0,122,270.0,53.19,115.07,215.8
huevalue_wp0.64_g1.0_k1.0_s1.0,main,0.64,1.0,1.0,1.0,122,300.0,47.16,50.32,228.9
huevalue_wp0.64_g1.0_k1.0_s1.0,main,0.64,1.0,1.0,1.0,122,330.0,35.63,35.18,0.5
huevalue_wp0.64_g1.0_k1.0_s1.0,main,0.64,1.0,1.0,1.0,163,0.0,146.3,49.02,0.0
huevalue_wp0.64_g1.0_k1.0_s1.0,main,0.64,1.0,1.0,1.0,163,30.0,116.37,68.09,26.3
huevalue_wp0.64_g1.0_k1.0_s1.0,main,0.64,1.0,1.0,1.0,163,60.0,113.82,110.12,43.9
huevalue_wp0.64_g1.0_k1.0_s1.0,main,0.64,1.0,1.0,1.0,163,90.0,66.15,94.06,78.3
huevalue_wp0.64_g1.0_k1.0_s1.0,main,0.64,1.0,1.0,1.0,163,120.0,43.6,83.54,141.0
huevalue_wp0.64_g1.0_k1.0_s1.0,main,0.64,1.0,1.0,1.0,163,150.0,30.45,108.73,126.1
huevalue_wp0.64_g1.0_k1.0_s1.0,main,0.64,1.0,1.0,1.0,163,180.0,21.59,157.84,148.2
huevalue_wp0.64_g1.0_k1.0_s1.0,main,0.64,1.0,1.0,1.0,163,210.0,72.2,136.72,207.6
huevalue_wp0.64_g1.0_k1.0_s1.0,main,0.64,1.0,1.0,1.0,163,240.0,76.21,127.42,211.6
huevalue_wp0.64_g1.0_k1.0_s1.0,main,0.64,1.0,1.0,1.0,163,270.0,61.97,146.56,214.3
huevalue_wp0.64_g1.0_k1.0_s1.0,main,0.64,1.0,1.0,1.0,163,300.0,24.97,110.22,240.1
huevalue_wp0.64_g1.0_k1.0_s1.0,main,0.64,1.0,1.0,1.0,163,330.0,84.54,28.94,359.1
huevalue_wp0.64_g1.0_k1.0_s1.0,main,0.64,1.0,1.0,1.0,204,0.0,193.15,66.97,2.0
huevalue_wp0.64_g1.0_k1.0_s1.0,main,0.64,1.0,1.0,1.0,204,30.0,168.66,114.34,25.7
huevalue_wp0.64_g1.0_k1.0_s1.0,main,0.64,1.0,1.0,1.0,204,60.0,172.77,163.86,45.1
huevalue_wp0.64_g1.0_k1.0_s1.0,main,0.64,1.0,1.0,1.0,204,90.0,105.5,123.48,57.2
huevalue_wp0.64_g1.0_k1.0_s1.0,main,0.64,1.0,1.0,1.0,204,120.0,56.93,34.3,133.4
huevalue_wp0.64_g1.0_k1.0_s1.0,main,0.64,1.0,1.0,1.0,204,150.0,49.58,101.52,110.2
huevalue_wp0.64_g1.0_k1.0_s1.0,main,0.64,1.0,1.0,1.0,204,180.0,22.33,183.93,101.2
huevalue_wp0.64_g1.0_k1.0_s1.0,main,0.64,1.0,1.0,1.0,204,210.0,85.55,132.2,200.9
huevalue_wp0.64_g1.0_k1.0_s1.0,main,0.64,1.0,1.0,1.0,204,240.0,85.76,111.5,208.3
huevalue_wp0.64_g1.0_k1.0_s1.0,main,0.64,1.0,1.0,1.0,204,270.0,53.09,177.43,210.2
huevalue_wp0.64_g1.0_k1.0_s1.0,main,0.64,1.0,1.0,1.0,204,300.0,17.62,177.39,358.7
huevalue_wp0.64_g1.0_k1.0_s1.0,main,0.64,1.0,1.0,1.0,204,330.0,132.81,81.75,4.4
huevalue_wp0.64_g1.0_k1.0_s1.0,main,0.64,1.0,1.0,1.0,245,0.0,220.54,80.63,4.9
huevalue_wp0.64_g1.0_k1.0_s1.0,main,0.64,1.0,1.0,1.0,245,30.0,208.1,149.63,29.2
huevalue_wp0.64_g1.0_k1.0_s1.0,main,0.64,1.0,1.0,1.0,245,60.0,175.11,190.14,54.2
huevalue_wp0.64_g1.0_k1.0_s1.0,main,0.64,1.0,1.0,1.0,245,90.0,145.65,157.18,49.6
huevalue_wp0.64_g1.0_k1.0_s1.0,main,0.64,1.0,1.0,1.0,245,120.0,60.55,84.58,89.7
huevalue_wp0.64_g1.0_k1.0_s1.0,main,0.64,1.0,1.0,1.0,245,150.0,44.72,180.34,67.7
huevalue_wp0.64_g1.0_k1.0_s1.0,main,0.64,1.0,1.0,1.0,245,180.0,13.83,241.86,152.3
huevalue_wp0.64_g1.0_k1.0_s1.0,main,0.64,1.0,1.0,1.0,245,210.0,51.19,188.09,200.3
huevalue_wp0.64_g1.0_k1.0_s1.0,main,0.64,1.0,1.0,1.0,245,240.0,105.51,102.3,204.4
huevalue_wp0.64_g1.0_k1.0_s1.0,main,0.64,1.0,1.0,1.0,245,270.0,42.86,204.38,200.9
huevalue_wp0.64_g1.0_k1.0_s1.0,main,0.64,1.0,1.0,1.0,245,300.0,19.77,235.33,7.9
huevalue_wp0.64_g1.0_k1.0_s1.0,main,0.64,1.0,1.0,1.0,245,330.0,180.76,135.79,11.5
huevalue_wp0.64_g1.0_k1.5_s1.0,main,0.64,1.0,1.5,1.0,40,0.0,3.03,208.3,
huevalue_wp0.64_g1.0_k1.5_s1.0,main,0.64,1.0,1.5,1.0,40,30.0,4.2,57.99,
huevalue_wp0.64_g1.0_k1.5_s1.0,main,0.64,1.0,1.5,1.0,40,60.0,7.21,54.36,
huevalue_wp0.64_g1.0_k1.5_s1.0,main,0.64,1.0,1.5,1.0,40,90.0,4.94,54.68,
huevalue_wp0.64_g1.0_k1.5_s1.0,main,0.64,1.0,1.5,1.0,40,120.0,1.57,29.24,
huevalue_wp0.64_g1.0_k1.5_s1.0,main,0.64,1.0,1.5,1.0,40,150.0,0.44,1.4,
huevalue_wp0.64_g1.0_k1.5_s1.0,main,0.64,1.0,1.5,1.0,40,180.0,0.99,2.23,
huevalue_wp0.64_g1.0_k1.5_s1.0,main,0.64,1.0,1.5,1.0,40,210.0,3.58,2.46,
huevalue_wp0.64_g1.0_k1.5_s1.0,main,0.64,1.0,1.5,1.0,40,240.0,24.08,16.41,228.8
huevalue_wp0.64_g1.0_k1.5_s1.0,main,0.64,1.0,1.5,1.0,40,270.0,9.07,48.74,224.6
huevalue_wp0.64_g1.0_k1.5_s1.0,main,0.64,1.0,1.5,1.0,40,300.0,3.51,53.52,
huevalue_wp0.64_g1.0_k1.5_s1.0,main,0.64,1.0,1.5,1.0,40,330.0,2.9,133.29,
huevalue_wp0.64_g1.0_k1.5_s1.0,main,0.64,1.0,1.5,1.0,81,0.0,10.15,145.88,357.8
huevalue_wp0.64_g1.0_k1.5_s1.0,main,0.64,1.0,1.5,1.0,81,30.0,36.26,69.61,5.7
huevalue_wp0.64_g1.0_k1.5_s1.0,main,0.64,1.0,1.5,1.0,81,60.0,25.36,64.93,27.6
huevalue_wp0.64_g1.0_k1.5_s1.0,main,0.64,1.0,1.5,1.0,81,90.0,8.57,43.94,54.1
huevalue_wp0.64_g1.0_k1.5_s1.0,main,0.64,1.0,1.5,1.0,81,120.0,14.09,20.52,97.3
huevalue_wp0.64_g1.0_k1.5_s1.0,main,0.64,1.0,1.5,1.0,81,150.0,13.38,26.94,119.4
huevalue_wp0.64_g1.0_k1.5_s1.0,main,0.64,1.0,1.5,1.0,81,180.0,33.62,47.49,191.5
huevalue_wp0.64_g1.0_k1.5_s1.0,main,0.64,1.0,1.5,1.0,81,210.0,51.59,56.61,205.4
huevalue_wp0.64_g1.0_k1.5_s1.0,main,0.64,1.0,1.5,1.0,81,240.0,60.12,65.31,210.8
huevalue_wp0.64_g1.0_k1.5_s1.0,main,0.64,1.0,1.5,1.0,81,270.0,40.26,81.24,220.6
huevalue_wp0.64_g1.0_k1.5_s1.0,main,0.64,1.0,1.5,1.0,81,300.0,24.95,57.04,244.0
huevalue_wp0.64_g1.0_k1.5_s1.0,main,0.64,1.0,1.5,1.0,81,330.0,2.23,86.89,
huevalue_wp0.64_g1.0_k1.5_s1.0,main,0.64,1.0,1.5,1.0,122,0.0,62.8,95.95,1.6
huevalue_wp0.64_g1.0_k1.5_s1.0,main,0.64,1.0,1.5,1.0,122,30.0,72.57,80.8,23.3
huevalue_wp0.64_g1.0_k1.5_s1.0,main,0.64,1.0,1.5,1.0,122,60.0,47.27,71.68,52.0
huevalue_wp0.64_g1.0_k1.5_s1.0,main,0.64,1.0,1.5,1.0,122,90.0,38.56,47.02,89.0
huevalue_wp0.64_g1.0_k1.5_s1.0,main,0.64,1.0,1.5,1.0,122,120.0,29.2,67.74,132.4
huevalue_wp0.64_g1.0_k1.5_s1.0,main,0.64,1.0,1.5,1.0,122,150.0,27.3,82.98,145.0
huevalue_wp0.64_g1.0_k1.5_s1.0,main,0.64,1.0,1.5,1.0,122,180.0,39.82,104.45,184.8
huevalue_wp0.64_g1.0_k1.5_s1.0,main,0.64,1.0,1.5,1.0,122,210.0,60.13,110.03,205.2
huevalue_wp0.64_g1.0_k1.5_s1.0,main,0.64,1.0,1.5,1.0,122,240.0,67.62,110.75,212.0
huevalue_wp0.64_g1.0_k1.5_s1.0,main,0.64,1.0,1.5,1.0,122,270.0,38.75,116.6,229.0
huevalue_wp0.64_g1.0_k1.5_s1.0,main,0.64,1.0,1.5,1.0,122,300.0,49.2,55.55,230.0
huevalue_wp0.64_g1.0_k1.5_s1.0,main,0.64,1.0,1.5,1.0,122,330.0,24.69,46.18,349.8
huevalue_wp0.64_g1.0_k1.5_s1.0,main,0.64,1.0,1.5,1.0,163,0.0,136.34,60.1,7.6
huevalue_wp0.64_g1.0_k1.5_s1.0,main,0.64,1.0,1.5,1.0,163,30.0,103.81,74.86,27.1
huevalue_wp0.64_g1.0_k1.5_s1.0,main,0.64,1.0,1.5,1.0,163,60.0,117.57,111.17,42.9
huevalue_wp0.64_g1.0_k1.5_s1.0,main,0.64,1.0,1.5,1.0,163,90.0,74.18,100.23,58.2
huevalue_wp0.64_g1.0_k1.5_s1.0,main,0.64,1.0,1.5,1.0,163,120.0,34.07,91.71,110.9
huevalue_wp0.64_g1.0_k1.5_s1.0,main,0.64,1.0,1.5,1.0,163,150.0,29.5,124.54,98.8
huevalue_wp0.64_g1.0_k1.5_s1.0,main,0.64,1.0,1.5,1.0,163,180.0,19.33,159.43,150.4
huevalue_wp0.64_g1.0_k1.5_s1.0,main,0.64,1.0,1.5,1.0,163,210.0,55.6,145.31,207.5
huevalue_wp0.64_g1.0_k1.5_s1.0,main,0.64,1.0,1.5,1.0,163,240.0,73.14,132.08,213.9
huevalue_wp0.64_g1.0_k1.5_s1.0,main,0.64,1.0,1.5,1.0,163,270.0,45.66,150.86,222.7
huevalue_wp0.64_g1.0_k1.5_s1.0,main,0.64,1.0,1.5,1.0,163,300.0,24.8,109.74,250.5
huevalue_wp0.64_g1.0_k1.5_s1.0,main,0.64,1.0,1.5,1.0,163,330.0,55.98,32.69,333.4
huevalue_wp0.64_g1.0_k1.5_s1.0,main,0.64,1.0,1.5,1.0,204,0.0,173.79,88.7,12.3
huevalue_wp0.64_g1.0_k1.5_s1.0,main,0.64,1.0,1.5,1.0,204,30.0,157.79,133.17,29.0
huevalue_wp0.64_g1.0_k1.5_s1.0,main,0.64,1.0,1.5,1.0,204,60.0,158.07,169.26,44.0
huevalue_wp0.64_g1.0_k1.5_s1.0,main,0.64,1.0,1.5,1.0,204,90.0,116.19,146.73,50.3
huevalue_wp0.64_g1.0_k1.5_s1.0,main,0.64,1.0,1.5,1.0,204,120.0,64.51,86.98,82.1
huevalue_wp0.64_g1.0_k1.5_s1.0,main,0.64,1.0,1.5,1.0,204,150.0,48.52,131.56,84.6
huevalue_wp0.64_g1.0_k1.5_s1.0,main,0.64,1.0,1.5,1.0,204,180.0,20.9,184.67,92.4
huevalue_wp0.64_g1.0_k1.5_s1.0,main,0.64,1.0,1.5,1.0,204,210.0,66.57,152.09,202.3
huevalue_wp0.64_g1.0_k1.5_s1.0,main,0.64,1.0,1.5,1.0,204,240.0,69.03,138.11,210.9
huevalue_wp0.64_g1.0_k1.5_s1.0,main,0.64,1.0,1.5,1.0,204,270.0,46.32,187.83,210.0
huevalue_wp0.64_g1.0_k1.5_s1.0,main,0.64,1.0,1.5,1.0,204,300.0,22.25,177.35,352.7
huevalue_wp0.64_g1.0_k1.5_s1.0,main,0.64,1.0,1.5,1.0,204,330.0,95.05,112.07,5.4
huevalue_wp0.64_g1.0_k1.5_s1.0,main,0.64,1.0,1.5,1.0,245,0.0,184.35,120.85,10.3
huevalue_wp0.64_g1.0_k1.5_s1.0,main,0.64,1.0,1.5,1.0,245,30.0,163.29,171.95,29.1
huevalue_wp0.64_g1.0_k1.5_s1.0,main,0.64,1.0,1.5,1.0,245,60.0,136.35,202.97,52.3
huevalue_wp0.64_g1.0_k1.5_s1.0,main,0.64,1.0,1.5,1.0,245,90.0,125.5,190.53,48.6
huevalue_wp0.64_g1.0_k1.5_s1.0,main,0.64,1.0,1.5,1.0,245,120.0,63.25,143.74,61.0
huevalue_wp0.64_g1.0_k1.5_s1.0,main,0.64,1.0,1.5,1.0,245,150.0,37.97,196.0,61.1
huevalue_wp0.64_g1.0_k1.5_s1.0,main,0.64,1.0,1.5,1.0,245,180.0,9.42,244.93,122.2
huevalue_wp0.64_g1.0_k1.5_s1.0,main,0.64,1.0,1.5,1.0,245,210.0,38.7,211.36,201.5
huevalue_wp0.64_g1.0_k1.5_s1.0,main,0.64,1.0,1.5,1.0,245,240.0,73.8,137.87,204.8
huevalue_wp0.64_g1.0_k1.5_s1.0,main,0.64,1.0,1.5,1.0,245,270.0,37.43,216.53,203.4
huevalue_wp0.64_g1.0_k1.5_s1.0,main,0.64,1.0,1.5,1.0,245,300.0,18.1,236.07,2.5
huevalue_wp0.64_g1.0_k1.5_s1.0,main,0.64,1.0,1.5,1.0,245,330.0,134.96,165.3,10.5
huevalue_wp0.64_g1.0_k2.0_s1.0,main,0.64,1.0,2.0,1.0,40,0.0,3.21,78.73,
huevalue_wp0.64_g1.0_k2.0_s1.0,main,0.64,1.0,2.0,1.0,40,30.0,1.16,13.87,
huevalue_wp0.64_g1.0_k2.0_s1.0,main,0.64,1.0,2.0,1.0,40,60.0,0.89,8.58,
huevalue_wp0.64_g1.0_k2.0_s1.0,main,0.64,1.0,2.0,1.0,40,90.0,1.67,28.23,
huevalue_wp0.64_g1.0_k2.0_s1.0,main,0.64,1.0,2.0,1.0,40,120.0,1.54,61.54,
huevalue_wp0.64_g1.0_k2.0_s1.0,main,0.64,1.0,2.0,1.0,40,150.0,1.2,59.27,
huevalue_wp0.64_g1.0_k2.0_s1.0,main,0.64,1.0,2.0,1.0,40,180.0,3.37,56.63,
huevalue_wp0.64_g1.0_k2.0_s1.0,main,0.64,1.0,2.0,1.0,40,210.0,22.94,25.9,231.3
huevalue_wp0.64_g1.0_k2.0_s1.0,main,0.64,1.0,2.0,1.0,40,240.0,11.91,22.28,222.2
huevalue_wp0.64_g1.0_k2.0_s1.0,main,0.64,1.0,2.0,1.0,40,270.0,2.9,67.09,
huevalue_wp0.64_g1.0_k2.0_s1.0,main,0.64,1.0,2.0,1.0,40,300.0,3.05,152.22,
huevalue_wp0.64_g1.0_k2.0_s1.0,main,0.64,1.0,2.0,1.0,40,330.0,4.27,246.31,
huevalue_wp0.64_g1.0_k2.0_s1.0,main,0.64,1.0,2.0,1.0,81,0.0,21.91,12.01,0.2
huevalue_wp0.64_g1.0_k2.0_s1.0,main,0.64,1.0,2.0,1.0,81,30.0,41.43,16.07,8.8
huevalue_wp0.64_g1.0_k2.0_s1.0,main,0.64,1.0,2.0,1.0,81,60.0,21.1,11.25,19.1
huevalue_wp0.64_g1.0_k2.0_s1.0,main,0.64,1.0,2.0,1.0,81,90.0,13.14,58.05,36.5
huevalue_wp0.64_g1.0_k2.0_s1.0,main,0.64,1.0,2.0,1.0,81,120.0,11.13,74.62,95.4
huevalue_wp0.64_g1.0_k2.0_s1.0,main,0.64,1.0,2.0,1.0,81,150.0,21.71,89.92,184.8
huevalue_wp0.64_g1.0_k2.0_s1.0,main,0.64,1.0,2.0,1.0,81,180.0,36.04,86.43,202.5
huevalue_wp0.64_g1.0_k2.0_s1.0,main,0.64,1.0,2.0,1.0,81,210.0,51.91,67.71,209.1
huevalue_wp0.64_g1.0_k2.0_s1.0,main,0.64,1.0,2.0,1.0,81,240.0,37.01,71.2,224.3
huevalue_wp0.64_g1.0_k2.0_s1.0,main,0.64,1.0,2.0,1.0,81,270.0,26.89,46.1,242.4
huevalue_wp0.64_g1.0_k2.0_s1.0,main,0.64,1.0,2.0,1.0,81,300.0,2.85,97.35,
huevalue_wp0.64_g1.0_k2.0_s1.0,main,0.64,1.0,2.0,1.0,81,330.0,4.19,248.11,
huevalue_wp0.64_g1.0_k2.0_s1.0,main,0.64,1.0,2.0,1.0,122,0.0,75.51,33.58,10.0
huevalue_wp0.64_g1.0_k2.0_s1.0,main,0.64,1.0,2.0,1.0,122,30.0,76.12,47.18,32.7
huevalue_wp0.64_g1.0_k2.0_s1.0,main,0.64,1.0,2.0,1.0,122,60.0,52.05,81.6,52.5
huevalue_wp0.64_g1.0_k2.0_s1.0,main,0.64,1.0,2.0,1.0,122,90.0,28.87,96.54,80.8
huevalue_wp0.64_g1.0_k2.0_s1.0,main,0.64,1.0,2.0,1.0,122,120.0,21.51,119.62,138.3
huevalue_wp0.64_g1.0_k2.0_s1.0,main,0.64,1.0,2.0,1.0,122,150.0,29.49,133.92,180.9
huevalue_wp0.64_g1.0_k2.0_s1.0,main,0.64,1.0,2.0,1.0,122,180.0,48.18,127.44,201.1
huevalue_wp0.64_g1.0_k2.0_s1.0,main,0.64,1.0,2.0,1.0,122,210.0,57.79,113.37,212.4
huevalue_wp0.64_g1.0_k2.0_s1.0,main,0.64,1.0,2.0,1.0,122,240.0,30.93,118.68,235.7
huevalue_wp0.64_g1.0_k2.0_s1.0,main,0.64,1.0,2.0,1.0,122,270.0,46.74,54.14,234.0
huevalue_wp0.64_g1.0_k2.0_s1.0,main,0.64,1.0,2.0,1.0,122,300.0,20.89,56.19,341.4
huevalue_wp0.64_g1.0_k2.0_s1.0,main,0.64,1.0,2.0,1.0,122,330.0,5.05,249.02,
huevalue_wp0.64_g1.0_k2.0_s1.0,main,0.64,1.0,2.0,1.0,163,0.0,85.7,82.54,21.9
huevalue_wp0.64_g1.0_k2.0_s1.0,main,0.64,1.0,2.0,1.0,163,30.0,89.97,118.86,34.6
huevalue_wp0.64_g1.0_k2.0_s1.0,main,0.64,1.0,2.0,1.0,163,60.0,83.13,140.98,46.4
huevalue_wp0.64_g1.0_k2.0_s1.0,main,0.64,1.0,2.0,1.0,163,90.0,47.48,139.42,62.6
huevalue_wp0.64_g1.0_k2.0_s1.0,main,0.64,1.0,2.0,1.0,163,120.0,25.11,153.25,96.6
huevalue_wp0.64_g1.0_k2.0_s1.0,main,0.64,1.0,2.0,1.0,163,150.0,18.49,174.07,148.6
huevalue_wp0.64_g1.0_k2.0_s1.0,main,0.64,1.0,2.0,1.0,163,180.0,39.88,157.95,199.7
huevalue_wp0.64_g1.0_k2.0_s1.0,main,0.64,1.0,2.0,1.0,163,210.0,65.95,142.25,212.9
huevalue_wp0.64_g1.0_k2.0_s1.0,main,0.64,1.0,2.0,1.0,163,240.0,36.91,151.7,228.3
huevalue_wp0.64_g1.0_k2.0_s1.0,main,0.64,1.0,2.0,1.0,163,270.0,24.96,115.6,244.5
huevalue_wp0.64_g1.0_k2.0_s1.0,main,0.64,1.0,2.0,1.0,163,300.0,39.0,55.78,345.7
huevalue_wp0.64_g1.0_k2.0_s1.0,main,0.64,1.0,2.0,1.0,163,330.0,6.7,249.58,
huevalue_wp0.64_g1.0_k2.0_s1.0,main,0.64,1.0,2.0,1.0,204,0.0,95.1,154.34,18.8
huevalue_wp0.64_g1.0_k2.0_s1.0,main,0.64,1.0,2.0,1.0,204,30.0,98.75,180.18,35.0
huevalue_wp0.64_g1.0_k2.0_s1.0,main,0.64,1.0,2.0,1.0,204,60.0,88.83,191.6,46.7
huevalue_wp0.64_g1.0_k2.0_s1.0,main,0.64,1.0,2.0,1.0,204,90.0,54.93,164.6,61.4
huevalue_wp0.64_g1.0_k2.0_s1.0,main,0.64,1.0,2.0,1.0,204,120.0,40.4,168.83,71.6
huevalue_wp0.64_g1.0_k2.0_s1.0,main,0.64,1.0,2.0,1.0,204,150.0,23.54,193.25,86.9
huevalue_wp0.64_g1.0_k2.0_s1.0,main,0.64,1.0,2.0,1.0,204,180.0,52.34,162.43,201.0
huevalue_wp0.64_g1.0_k2.0_s1.0,main,0.64,1.0,2.0,1.0,204,210.0,61.04,146.34,208.2
huevalue_wp0.64_g1.0_k2.0_s1.0,main,0.64,1.0,2.0,1.0,204,240.0,40.8,196.36,201.5
huevalue_wp0.64_g1.0_k2.0_s1.0,main,0.64,1.0,2.0,1.0,204,270.0,20.89,181.19,352.4
huevalue_wp0.64_g1.0_k2.0_s1.0,main,0.64,1.0,2.0,1.0,204,300.0,69.61,127.72,5.4
huevalue_wp0.64_g1.0_k2.0_s1.0,main,0.64,1.0,2.0,1.0,204,330.0,3.95,249.97,
huevalue_wp0.64_g1.0_k2.0_s1.0,main,0.64,1.0,2.0,1.0,245,0.0,91.31,190.84,20.2
huevalue_wp0.64_g1.0_k2.0_s1.0,main,0.64,1.0,2.0,1.0,245,30.0,83.34,215.89,43.0
huevalue_wp0.64_g1.0_k2.0_s1.0,main,0.64,1.0,2.0,1.0,245,60.0,77.82,221.46,51.9
huevalue_wp0.64_g1.0_k2.0_s1.0,main,0.64,1.0,2.0,1.0,245,90.0,52.16,211.17,53.4
huevalue_wp0.64_g1.0_k2.0_s1.0,main,0.64,1.0,2.0,1.0,245,120.0,33.08,220.0,62.8
huevalue_wp0.64_g1.0_k2.0_s1.0,main,0.64,1.0,2.0,1.0,245,150.0,11.49,243.78,102.1
huevalue_wp0.64_g1.0_k2.0_s1.0,main,0.64,1.0,2.0,1.0,245,180.0,29.23,231.19,196.6
huevalue_wp0.64_g1.0_k2.0_s1.0,main,0.64,1.0,2.0,1.0,245,210.0,53.74,150.27,199.7
huevalue_wp0.64_g1.0_k2.0_s1.0,main,0.64,1.0,2.0,1.0,245,240.0,34.94,225.33,200.4
huevalue_wp0.64_g1.0_k2.0_s1.0,main,0.64,1.0,2.0,1.0,245,270.0,15.89,237.79,7.6
huevalue_wp0.64_g1.0_k2.0_s1.0,main,0.64,1.0,2.0,1.0,245,300.0,126.51,164.04,12.0
huevalue_wp0.64_g1.0_k2.0_s1.0,main,0.64,1.0,2.0,1.0,245,330.0,4.37,247.96,
huevalue_wp0.75_g1.0_k1.0_s1.0,main,0.75,1.0,1.0,1.0,40,0.0,2.29,72.93,
huevalue_wp0.75_g1.0_k1.0_s1.0,main,0.75,1.0,1.0,1.0,40,30.0,4.78,12.34,
huevalue_wp0.75_g1.0_k1.0_s1.0,main,0.75,1.0,1.0,1.0,40,60.0,0.08,0.03,
huevalue_wp0.75_g1.0_k1.0_s1.0,main,0.75,1.0,1.0,1.0,40,90.0,0.6,1.36,
huevalue_wp0.75_g1.0_k1.0_s1.0,main,0.75,1.0,1.0,1.0,40,120.0,3.97,52.99,
huevalue_wp0.75_g1.0_k1.0_s1.0,main,0.75,1.0,1.0,1.0,40,150.0,0.37,53.39,
huevalue_wp0.75_g1.0_k1.0_s1.0,main,0.75,1.0,1.0,1.0,40,180.0,5.92,56.31,
huevalue_wp0.75_g1.0_k1.0_s1.0,main,0.75,1.0,1.0,1.0,40,210.0,26.23,33.92,229.0
huevalue_wp0.75_g1.0_k1.0_s1.0,main,0.75,1.0,1.0,1.0,40,240.0,16.44,6.61,234.6
huevalue_wp0.75_g1.0_k1.0_s1.0,main,0.75,1.0,1.0,1.0,40,270.0,3.1,4.96,
huevalue_wp0.75_g1.0_k1.0_s1.0,main,0.75,1.0,1.0,1.0,40,300.0,0.58,67.06,
huevalue_wp0.75_g1.0_k1.0_s1.0,main,0.75,1.0,1.0,1.0,40,330.0,5.4,243.52,
huevalue_wp0.75_g1.0_k1.0_s1.0,main,0.75,1.0,1.0,1.0,81,0.0,50.05,21.24,0.6
huevalue_wp0.75_g1.0_k1.0_s1.0,main,0.75,1.0,1.0,1.0,81,30.0,57.46,20.68,4.1
huevalue_wp0.75_g1.0_k1.0_s1.0,main,0.75,1.0,1.0,1.0,81,60.0,31.12,16.43,35.5
huevalue_wp0.75_g1.0_k1.0_s1.0,main,0.75,1.0,1.0,1.0,81,90.0,21.39,41.17,107.8
huevalue_wp0.75_g1.0_k1.0_s1.0,main,0.75,1.0,1.0,1.0,81,120.0,19.16,80.39,119.6
huevalue_wp0.75_g1.0_k1.0_s1.0,main,0.75,1.0,1.0,1.0,81,150.0,24.96,95.0,161.3
huevalue_wp0.75_g1.0_k1.0_s1.0,main,0.75,1.0,1.0,1.0,81,180.0,51.86,105.03,203.9
huevalue_wp0.75_g1.0_k1.0_s1.0,main,0.75,1.0,1.0,1.0,81,210.0,62.99,92.35,209.1
huevalue_wp0.75_g1.0_k1.0_s1.0,main,0.75,1.0,1.0,1.0,81,240.0,64.19,77.52,212.7
huevalue_wp0.75_g1.0_k1.0_s1.0,main,0.75,1.0,1.0,1.0,81,270.0,39.17,32.65,240.1
huevalue_wp0.75_g1.0_k1.0_s1.0,main,0.75,1.0,1.0,1.0,81,300.0,20.82,21.29,1.9
huevalue_wp0.75_g1.0_k1.0_s1.0,main,0.75,1.0,1.0,1.0,81,330.0,1.88,246.61,
huevalue_wp0.75_g1.0_k1.0_s1.0,main,0.75,1.0,1.0,1.0,122,0.0,122.58,40.86,0.0
huevalue_wp0.75_g1.0_k1.0_s1.0,main,0.75,1.0,1.0,1.0,122,30.0,111.11,51.24,21.5
huevalue_wp0.75_g1.0_k1.0_s1.0,main,0.75,1.0,1.0,1.0,122,60.0,74.04,84.9,50.9
huevalue_wp0.75_g1.0_k1.0_s1.0,main,0.75,1.0,1.0,1.0,122,90.0,37.43,102.34,112.9
huevalue_wp0.75_g1.0_k1.0_s1.0,main,0.75,1.0,1.0,1.0,122,120.0,34.39,123.21,142.7
huevalue_wp0.75_g1.0_k1.0_s1.0,main,0.75,1.0,1.0,1.0,122,150.0,26.59,146.5,157.9
huevalue_wp0.75_g1.0_k1.0_s1.0,main,0.75,1.0,1.0,1.0,122,180.0,55.93,149.06,204.2
huevalue_wp0.75_g1.0_k1.0_s1.0,main,0.75,1.0,1.0,1.0,122,210.0,72.08,136.64,209.9
huevalue_wp0.75_g1.0_k1.0_s1.0,main,0.75,1.0,1.0,1.0,122,240.0,61.89,124.86,216.4
huevalue_wp0.75_g1.0_k1.0_s1.0,main,0.75,1.0,1.0,1.0,122,270.0,41.89,80.25,236.2
huevalue_wp0.75_g1.0_k1.0_s1.0,main,0.75,1.0,1.0,1.0,122,300.0,70.72,23.62,359.9
huevalue_wp0.75_g1.0_k1.0_s1.0,main,0.75,1.0,1.0,1.0,122,330.0,5.78,248.68,
huevalue_wp0.75_g1.0_k1.0_s1.0,main,0.75,1.0,1.0,1.0,163,0.0,166.66,60.59,0.9
huevalue_wp0.75_g1.0_k1.0_s1.0,main,0.75,1.0,1.0,1.0,163,30.0,144.49,110.59,26.5
huevalue_wp0.75_g1.0_k1.0_s1.0,main,0.75,1.0,1.0,1.0,163,60.0,124.6,168.48,44.7
huevalue_wp0.75_g1.0_k1.0_s1.0,main,0.75,1.0,1.0,1.0,163,90.0,57.54,144.38,67.6
huevalue_wp0.75_g1.0_k1.0_s1.0,main,0.75,1.0,1.0,1.0,163,120.0,22.14,143.73,123.3
huevalue_wp0.75_g1.0_k1.0_s1.0,main,0.75,1.0,1.0,1.0,163,150.0,16.14,189.0,124.5
huevalue_wp0.75_g1.0_k1.0_s1.0,main,0.75,1.0,1.0,1.0,163,180.0,43.36,179.98,205.0
huevalue_wp0.75_g1.0_k1.0_s1.0,main,0.75,1.0,1.0,1.0,163,210.0,64.7,153.03,211.1
huevalue_wp0.75_g1.0_k1.0_s1.0,main,0.75,1.0,1.0,1.0,163,240.0,54.05,171.78,212.4
huevalue_wp0.75_g1.0_k1.0_s1.0,main,0.75,1.0,1.0,1.0,163,270.0,13.37,166.66,320.2
huevalue_wp0.75_g1.0_k1.0_s1.0,main,0.75,1.0,1.0,1.0,163,300.0,118.84,57.6,0.6
huevalue_wp0.75_g1.0_k1.0_s1.0,main,0.75,1.0,1.0,1.0,163,330.0,5.76,250.44,
huevalue_wp0.75_g1.0_k1.0_s1.0,main,0.75,1.0,1.0,1.0,204,0.0,171.77,119.09,6.7
huevalue_wp0.75_g1.0_k1.0_s1.0,main,0.75,1.0,1.0,1.0,204,30.0,154.39,175.05,33.0
huevalue_wp0.75_g1.0_k1.0_s1.0,main,0.75,1.0,1.0,1.0,204,60.0,129.54,197.18,52.5
huevalue_wp0.75_g1.0_k1.0_s1.0,main,0.75,1.0,1.0,1.0,204,90.0,75.37,146.68,58.8
huevalue_wp0.75_g1.0_k1.0_s1.0,main,0.75,1.0,1.0,1.0,204,120.0,44.52,144.14,83.5
huevalue_wp0.75_g1.0_k1.0_s1.0,main,0.75,1.0,1.0,1.0,204,150.0,20.49,213.17,78.7
huevalue_wp0.75_g1.0_k1.0_s1.0,main,0.75,1.0,1.0,1.0,204,180.0,39.67,184.58,197.5
huevalue_wp0.75_g1.0_k1.0_s1.0,main,0.75,1.0,1.0,1.0,204,210.0,66.83,144.67,206.4
huevalue_wp0.75_g1.0_k1.0_s1.0,main,0.75,1.0,1.0,1.0,204,240.0,40.65,204.52,201.1
huevalue_wp0.75_g1.0_k1.0_s1.0,main,0.75,1.0,1.0,1.0,204,270.0,21.23,229.73,3.2
huevalue_wp0.75_g1.0_k1.0_s1.0,main,0.75,1.0,1.0,1.0,204,300.0,168.53,134.15,11.3
huevalue_wp0.75_g1.0_k1.0_s1.0,main,0.75,1.0,1.0,1.0,204,330.0,5.98,251.15,
huevalue_wp0.75_g1.0_k1.0_s1.0,main,0.75,1.0,1.0,1.0,245,0.0,144.96,162.54,20.0
huevalue_wp0.75_g1.0_k1.0_s1.0,main,0.75,1.0,1.0,1.0,245,30.0,125.73,203.29,47.1
huevalue_wp0.75_g1.0_k1.0_s1.0,main,0.75,1.0,1.0,1.0,245,60.0,115.05,211.7,54.7
huevalue_wp0.75_g1.0_k1.0_s1.0,main,0.75,1.0,1.0,1.0,245,90.0,66.0,184.21,54.5
huevalue_wp0.75_g1.0_k1.0_s1.0,main,0.75,1.0,1.0,1.0,245,120.0,32.38,200.75,70.0
huevalue_wp0.75_g1.0_k1.0_s1.0,main,0.75,1.0,1.0,1.0,245,150.0,6.95,246.69,
huevalue_wp0.75_g1.0_k1.0_s1.0,main,0.75,1.0,1.0,1.0,245,180.0,23.51,238.88,196.7
huevalue_wp0.75_g1.0_k1.0_s1.0,main,0.75,1.0,1.0,1.0,245,210.0,79.0,135.58,200.9
huevalue_wp0.75_g1.0_k1.0_s1.0,main,0.75,1.0,1.0,1.0,245,240.0,34.36,231.02,199.1
huevalue_wp0.75_g1.0_k1.0_s1.0,main,0.75,1.0,1.0,1.0,245,270.0,0.24,254.92,
huevalue_wp0.75_g1.0_k1.0_s1.0,main,0.75,1.0,1.0,1.0,245,300.0,101.87,182.71,11.0
huevalue_wp0.75_g1.0_k1.0_s1.0,main,0.75,1.0,1.0,1.0,245,330.0,2.82,250.29,
huevalue_wp0.75_g1.0_k1.5_s1.0,main,0.75,1.0,1.5,1.0,40,0.0,2.96,85.37,
huevalue_wp0.75_g1.0_k1.5_s1.0,main,0.75,1.0,1.5,1.0,40,30.0,2.07,20.05,
huevalue_wp0.75_g1.0_k1.5_s1.0,main,0.75,1.0,1.5,1.0,40,60.0,0.72,1.54,
huevalue_wp0.75_g1.0_k1.5_s1.0,main,0.75,1.0,1.5,1.0,40,90.0,0.75,1.34,
huevalue_wp0.75_g1.0_k1.5_s1.0,main,0.75,1.0,1.5,1.0,40,120.0,1.94,52.8,
huevalue_wp0.75_g1.0_k1.5_s1.0,main,0.75,1.0,1.5,1.0,40,150.0,2.32,53.75,
huevalue_wp0.75_g1.0_k1.5_s1.0,main,0.75,1.0,1.5,1.0,40,180.0,5.98,55.7,
huevalue_wp0.75_g1.0_k1.5_s1.0,main,0.75,1.0,1.5,1.0,40,210.0,28.78,34.24,232.8
huevalue_wp0.75_g1.0_k1.5_s1.0,main,0.75,1.0,1.5,1.0,40,240.0,11.01,3.82,238.0
huevalue_wp0.75_g1.0_k1.5_s1.0,main,0.75,1.0,1.5,1.0,40,270.0,3.7,4.39,
huevalue_wp0.75_g1.0_k1.5_s1.0,main,0.75,1.0,1.5,1.0,40,300.0,3.94,63.68,
huevalue_wp0.75_g1.0_k1.5_s1.0,main,0.75,1.0,1.5,1.0,40,330.0,5.61,243.53,
huevalue_wp0.75_g1.0_k1.5_s1.0,main,0.75,1.0,1.5,1.0,81,0.0,44.86,24.16,1.0
huevalue_wp0.75_g1.0_k1.5_s1.0,main,0.75,1.0,1.5,1.0,81,30.0,51.26,20.32,10.2
huevalue_wp0.75_g1.0_k1.5_s1.0,main,0.75,1.0,1.5,1.0,81,60.0,28.06,15.63,41.2
huevalue_wp0.75_g1.0_k1.5_s1.0,main,0.75,1.0,1.5,1.0,81,90.0,17.87,40.51,93.8
huevalue_wp0.75_g1.0_k1.5_s1.0,main,0.75,1.0,1.5,1.0,81,120.0,20.72,79.44,118.7
huevalue_wp0.75_g1.0_k1.5_s1.0,main,0.75,1.0,1.5,1.0,81,150.0,28.67,94.35,167.2
huevalue_wp0.75_g1.0_k1.5_s1.0,main,0.75,1.0,1.5,1.0,81,180.0,48.13,106.37,199.1
huevalue_wp0.75_g1.0_k1.5_s1.0,main,0.75,1.0,1.5,1.0,81,210.0,62.74,91.56,207.6
huevalue_wp0.75_g1.0_k1.5_s1.0,main,0.75,1.0,1.5,1.0,81,240.0,53.79,78.29,216.9
huevalue_wp0.75_g1.0_k1.5_s1.0,main,0.75,1.0,1.5,1.0,81,270.0,42.97,32.49,232.6
huevalue_wp0.75_g1.0_k1.5_s1.0,main,0.75,1.0,1.5,1.0,81,300.0,8.83,21.07,358.3
huevalue_wp0.75_g1.0_k1.5_s1.0,main,0.75,1.0,1.5,1.0,81,330.0,2.5,246.32,
huevalue_wp0.75_g1.0_k1.5_s1.0,main,0.75,1.0,1.5,1.0,122,0.0,110.25,39.16,3.4
huevalue_wp0.75_g1.0_k1.5_s1.0,main,0.75,1.0,1.5,1.0,122,30.0,98.82,53.35,30.1
huevalue_wp0.75_g1.0_k1.5_s1.0,main,0.75,1.0,1.5,1.0,122,60.0,75.68,83.92,50.9
huevalue_wp0.75_g1.0_k1.5_s1.0,main,0.75,1.0,1.5,1.0,122,90.0,40.12,105.6,90.5
huevalue_wp0.75_g1.0_k1.5_s1.0,main,0.75,1.0,1.5,1.0,122,120.0,32.03,123.25,143.3
huevalue_wp0.75_g1.0_k1.5_s1.0,main,0.75,1.0,1.5,1.0,122,150.0,27.91,148.82,159.7
huevalue_wp0.75_g1.0_k1.5_s1.0,main,0.75,1.0,1.5,1.0,122,180.0,48.02,152.79,200.8
huevalue_wp0.75_g1.0_k1.5_s1.0,main,0.75,1.0,1.5,1.0,122,210.0,72.05,134.4,209.5
huevalue_wp0.75_g1.0_k1.5_s1.0,main,0.75,1.0,1.5,1.0,122,240.0,53.13,123.76,218.9
huevalue_wp0.75_g1.0_k1.5_s1.0,main,0.75,1.0,1.5,1.0,122,270.0,45.72,81.29,229.3
huevalue_wp0.75_g1.0_k1.5_s1.0,main,0.75,1.0,1.5,1.0,122,300.0,49.5,21.5,343.8
huevalue_wp0.75_g1.0_k1.5_s1.0,main,0.75,1.0,1.5,1.0,122,330.0,3.99,248.0,
huevalue_wp0.75_g1.0_k1.5_s1.0,main,0.75,1.0,1.5,1.0,163,0.0,151.13,73.78,14.9
huevalue_wp0.75_g1.0_k1.5_s1.0,main,0.75,1.0,1.5,1.0,163,30.0,137.13,130.2,31.5
huevalue_wp0.75_g1.0_k1.5_s1.0,main,0.75,1.0,1.5,1.0,163,60.0,118.13,170.44,44.4
huevalue_wp0.75_g1.0_k1.5_s1.0,main,0.75,1.0,1.5,1.0,163,90.0,62.24,160.46,58.6
huevalue_wp0.75_g1.0_k1.5_s1.0,main,0.75,1.0,1.5,1.0,163,120.0,30.89,162.54,84.4
huevalue_wp0.75_g1.0_k1.5_s1.0,main,0.75,1.0,1.5,1.0,163,150.0,17.34,195.48,116.5
huevalue_wp0.75_g1.0_k1.5_s1.0,main,0.75,1.0,1.5,1.0,163,180.0,37.67,187.64,201.6
huevalue_wp0.75_g1.0_k1.5_s1.0,main,0.75,1.0,1.5,1.0,163,210.0,58.65,162.29,209.3
huevalue_wp0.75_g1.0_k1.5_s1.0,main,0.75,1.0,1.5,1.0,163,240.0,49.06,177.21,210.8
huevalue_wp0.75_g1.0_k1.5_s1.0,main,0.75,1.0,1.5,1.0,163,270.0,10.86,164.66,308.2
huevalue_wp0.75_g1.0_k1.5_s1.0,main,0.75,1.0,1.5,1.0,163,300.0,72.02,86.4,357.4
huevalue_wp0.75_g1.0_k1.5_s1.0,main,0.75,1.0,1.5,1.0,163,330.0,4.62,250.29,
huevalue_wp0.75_g1.0_k1.5_s1.0,main,0.75,1.0,1.5,1.0,204,0.0,135.25,152.11,12.3
huevalue_wp0.75_g1.0_k1.5_s1.0,main,0.75,1.0,1.5,1.0,204,30.0,120.21,191.23,32.6
huevalue_wp0.75_g1.0_k1.5_s1.0,main,0.75,1.0,1.5,1.0,204,60.0,102.1,210.3,51.5
huevalue_wp0.75_g1.0_k1.5_s1.0,main,0.75,1.0,1.5,1.0,204,90.0,69.6,179.38,54.1
huevalue_wp0.75_g1.0_k1.5_s1.0,main,0.75,1.0,1.5,1.0,204,120.0,40.29,179.09,65.9
huevalue_wp0.75_g1.0_k1.5_s1.0,main,0.75,1.0,1.5,1.0,204,150.0,18.65,220.31,74.5
huevalue_wp0.75_g1.0_k1.5_s1.0,main,0.75,1.0,1.5,1.0,204,180.0,32.01,193.16,198.1
huevalue_wp0.75_g1.0_k1.5_s1.0,main,0.75,1.0,1.5,1.0,204,210.0,52.99,162.56,205.9
huevalue_wp0.75_g1.0_k1.5_s1.0,main,0.75,1.0,1.5,1.0,204,240.0,36.56,213.15,202.1
huevalue_wp0.75_g1.0_k1.5_s1.0,main,0.75,1.0,1.5,1.0,204,270.0,21.88,228.01,5.7
huevalue_wp0.75_g1.0_k1.5_s1.0,main,0.75,1.0,1.5,1.0,204,300.0,119.4,158.98,11.4
huevalue_wp0.75_g1.0_k1.5_s1.0,main,0.75,1.0,1.5,1.0,204,330.0,3.34,251.07,
huevalue_wp0.75_g1.0_k1.5_s1.0,main,0.75,1.0,1.5,1.0,245,0.0,94.65,193.84,23.3
huevalue_wp0.75_g1.0_k1.5_s1.0,main,0.75,1.0,1.5,1.0,245,30.0,85.29,220.92,49.3
huevalue_wp0.75_g1.0_k1.5_s1.0,main,0.75,1.0,1.5,1.0,245,60.0,78.73,226.77,56.1
huevalue_wp0.75_g1.0_k1.5_s1.0,main,0.75,1.0,1.5,1.0,245,90.0,55.76,215.74,53.1
huevalue_wp0.75_g1.0_k1.5_s1.0,main,0.75,1.0,1.5,1.0,245,120.0,24.61,227.61,61.1
huevalue_wp0.75_g1.0_k1.5_s1.0,main,0.75,1.0,1.5,1.0,245,150.0,8.99,248.75,137.9
huevalue_wp0.75_g1.0_k1.5_s1.0,main,0.75,1.0,1.5,1.0,245,180.0,15.19,249.06,183.5
huevalue_wp0.75_g1.0_k1.5_s1.0,main,0.75,1.0,1.5,1.0,245,210.0,45.35,166.68,197.3
huevalue_wp0.75_g1.0_k1.5_s1.0,main,0.75,1.0,1.5,1.0,245,240.0,24.91,242.57,191.3
huevalue_wp0.75_g1.0_k1.5_s1.0,main,0.75,1.0,1.5,1.0,245,270.0,0.3,254.9,
huevalue_wp0.75_g1.0_k1.5_s1.0,main,0.75,1.0,1.5,1.0,245,300.0,67.75,205.48,10.3
huevalue_wp0.75_g1.0_k1.5_s1.0,main,0.75,1.0,1.5,1.0,245,330.0,1.14,250.16,
huevalue_wp0.75_g1.0_k2.0_s1.0,main,0.75,1.0,2.0,1.0,40,0.0,3.63,80.29,
huevalue_wp0.75_g1.0_k2.0_s1.0,main,0.75,1.0,2.0,1.0,40,30.0,1.87,14.78,
huevalue_wp0.75_g1.0_k2.0_s1.0,main,0.75,1.0,2.0,1.0,40,60.0,0.65,1.06,
huevalue_wp0.75_g1.0_k2.0_s1.0,main,0.75,1.0,2.0,1.0,40,90.0,1.42,4.98,
huevalue_wp0.75_g1.0_k2.0_s1.0,main,0.75,1.0,2.0,1.0,40,120.0,2.08,54.16,
huevalue_wp0.75_g1.0_k2.0_s1.0,main,0.75,1.0,2.0,1.0,40,150.0,2.47,53.14,
huevalue_wp0.75_g1.0_k2.0_s1.0,main,0.75,1.0,2.0,1.0,40,180.0,5.57,56.09,
huevalue_wp0.75_g1.0_k2.0_s1.0,main,0.75,1.0,2.0,1.0,40,210.0,25.61,19.39,229.5
huevalue_wp0.75_g1.0_k2.0_s1.0,main,0.75,1.0,2.0,1.0,40,240.0,8.85,3.17,236.8
huevalue_wp0.75_g1.0_k2.0_s1.0,main,0.75,1.0,2.0,1.0,40,270.0,5.62,14.78,
huevalue_wp0.75_g1.0_k2.0_s1.0,main,0.75,1.0,2.0,1.0,40,300.0,4.05,84.88,
huevalue_wp0.75_g1.0_k2.0_s1.0,main,0.75,1.0,2.0,1.0,40,330.0,5.69,244.12,
huevalue_wp0.75_g1.0_k2.0_s1.0,main,0.75,1.0,2.0,1.0,81,0.0,39.04,17.61,1.7
huevalue_wp0.75_g1.0_k2.0_s1.0,main,0.75,1.0,2.0,1.0,81,30.0,49.84,22.26,19.5
huevalue_wp0.75_g1.0_k2.0_s1.0,main,0.75,1.0,2.0,1.0,81,60.0,28.33,15.59,38.5
huevalue_wp0.75_g1.0_k2.0_s1.0,main,0.75,1.0,2.0,1.0,81,90.0,17.32,52.3,72.3
huevalue_wp0.75_g1.0_k2.0_s1.0,main,0.75,1.0,2.0,1.0,81,120.0,18.03,81.35,118.4
huevalue_wp0.75_g1.0_k2.0_s1.0,main,0.75,1.0,2.0,1.0,81,150.0,30.63,97.8,175.4
huevalue_wp0.75_g1.0_k2.0_s1.0,main,0.75,1.0,2.0,1.0,81,180.0,48.13,106.88,196.5
huevalue_wp0.75_g1.0_k2.0_s1.0,main,0.75,1.0,2.0,1.0,81,210.0,58.66,80.52,206.1
huevalue_wp0.75_g1.0_k2.0_s1.0,main,0.75,1.0,2.0,1.0,81,240.0,42.63,79.12,220.3
huevalue_wp0.75_g1.0_k2.0_s1.0,main,0.75,1.0,2.0,1.0,81,270.0,43.07,30.41,233.9
huevalue_wp0.75_g1.0_k2.0_s1.0,main,0.75,1.0,2.0,1.0,81,300.0,5.21,41.14,
huevalue_wp0.75_g1.0_k2.0_s1.0,main,0.75,1.0,2.0,1.0,81,330.0,3.7,247.42,
huevalue_wp0.75_g1.0_k2.0_s1.0,main,0.75,1.0,2.0,1.0,122,0.0,92.47,46.42,16.6
huevalue_wp0.75_g1.0_k2.0_s1.0,main,0.75,1.0,2.0,1.0,122,30.0,87.2,58.21,37.7
huevalue_wp0.75_g1.0_k2.0_s1.0,main,0.75,1.0,2.0,1.0,122,60.0,70.08,95.31,51.2
huevalue_wp0.75_g1.0_k2.0_s1.0,main,0.75,1.0,2.0,1.0,122,90.0,42.03,110.75,75.7
huevalue_wp0.75_g1.0_k2.0_s1.0,main,0.75,1.0,2.0,1.0,122,120.0,25.03,130.34,128.9
huevalue_wp0.75_g1.0_k2.0_s1.0,main,0.75,1.0,2.0,1.0,122,150.0,25.07,154.16,156.4
huevalue_wp0.75_g1.0_k2.0_s1.0,main,0.75,1.0,2.0,1.0,122,180.0,43.49,154.62,196.3
huevalue_wp0.75_g1.0_k2.0_s1.0,main,0.75,1.0,2.0,1.0,122,210.0,64.85,126.07,208.1
huevalue_wp0.75_g1.0_k2.0_s1.0,main,0.75,1.0,2.0,1.0,122,240.0,45.14,126.41,220.9
huevalue_wp0.75_g1.0_k2.0_s1.0,main,0.75,1.0,2.0,1.0,122,270.0,46.54,75.21,231.0
huevalue_wp0.75_g1.0_k2.0_s1.0,main,0.75,1.0,2.0,1.0,122,300.0,26.39,30.1,343.8
huevalue_wp0.75_g1.0_k2.0_s1.0,main,0.75,1.0,2.0,1.0,122,330.0,4.35,248.85,
huevalue_wp0.75_g1.0_k2.0_s1.0,main,0.75,1.0,2.0,1.0,163,0.0,109.45,113.64,18.4
huevalue_wp0.75_g1.0_k2.0_s1.0,main,0.75,1.0,2.0,1.0,163,30.0,101.28,155.0,32.4
huevalue_wp0.75_g1.0_k2.0_s1.0,main,0.75,1.0,2.0,1.0,163,60.0,93.01,180.29,43.8
huevalue_wp0.75_g1.0_k2.0_s1.0,main,0.75,1.0,2.0,1.0,163,90.0,50.81,174.09,60.0
huevalue_wp0.75_g1.0_k2.0_s1.0,main,0.75,1.0,2.0,1.0,163,120.0,29.67,180.63,75.0
huevalue_wp0.75_g1.0_k2.0_s1.0,main,0.75,1.0,2.0,1.0,163,150.0,14.45,201.21,119.3
huevalue_wp0.75_g1.0_k2.0_s1.0,main,0.75,1.0,2.0,1.0,163,180.0,35.91,188.37,200.9
huevalue_wp0.75_g1.0_k2.0_s1.0,main,0.75,1.0,2.0,1.0,163,210.0,51.98,165.37,212.1
huevalue_wp0.75_g1.0_k2.0_s1.0,main,0.75,1.0,2.0,1.0,163,240.0,35.22,176.79,212.4
huevalue_wp0.75_g1.0_k2.0_s1.0,main,0.75,1.0,2.0,1.0,163,270.0,14.6,162.16,327.1
huevalue_wp0.75_g1.0_k2.0_s1.0,main,0.75,1.0,2.0,1.0,163,300.0,54.31,100.5,357.5
huevalue_wp0.75_g1.0_k2.0_s1.0,main,0.75,1.0,2.0,1.0,163,330.0,3.8,251.19,
huevalue_wp0.75_g1.0_k2.0_s1.0,main,0.75,1.0,2.0,1.0,204,0.0,96.03,181.31,15.9
huevalue_wp0.75_g1.0_k2.0_s1.0,main,0.75,1.0,2.0,1.0,204,30.0,90.19,206.97,35.7
huevalue_wp0.75_g1.0_k2.0_s1.0,main,0.75,1.0,2.0,1.0,204,60.0,78.05,219.43,51.0
huevalue_wp0.75_g1.0_k2.0_s1.0,main,0.75,1.0,2.0,1.0,204,90.0,54.93,198.5,53.8
huevalue_wp0.75_g1.0_k2.0_s1.0,main,0.75,1.0,2.0,1.0,204,120.0,34.07,201.85,63.2
huevalue_wp0.75_g1.0_k2.0_s1.0,main,0.75,1.0,2.0,1.0,204,150.0,17.12,227.16,77.5
huevalue_wp0.75_g1.0_k2.0_s1.0,main,0.75,1.0,2.0,1.0,204,180.0,26.35,200.5,199.1
huevalue_wp0.75_g1.0_k2.0_s1.0,main,0.75,1.0,2.0,1.0,204,210.0,42.86,175.23,204.2
huevalue_wp0.75_g1.0_k2.0_s1.0,main,0.75,1.0,2.0,1.0,204,240.0,33.91,221.07,200.6
huevalue_wp0.75_g1.0_k2.0_s1.0,main,0.75,1.0,2.0,1.0,204,270.0,26.22,225.48,9.6
huevalue_wp0.75_g1.0_k2.0_s1.0,main,0.75,1.0,2.0,1.0,204,300.0,117.88,157.67,12.0
huevalue_wp0.75_g1.0_k2.0_s1.0,main,0.75,1.0,2.0,1.0,204,330.0,3.75,251.56,
huevalue_wp0.75_g1.0_k2.0_s1.0,main,0.75,1.0,2.0,1.0,245,0.0,55.97,219.45,28.5
huevalue_wp0.75_g1.0_k2.0_s1.0,main,0.75,1.0,2.0,1.0,245,30.0,50.43,236.23,54.6
huevalue_wp0.75_g1.0_k2.0_s1.0,main,0.75,1.0,2.0,1.0,245,60.0,45.42,239.32,58.2
huevalue_wp0.75_g1.0_k2.0_s1.0,main,0.75,1.0,2.0,1.0,245,90.0,39.25,235.68,51.4
huevalue_wp0.75_g1.0_k2.0_s1.0,main,0.75,1.0,2.0,1.0,245,120.0,13.49,245.57,71.2
huevalue_wp0.75_g1.0_k2.0_s1.0,main,0.75,1.0,2.0,1.0,245,150.0,5.9,251.65,
huevalue_wp0.75_g1.0_k2.0_s1.0,main,0.75,1.0,2.0,1.0,245,180.0,3.46,253.85,
huevalue_wp0.75_g1.0_k2.0_s1.0,main,0.75,1.0,2.0,1.0,245,210.0,32.24,188.24,197.0
huevalue_wp0.75_g1.0_k2.0_s1.0,main,0.75,1.0,2.0,1.0,245,240.0,10.42,251.16,180.2
huevalue_wp0.75_g1.0_k2.0_s1.0,main,0.75,1.0,2.0,1.0,245,270.0,0.27,254.9,
huevalue_wp0.75_g1.0_k2.0_s1.0,main,0.75,1.0,2.0,1.0,245,300.0,49.87,219.41,11.7
huevalue_wp0.75_g1.0_k2.0_s1.0,main,0.75,1.0,2.0,1.0,245,330.0,4.18,250.2,
huevalue_wp0.88_g1.0_k1.0_s1.0,main,0.88,1.0,1.0,1.0,40,0.0,0.56,97.34,
huevalue_wp0.88_g1.0_k1.0_s1.0,main,0.88,1.0,1.0,1.0,40,30.0,12.91,31.51,6.1
huevalue_wp0.88_g1.0_k1.0_s1.0,main,0.88,1.0,1.0,1.0,40,60.0,1.41,0.47,
huevalue_wp0.88_g1.0_k1.0_s1.0,main,0.88,1.0,1.0,1.0,40,90.0,0.0,0.0,
huevalue_wp0.88_g1.0_k1.0_s1.0,main,0.88,1.0,1.0,1.0,40,120.0,1.73,45.25,
huevalue_wp0.88_g1.0_k1.0_s1.0,main,0.88,1.0,1.0,1.0,40,150.0,1.53,52.51,
huevalue_wp0.88_g1.0_k1.0_s1.0,main,0.88,1.0,1.0,1.0,40,180.0,9.4,57.2,222.7
huevalue_wp0.88_g1.0_k1.0_s1.0,main,0.88,1.0,1.0,1.0,40,210.0,31.59,56.85,233.1
huevalue_wp0.88_g1.0_k1.0_s1.0,main,0.88,1.0,1.0,1.0,40,240.0,24.19,8.21,239.3
huevalue_wp0.88_g1.0_k1.0_s1.0,main,0.88,1.0,1.0,1.0,40,270.0,6.17,2.12,
huevalue_wp0.88_g1.0_k1.0_s1.0,main,0.88,1.0,1.0,1.0,40,300.0,0.89,40.13,
huevalue_wp0.88_g1.0_k1.0_s1.0,main,0.88,1.0,1.0,1.0,40,330.0,2.84,244.06,
huevalue_wp0.88_g1.0_k1.0_s1.0,main,0.88,1.0,1.0,1.0,81,0.0,64.08,38.41,0.7
huevalue_wp0.88_g1.0_k1.0_s1.0,main,0.88,1.0,1.0,1.0,81,30.0,70.92,27.23,8.1
huevalue_wp0.88_g1.0_k1.0_s1.0,main,0.88,1.0,1.0,1.0,81,60.0,36.53,22.94,53.8
huevalue_wp0.88_g1.0_k1.0_s1.0,main,0.88,1.0,1.0,1.0,81,90.0,31.39,28.43,107.6
huevalue_wp0.88_g1.0_k1.0_s1.0,main,0.88,1.0,1.0,1.0,81,120.0,26.75,85.86,128.2
huevalue_wp0.88_g1.0_k1.0_s1.0,main,0.88,1.0,1.0,1.0,81,150.0,32.42,99.45,163.9
huevalue_wp0.88_g1.0_k1.0_s1.0,main,0.88,1.0,1.0,1.0,81,180.0,56.59,111.24,200.6
huevalue_wp0.88_g1.0_k1.0_s1.0,main,0.88,1.0,1.0,1.0,81,210.0,68.72,111.24,208.2
huevalue_wp0.88_g1.0_k1.0_s1.0,main,0.88,1.0,1.0,1.0,81,240.0,72.06,84.0,212.1
huevalue_wp0.88_g1.0_k1.0_s1.0,main,0.88,1.0,1.0,1.0,81,270.0,43.02,44.96,239.8
huevalue_wp0.88_g1.0_k1.0_s1.0,main,0.88,1.0,1.0,1.0,81,300.0,35.06,13.05,0.2
huevalue_wp0.88_g1.0_k1.0_s1.0,main,0.88,1.0,1.0,1.0,81,330.0,3.05,247.48,
huevalue_wp0.88_g1.0_k1.0_s1.0,main,0.88,1.0,1.0,1.0,122,0.0,148.08,49.36,0.0
huevalue_wp0.88_g1.0_k1.0_s1.0,main,0.88,1.0,1.0,1.0,122,30.0,130.44,62.66,24.7
huevalue_wp0.88_g1.0_k1.0_s1.0,main,0.88,1.0,1.0,1.0,122,60.0,124.84,118.1,45.1
huevalue_wp0.88_g1.0_k1.0_s1.0,main,0.88,1.0,1.0,1.0,122,90.0,58.12,123.01,73.2
huevalue_wp0.88_g1.0_k1.0_s1.0,main,0.88,1.0,1.0,1.0,122,120.0,31.85,125.4,140.7
huevalue_wp0.88_g1.0_k1.0_s1.0,main,0.88,1.0,1.0,1.0,122,150.0,20.82,163.2,133.2
huevalue_wp0.88_g1.0_k1.0_s1.0,main,0.88,1.0,1.0,1.0,122,180.0,44.38,168.79,203.9
huevalue_wp0.88_g1.0_k1.0_s1.0,main,0.88,1.0,1.0,1.0,122,210.0,70.88,147.34,209.3
huevalue_wp0.88_g1.0_k1.0_s1.0,main,0.88,1.0,1.0,1.0,122,240.0,62.34,151.48,213.3
huevalue_wp0.88_g1.0_k1.0_s1.0,main,0.88,1.0,1.0,1.0,122,270.0,23.53,125.01,251.5
huevalue_wp0.88_g1.0_k1.0_s1.0,main,0.88,1.0,1.0,1.0,122,300.0,88.24,31.96,356.4
huevalue_wp0.88_g1.0_k1.0_s1.0,main,0.88,1.0,1.0,1.0,122,330.0,4.52,248.86,
huevalue_wp0.88_g1.0_k1.0_s1.0,main,0.88,1.0,1.0,1.0,163,0.0,204.13,69.43,0.5
huevalue_wp0.88_g1.0_k1.0_s1.0,main,0.88,1.0,1.0,1.0,163,30.0,189.62,135.66,28.6
huevalue_wp0.88_g1.0_k1.0_s1.0,main,0.88,1.0,1.0,1.0,163,60.0,154.8,189.47,46.6
huevalue_wp0.88_g1.0_k1.0_s1.0,main,0.88,1.0,1.0,1.0,163,90.0,86.02,164.18,53.2
huevalue_wp0.88_g1.0_k1.0_s1.0,main,0.88,1.0,1.0,1.0,163,120.0,27.52,155.47,91.2
huevalue_wp0.88_g1.0_k1.0_s1.0,main,0.88,1.0,1.0,1.0,163,150.0,17.1,212.44,104.0
huevalue_wp0.88_g1.0_k1.0_s1.0,main,0.88,1.0,1.0,1.0,163,180.0,31.75,201.78,200.3
huevalue_wp0.88_g1.0_k1.0_s1.0,main,0.88,1.0,1.0,1.0,163,210.0,56.69,164.04,209.8
huevalue_wp0.88_g1.0_k1.0_s1.0,main,0.88,1.0,1.0,1.0,163,240.0,40.61,193.74,208.8
huevalue_wp0.88_g1.0_k1.0_s1.0,main,0.88,1.0,1.0,1.0,163,270.0,23.82,208.18,355.4
huevalue_wp0.88_g1.0_k1.0_s1.0,main,0.88,1.0,1.0,1.0,163,300.0,148.6,117.09,9.0
huevalue_wp0.88_g1.0_k1.0_s1.0,main,0.88,1.0,1.0,1.0,163,330.0,5.5,251.25,
huevalue_wp0.88_g1.0_k1.0_s1.0,main,0.88,1.0,1.0,1.0,204,0.0,174.52,131.69,10.7
huevalue_wp0.88_g1.0_k1.0_s1.0,main,0.88,1.0,1.0,1.0,204,30.0,145.33,187.38,36.9
huevalue_wp0.88_g1.0_k1.0_s1.0,main,0.88,1.0,1.0,1.0,204,60.0,119.53,210.76,56.7
huevalue_wp0.88_g1.0_k1.0_s1.0,main,0.88,1.0,1.0,1.0,204,90.0,95.53,176.93,50.6
huevalue_wp0.88_g1.0_k1.0_s1.0,main,0.88,1.0,1.0,1.0,204,120.0,40.41,170.2,70.6
huevalue_wp0.88_g1.0_k1.0_s1.0,main,0.88,1.0,1.0,1.0,204,150.0,17.48,233.18,69.6
huevalue_wp0.88_g1.0_k1.0_s1.0,main,0.88,1.0,1.0,1.0,204,180.0,21.83,212.98,194.5
huevalue_wp0.88_g1.0_k1.0_s1.0,main,0.88,1.0,1.0,1.0,204,210.0,54.77,162.09,205.4
huevalue_wp0.88_g1.0_k1.0_s1.0,main,0.88,1.0,1.0,1.0,204,240.0,30.95,227.4,200.8
huevalue_wp0.88_g1.0_k1.0_s1.0,main,0.88,1.0,1.0,1.0,204,270.0,0.16,254.94,
huevalue_wp0.88_g1.0_k1.0_s1.0,main,0.88,1.0,1.0,1.0,204,300.0,122.11,169.94,10.9
huevalue_wp0.88_g1.0_k1.0_s1.0,main,0.88,1.0,1.0,1.0,204,330.0,3.88,251.64,
huevalue_wp0.88_g1.0_k1.0_s1.0,main,0.88,1.0,1.0,1.0,245,0.0,116.31,181.64,22.9
huevalue_wp0.88_g1.0_k1.0_s1.0,main,0.88,1.0,1.0,1.0,245,30.0,100.94,216.58,52.5
huevalue_wp0.88_g1.0_k1.0_s1.0,main,0.88,1.0,1.0,1.0,245,60.0,96.41,221.62,58.1
huevalue_wp0.88_g1.0_k1.0_s1.0,main,0.88,1.0,1.0,1.0,245,90.0,67.19,207.13,55.1
huevalue_wp0.88_g1.0_k1.0_s1.0,main,0.88,1.0,1.0,1.0,245,120.0,23.35,222.15,70.6
huevalue_wp0.88_g1.0_k1.0_s1.0,main,0.88,1.0,1.0,1.0,245,150.0,6.96,250.47,
huevalue_wp0.88_g1.0_k1.0_s1.0,main,0.88,1.0,1.0,1.0,245,180.0,5.68,253.1,
huevalue_wp0.88_g1.0_k1.0_s1.0,main,0.88,1.0,1.0,1.0,245,210.0,52.09,164.3,197.5
huevalue_wp0.88_g1.0_k1.0_s1.0,main,0.88,1.0,1.0,1.0,245,240.0,14.31,246.95,187.8
huevalue_wp0.88_g1.0_k1.0_s1.0,main,0.88,1.0,1.0,1.0,245,270.0,0.07,254.98,
huevalue_wp0.88_g1.0_k1.0_s1.0,main,0.88,1.0,1.0,1.0,245,300.0,37.64,227.27,9.1
huevalue_wp0.88_g1.0_k1.0_s1.0,main,0.88,1.0,1.0,1.0,245,330.0,2.49,251.53,
huevalue_wp0.88_g1.0_k1.5_s1.0,main,0.88,1.0,1.5,1.0,40,0.0,1.93,88.26,
huevalue_wp0.88_g1.0_k1.5_s1.0,main,0.88,1.0,1.5,1.0,40,30.0,11.61,28.37,10.7
huevalue_wp0.88_g1.0_k1.5_s1.0,main,0.88,1.0,1.5,1.0,40,60.0,1.89,3.58,
huevalue_wp0.88_g1.0_k1.5_s1.0,main,0.88,1.0,1.5,1.0,40,90.0,1.62,4.6,
huevalue_wp0.88_g1.0_k1.5_s1.0,main,0.88,1.0,1.5,1.0,40,120.0,2.66,54.16,
huevalue_wp0.88_g1.0_k1.5_s1.0,main,0.88,1.0,1.5,1.0,40,150.0,2.79,55.84,
huevalue_wp0.88_g1.0_k1.5_s1.0,main,0.88,1.0,1.5,1.0,40,180.0,7.81,58.22,
huevalue_wp0.88_g1.0_k1.5_s1.0,main,0.88,1.0,1.5,1.0,40,210.0,32.97,41.74,229.2
huevalue_wp0.88_g1.0_k1.5_s1.0,main,0.88,1.0,1.5,1.0,40,240.0,20.0,8.93,234.0
huevalue_wp0.88_g1.0_k1.5_s1.0,main,0.88,1.0,1.5,1.0,40,270.0,8.29,5.27,225.2
huevalue_wp0.88_g1.0_k1.5_s1.0,main,0.88,1.0,1.5,1.0,40,300.0,3.46,61.35,
huevalue_wp0.88_g1.0_k1.5_s1.0,main,0.88,1.0,1.5,1.0,40,330.0,2.7,243.36,
huevalue_wp0.88_g1.0_k1.5_s1.0,main,0.88,1.0,1.5,1.0,81,0.0,60.66,29.38,1.0
huevalue_wp0.88_g1.0_k1.5_s1.0,main,0.88,1.0,1.5,1.0,81,30.0,66.41,28.58,16.4
huevalue_wp0.88_g1.0_k1.5_s1.0,main,0.88,1.0,1.5,1.0,81,60.0,37.41,22.65,50.0
huevalue_wp0.88_g1.0_k1.5_s1.0,main,0.88,1.0,1.5,1.0,81,90.0,28.95,41.06,97.6
huevalue_wp0.88_g1.0_k1.5_s1.0,main,0.88,1.0,1.5,1.0,81,120.0,28.43,81.44,130.1
huevalue_wp0.88_g1.0_k1.5_s1.0,main,0.88,1.0,1.5,1.0,81,150.0,36.25,98.16,167.2
huevalue_wp0.88_g1.0_k1.5_s1.0,main,0.88,1.0,1.5,1.0,81,180.0,54.84,109.6,196.3
huevalue_wp0.88_g1.0_k1.5_s1.0,main,0.88,1.0,1.5,1.0,81,210.0,74.58,97.2,207.2
huevalue_wp0.88_g1.0_k1.5_s1.0,main,0.88,1.0,1.5,1.0,81,240.0,62.27,80.42,215.6
huevalue_wp0.88_g1.0_k1.5_s1.0,main,0.88,1.0,1.5,1.0,81,270.0,47.64,42.24,233.1
huevalue_wp0.88_g1.0_k1.5_s1.0,main,0.88,1.0,1.5,1.0,81,300.0,21.94,18.91,358.2
huevalue_wp0.88_g1.0_k1.5_s1.0,main,0.88,1.0,1.5,1.0,81,330.0,2.28,246.67,
huevalue_wp0.88_g1.0_k1.5_s1.0,main,0.88,1.0,1.5,1.0,122,0.0,138.12,51.33,6.0
huevalue_wp0.88_g1.0_k1.5_s1.0,main,0.88,1.0,1.5,1.0,122,30.0,126.78,71.63,30.1
huevalue_wp0.88_g1.0_k1.5_s1.0,main,0.88,1.0,1.5,1.0,122,60.0,121.38,120.69,46.5
huevalue_wp0.88_g1.0_k1.5_s1.0,main,0.88,1.0,1.5,1.0,122,90.0,64.83,133.21,66.0
huevalue_wp0.88_g1.0_k1.5_s1.0,main,0.88,1.0,1.5,1.0,122,120.0,28.95,136.3,107.0
huevalue_wp0.88_g1.0_k1.5_s1.0,main,0.88,1.0,1.5,1.0,122,150.0,18.47,170.57,125.5
huevalue_wp0.88_g1.0_k1.5_s1.0,main,0.88,1.0,1.5,1.0,122,180.0,41.2,170.87,198.9
huevalue_wp0.88_g1.0_k1.5_s1.0,main,0.88,1.0,1.5,1.0,122,210.0,71.35,143.38,208.9
huevalue_wp0.88_g1.0_k1.5_s1.0,main,0.88,1.0,1.5,1.0,122,240.0,52.3,146.68,213.9
huevalue_wp0.88_g1.0_k1.5_s1.0,main,0.88,1.0,1.5,1.0,122,270.0,21.39,121.12,237.4
huevalue_wp0.88_g1.0_k1.5_s1.0,main,0.88,1.0,1.5,1.0,122,300.0,54.7,32.74,332.6
huevalue_wp0.88_g1.0_k1.5_s1.0,main,0.88,1.0,1.5,1.0,122,330.0,4.84,248.81,
huevalue_wp0.88_g1.0_k1.5_s1.0,main,0.88,1.0,1.5,1.0,163,0.0,183.12,100.98,13.2
huevalue_wp0.88_g1.0_k1.5_s1.0,main,0.88,1.0,1.5,1.0,163,30.0,148.06,162.95,31.0
huevalue_wp0.88_g1.0_k1.5_s1.0,main,0.88,1.0,1.5,1.0,163,60.0,125.36,197.57,45.1
huevalue_wp0.88_g1.0_k1.5_s1.0,main,0.88,1.0,1.5,1.0,163,90.0,72.5,181.22,53.0
huevalue_wp0.88_g1.0_k1.5_s1.0,main,0.88,1.0,1.5,1.0,163,120.0,31.42,181.22,73.1
huevalue_wp0.88_g1.0_k1.5_s1.0,main,0.88,1.0,1.5,1.0,163,150.0,18.02,219.94,106.4
huevalue_wp0.88_g1.0_k1.5_s1.0,main,0.88,1.0,1.5,1.0,163,180.0,31.19,205.27,196.4
huevalue_wp0.88_g1.0_k1.5_s1.0,main,0.88,1.0,1.5,1.0,163,210.0,48.2,175.07,209.3
huevalue_wp0.88_g1.0_k1.5_s1.0,main,0.88,1.0,1.5,1.0,163,240.0,38.61,199.0,205.2
huevalue_wp0.88_g1.0_k1.5_s1.0,main,0.88,1.0,1.5,1.0,163,270.0,20.08,203.92,354.4
huevalue_wp0.88_g1.0_k1.5_s1.0,main,0.88,1.0,1.5,1.0,163,300.0,109.27,141.44,11.8
huevalue_wp0.88_g1.0_k1.5_s1.0,main,0.88,1.0,1.5,1.0,163,330.0,5.66,250.66,
huevalue_wp0.88_g1.0_k1.5_s1.0,main,0.88,1.0,1.5,1.0,204,0.0,108.18,177.09,16.2
huevalue_wp0.88_g1.0_k1.5_s1.0,main,0.88,1.0,1.5,1.0,204,30.0,99.68,208.89,37.6
huevalue_wp0.88_g1.0_k1.5_s1.0,main,0.88,1.0,1.5,1.0,204,60.0,82.6,225.93,57.8
huevalue_wp0.88_g1.0_k1.5_s1.0,main,0.88,1.0,1.5,1.0,204,90.0,71.82,204.95,51.1
huevalue_wp0.88_g1.0_k1.5_s1.0,main,0.88,1.0,1.5,1.0,204,120.0,30.65,207.55,61.4
huevalue_wp0.88_g1.0_k1.5_s1.0,main,0.88,1.0,1.5,1.0,204,150.0,14.79,240.06,71.7
huevalue_wp0.88_g1.0_k1.5_s1.0,main,0.88,1.0,1.5,1.0,204,180.0,15.33,223.7,191.3
huevalue_wp0.88_g1.0_k1.5_s1.0,main,0.88,1.0,1.5,1.0,204,210.0,37.8,182.32,200.8
huevalue_wp0.88_g1.0_k1.5_s1.0,main,0.88,1.0,1.5,1.0,204,240.0,25.37,236.22,192.9
huevalue_wp0.88_g1.0_k1.5_s1.0,main,0.88,1.0,1.5,1.0,204,270.0,0.23,254.91,
huevalue_wp0.88_g1.0_k1.5_s1.0,main,0.88,1.0,1.5,1.0,204,300.0,61.17,206.56,8.8
huevalue_wp0.88_g1.0_k1.5_s1.0,main,0.88,1.0,1.5,1.0,204,330.0,1.97,252.37,
huevalue_wp0.88_g1.0_k1.5_s1.0,main,0.88,1.0,1.5,1.0,245,0.0,53.25,218.04,31.9
huevalue_wp0.88_g1.0_k1.5_s1.0,main,0.88,1.0,1.5,1.0,245,30.0,48.01,238.68,59.5
huevalue_wp0.88_g1.0_k1.5_s1.0,main,0.88,1.0,1.5,1.0,245,60.0,49.19,238.55,59.8
huevalue_wp0.88_g1.0_k1.5_s1.0,main,0.88,1.0,1.5,1.0,245,90.0,40.49,235.81,56.3
huevalue_wp0.88_g1.0_k1.5_s1.0,main,0.88,1.0,1.5,1.0,245,120.0,11.87,244.95,66.2
huevalue_wp0.88_g1.0_k1.5_s1.0,main,0.88,1.0,1.5,1.0,245,150.0,8.23,250.63,154.4
huevalue_wp0.88_g1.0_k1.5_s1.0,main,0.88,1.0,1.5,1.0,245,180.0,1.72,254.41,
huevalue_wp0.88_g1.0_k1.5_s1.0,main,0.88,1.0,1.5,1.0,245,210.0,25.54,196.05,191.0
huevalue_wp0.88_g1.0_k1.5_s1.0,main,0.88,1.0,1.5,1.0,245,240.0,11.81,250.69,181.0
huevalue_wp0.88_g1.0_k1.5_s1.0,main,0.88,1.0,1.5,1.0,245,270.0,0.02,254.99,
huevalue_wp0.88_g1.0_k1.5_s1.0,main,0.88,1.0,1.5,1.0,245,300.0,2.62,252.7,
huevalue_wp0.88_g1.0_k1.5_s1.0,main,0.88,1.0,1.5,1.0,245,330.0,1.99,251.44,
huevalue_wp0.88_g1.0_k2.0_s1.0,main,0.88,1.0,2.0,1.0,40,0.0,2.64,90.86,
huevalue_wp0.88_g1.0_k2.0_s1.0,main,0.88,1.0,2.0,1.0,40,30.0,6.62,30.64,
huevalue_wp0.88_g1.0_k2.0_s1.0,main,0.88,1.0,2.0,1.0,40,60.0,1.62,4.26,
huevalue_wp0.88_g1.0_k2.0_s1.0,main,0.88,1.0,2.0,1.0,40,90.0,1.21,3.35,
huevalue_wp0.88_g1.0_k2.0_s1.0,main,0.88,1.0,2.0,1.0,40,120.0,1.71,49.33,
huevalue_wp0.88_g1.0_k2.0_s1.0,main,0.88,1.0,2.0,1.0,40,150.0,3.93,54.76,
huevalue_wp0.88_g1.0_k2.0_s1.0,main,0.88,1.0,2.0,1.0,40,180.0,8.12,56.91,208.8
huevalue_wp0.88_g1.0_k2.0_s1.0,main,0.88,1.0,2.0,1.0,40,210.0,29.79,51.33,227.0
huevalue_wp0.88_g1.0_k2.0_s1.0,main,0.88,1.0,2.0,1.0,40,240.0,21.89,7.76,237.6
huevalue_wp0.88_g1.0_k2.0_s1.0,main,0.88,1.0,2.0,1.0,40,270.0,9.98,3.57,237.0
huevalue_wp0.88_g1.0_k2.0_s1.0,main,0.88,1.0,2.0,1.0,40,300.0,3.18,38.91,
huevalue_wp0.88_g1.0_k2.0_s1.0,main,0.88,1.0,2.0,1.0,40,330.0,5.58,244.31,
huevalue_wp0.88_g1.0_k2.0_s1.0,main,0.88,1.0,2.0,1.0,81,0.0,51.78,26.34,5.3
huevalue_wp0.88_g1.0_k2.0_s1.0,main,0.88,1.0,2.0,1.0,81,30.0,60.93,29.19,25.8
huevalue_wp0.88_g1.0_k2.0_s1.0,main,0.88,1.0,2.0,1.0,81,60.0,36.02,22.09,51.4
huevalue_wp0.88_g1.0_k2.0_s1.0,main,0.88,1.0,2.0,1.0,81,90.0,26.46,39.75,83.5
huevalue_wp0.88_g1.0_k2.0_s1.0,main,0.88,1.0,2.0,1.0,81,120.0,23.91,83.57,116.4
huevalue_wp0.88_g1.0_k2.0_s1.0,main,0.88,1.0,2.0,1.0,81,150.0,33.91,101.27,168.8
huevalue_wp0.88_g1.0_k2.0_s1.0,main,0.88,1.0,2.0,1.0,81,180.0,50.36,111.67,193.9
huevalue_wp0.88_g1.0_k2.0_s1.0,main,0.88,1.0,2.0,1.0,81,210.0,59.76,105.93,204.6
huevalue_wp0.88_g1.0_k2.0_s1.0,main,0.88,1.0,2.0,1.0,81,240.0,48.57,83.52,216.0
huevalue_wp0.88_g1.0_k2.0_s1.0,main,0.88,1.0,2.0,1.0,81,270.0,43.44,44.68,231.1
huevalue_wp0.88_g1.0_k2.0_s1.0,main,0.88,1.0,2.0,1.0,81,300.0,22.27,11.6,356.0
huevalue_wp0.88_g1.0_k2.0_s1.0,main,0.88,1.0,2.0,1.0,81,330.0,2.74,247.6,
huevalue_wp0.88_g1.0_k2.0_s1.0,main,0.88,1.0,2.0,1.0,122,0.0,103.44,61.33,22.9
huevalue_wp0.88_g1.0_k2.0_s1.0,main,0.88,1.0,2.0,1.0,122,30.0,119.52,86.65,34.8
huevalue_wp0.88_g1.0_k2.0_s1.0,main,0.88,1.0,2.0,1.0,122,60.0,115.97,126.86,45.3
huevalue_wp0.88_g1.0_k2.0_s1.0,main,0.88,1.0,2.0,1.0,122,90.0,62.33,140.12,59.0
huevalue_wp0.88_g1.0_k2.0_s1.0,main,0.88,1.0,2.0,1.0,122,120.0,32.76,151.19,84.1
huevalue_wp0.88_g1.0_k2.0_s1.0,main,0.88,1.0,2.0,1.0,122,150.0,18.98,174.33,108.2
huevalue_wp0.88_g1.0_k2.0_s1.0,main,0.88,1.0,2.0,1.0,122,180.0,30.89,175.23,195.7
huevalue_wp0.88_g1.0_k2.0_s1.0,main,0.88,1.0,2.0,1.0,122,210.0,61.39,156.76,207.6
huevalue_wp0.88_g1.0_k2.0_s1.0,main,0.88,1.0,2.0,1.0,122,240.0,39.47,150.81,218.0
huevalue_wp0.88_g1.0_k2.0_s1.0,main,0.88,1.0,2.0,1.0,122,270.0,19.52,125.63,239.7
huevalue_wp0.88_g1.0_k2.0_s1.0,main,0.88,1.0,2.0,1.0,122,300.0,32.32,58.88,334.6
huevalue_wp0.88_g1.0_k2.0_s1.0,main,0.88,1.0,2.0,1.0,122,330.0,4.15,249.01,
huevalue_wp0.88_g1.0_k2.0_s1.0,main,0.88,1.0,2.0,1.0,163,0.0,131.62,139.3,15.7
huevalue_wp0.88_g1.0_k2.0_s1.0,main,0.88,1.0,2.0,1.0,163,30.0,111.77,180.01,29.6
huevalue_wp0.88_g1.0_k2.0_s1.0,main,0.88,1.0,2.0,1.0,163,60.0,95.66,205.6,43.7
huevalue_wp0.88_g1.0_k2.0_s1.0,main,0.88,1.0,2.0,1.0,163,90.0,59.73,197.13,53.7
huevalue_wp0.88_g1.0_k2.0_s1.0,main,0.88,1.0,2.0,1.0,163,120.0,30.9,199.01,65.6
huevalue_wp0.88_g1.0_k2.0_s1.0,main,0.88,1.0,2.0,1.0,163,150.0,15.64,223.1,102.7
huevalue_wp0.88_g1.0_k2.0_s1.0,main,0.88,1.0,2.0,1.0,163,180.0,24.69,212.4,195.6
huevalue_wp0.88_g1.0_k2.0_s1.0,main,0.88,1.0,2.0,1.0,163,210.0,41.51,188.8,207.8
huevalue_wp0.88_g1.0_k2.0_s1.0,main,0.88,1.0,2.0,1.0,163,240.0,31.52,208.27,203.3
huevalue_wp0.88_g1.0_k2.0_s1.0,main,0.88,1.0,2.0,1.0,163,270.0,20.72,204.86,356.7
huevalue_wp0.88_g1.0_k2.0_s1.0,main,0.88,1.0,2.0,1.0,163,300.0,83.47,157.67,7.9
huevalue_wp0.88_g1.0_k2.0_s1.0,main,0.88,1.0,2.0,1.0,163,330.0,3.05,251.68,
huevalue_wp0.88_g1.0_k2.0_s1.0,main,0.88,1.0,2.0,1.0,204,0.0,68.64,202.66,18.7
huevalue_wp0.88_g1.0_k2.0_s1.0,main,0.88,1.0,2.0,1.0,204,30.0,64.21,225.58,40.0
huevalue_wp0.88_g1.0_k2.0_s1.0,main,0.88,1.0,2.0,1.0,204,60.0,55.03,235.87,57.9
huevalue_wp0.88_g1.0_k2.0_s1.0,main,0.88,1.0,2.0,1.0,204,90.0,52.75,222.12,51.5
huevalue_wp0.88_g1.0_k2.0_s1.0,main,0.88,1.0,2.0,1.0,204,120.0,22.89,227.24,60.9
huevalue_wp0.88_g1.0_k2.0_s1.0,main,0.88,1.0,2.0,1.0,204,150.0,13.52,244.08,68.8
huevalue_wp0.88_g1.0_k2.0_s1.0,main,0.88,1.0,2.0,1.0,204,180.0,9.55,234.33,164.4
huevalue_wp0.88_g1.0_k2.0_s1.0,main,0.88,1.0,2.0,1.0,204,210.0,24.63,203.93,194.1
huevalue_wp0.88_g1.0_k2.0_s1.0,main,0.88,1.0,2.0,1.0,204,240.0,17.86,246.34,184.5
huevalue_wp0.88_g1.0_k2.0_s1.0,main,0.88,1.0,2.0,1.0,204,270.0,0.35,254.88,
huevalue_wp0.88_g1.0_k2.0_s1.0,main,0.88,1.0,2.0,1.0,204,300.0,42.25,222.97,7.4
huevalue_wp0.88_g1.0_k2.0_s1.0,main,0.88,1.0,2.0,1.0,204,330.0,1.17,253.31,
huevalue_wp0.88_g1.0_k2.0_s1.0,main,0.88,1.0,2.0,1.0,245,0.0,13.16,241.82,45.7
huevalue_wp0.88_g1.0_k2.0_s1.0,main,0.88,1.0,2.0,1.0,245,30.0,16.51,248.8,61.7
huevalue_wp0.88_g1.0_k2.0_s1.0,main,0.88,1.0,2.0,1.0,245,60.0,20.51,248.03,60.1
huevalue_wp0.88_g1.0_k2.0_s1.0,main,0.88,1.0,2.0,1.0,245,90.0,14.24,249.94,60.2
huevalue_wp0.88_g1.0_k2.0_s1.0,main,0.88,1.0,2.0,1.0,245,120.0,5.23,251.05,
huevalue_wp0.88_g1.0_k2.0_s1.0,main,0.88,1.0,2.0,1.0,245,150.0,7.56,250.46,
huevalue_wp0.88_g1.0_k2.0_s1.0,main,0.88,1.0,2.0,1.0,245,180.0,1.33,254.55,
huevalue_wp0.88_g1.0_k2.0_s1.0,main,0.88,1.0,2.0,1.0,245,210.0,12.01,221.63,163.7
huevalue_wp0.88_g1.0_k2.0_s1.0,main,0.88,1.0,2.0,1.0,245,240.0,9.18,251.41,181.2
huevalue_wp0.88_g1.0_k2.0_s1.0,main,0.88,1.0,2.0,1.0,245,270.0,0.03,254.99,
huevalue_wp0.88_g1.0_k2.0_s1.0,main,0.88,1.0,2.0,1.0,245,300.0,2.58,252.93,
huevalue_wp0.88_g1.0_k2.0_s1.0,main,0.88,1.0,2.0,1.0,245,330.0,2.78,251.99,
huevalue_wp0.75_g1.4_k1.0_s1.0,main,0.75,1.4,1.0,1.0,40,0.0,1.52,249.27,
huevalue_wp0.75_g1.4_k1.0_s1.0,main,0.75,1.4,1.0,1.0,40,30.0,2.21,28.07,
huevalue_wp0.75_g1.4_k1.0_s1.0,main,0.75,1.4,1.0,1.0,40,60.0,2.3,61.52,
huevalue_wp0.75_g1.4_k1.0_s1.0,main,0.75,1.4,1.0,1.0,40,90.0,2.79,62.8,
huevalue_wp0.75_g1.4_k1.0_s1.0,main,0.75,1.4,1.0,1.0,40,120.0,3.44,61.22,
huevalue_wp0.75_g1.4_k1.0_s1.0,main,0.75,1.4,1.0,1.0,40,150.0,1.85,61.27,
huevalue_wp0.75_g1.4_k1.0_s1.0,main,0.75,1.4,1.0,1.0,40,180.0,1.62,20.37,
huevalue_wp0.75_g1.4_k1.0_s1.0,main,0.75,1.4,1.0,1.0,40,210.0,2.11,18.36,
huevalue_wp0.75_g1.4_k1.0_s1.0,main,0.75,1.4,1.0,1.0,40,240.0,2.18,24.11,
huevalue_wp0.75_g1.4_k1.0_s1.0,main,0.75,1.4,1.0,1.0,40,270.0,5.89,64.45,
huevalue_wp0.75_g1.4_k1.0_s1.0,main,0.75,1.4,1.0,1.0,40,300.0,2.93,69.27,
huevalue_wp0.75_g1.4_k1.0_s1.0,main,0.75,1.4,1.0,1.0,40,330.0,0.97,181.77,
huevalue_wp0.75_g1.4_k1.0_s1.0,main,0.75,1.4,1.0,1.0,81,0.0,2.12,245.67,
huevalue_wp0.75_g1.4_k1.0_s1.0,main,0.75,1.4,1.0,1.0,81,30.0,17.73,60.41,7.0
huevalue_wp0.75_g1.4_k1.0_s1.0,main,0.75,1.4,1.0,1.0,81,60.0,16.04,58.67,13.4
huevalue_wp0.75_g1.4_k1.0_s1.0,main,0.75,1.4,1.0,1.0,81,90.0,7.93,56.0,
huevalue_wp0.75_g1.4_k1.0_s1.0,main,0.75,1.4,1.0,1.0,81,120.0,7.93,57.08,
huevalue_wp0.75_g1.4_k1.0_s1.0,main,0.75,1.4,1.0,1.0,81,150.0,8.77,32.66,29.2
huevalue_wp0.75_g1.4_k1.0_s1.0,main,0.75,1.4,1.0,1.0,81,180.0,15.1,23.84,211.8
huevalue_wp0.75_g1.4_k1.0_s1.0,main,0.75,1.4,1.0,1.0,81,210.0,38.25,34.01,221.2
huevalue_wp0.75_g1.4_k1.0_s1.0,main,0.75,1.4,1.0,1.0,81,240.0,39.21,48.95,216.1
huevalue_wp0.75_g1.4_k1.0_s1.0,main,0.75,1.4,1.0,1.0,81,270.0,36.21,73.96,217.2
huevalue_wp0.75_g1.4_k1.0_s1.0,main,0.75,1.4,1.0,1.0,81,300.0,11.13,57.9,257.9
huevalue_wp0.75_g1.4_k1.0_s1.0,main,0.75,1.4,1.0,1.0,81,330.0,1.14,126.25,
huevalue_wp0.75_g1.4_k1.0_s1.0,main,0.75,1.4,1.0,1.0,122,0.0,18.82,177.73,5.1
huevalue_wp0.75_g1.4_k1.0_s1.0,main,0.75,1.4,1.0,1.0,122,30.0,55.21,75.27,6.7
huevalue_wp0.75_g1.4_k1.0_s1.0,main,0.75,1.4,1.0,1.0,122,60.0,40.22,80.8,31.4
huevalue_wp0.75_g1.4_k1.0_s1.0,main,0.75,1.4,1.0,1.0,122,90.0,28.32,74.45,100.2
huevalue_wp0.75_g1.4_k1.0_s1.0,main,0.75,1.4,1.0,1.0,122,120.0,24.13,79.41,101.4
huevalue_wp0.75_g1.4_k1.0_s1.0,main,0.75,1.4,1.0,1.0,122,150.0,17.89,68.45,104.0
huevalue_wp0.75_g1.4_k1.0_s1.0,main,0.75,1.4,1.0,1.0,122,180.0,28.34,90.28,188.6
huevalue_wp0.75_g1.4_k1.0_s1.0,main,0.75,1.4,1.0,1.0,122,210.0,53.28,92.26,212.9
huevalue_wp0.75_g1.4_k1.0_s1.0,main,0.75,1.4,1.0,1.0,122,240.0,50.82,100.96,213.0
huevalue_wp0.75_g1.4_k1.0_s1.0,main,0.75,1.4,1.0,1.0,122,270.0,50.2,108.83,211.0
huevalue_wp0.75_g1.4_k1.0_s1.0,main,0.75,1.4,1.0,1.0,122,300.0,31.46,67.91,238.8
huevalue_wp0.75_g1.4_k1.0_s1.0,main,0.75,1.4,1.0,1.0,122,330.0,22.94,84.96,359.0
huevalue_wp0.75_g1.4_k1.0_s1.0,main,0.75,1.4,1.0,1.0,163,0.0,82.09,109.31,1.9
huevalue_wp0.75_g1.4_k1.0_s1.0,main,0.75,1.4,1.0,1.0,163,30.0,95.3,93.01,13.9
huevalue_wp0.75_g1.4_k1.0_s1.0,main,0.75,1.4,1.0,1.0,163,60.0,61.89,104.44,48.0
huevalue_wp0.75_g1.4_k1.0_s1.0,main,0.75,1.4,1.0,1.0,163,90.0,54.74,70.0,135.6
huevalue_wp0.75_g1.4_k1.0_s1.0,main,0.75,1.4,1.0,1.0,163,120.0,42.13,77.47,137.7
huevalue_wp0.75_g1.4_k1.0_s1.0,main,0.75,1.4,1.0,1.0,163,150.0,36.22,89.05,136.3
huevalue_wp0.75_g1.4_k1.0_s1.0,main,0.75,1.4,1.0,1.0,163,180.0,30.51,129.78,172.4
huevalue_wp0.75_g1.4_k1.0_s1.0,main,0.75,1.4,1.0,1.0,163,210.0,81.09,112.33,209.8
huevalue_wp0.75_g1.4_k1.0_s1.0,main,0.75,1.4,1.0,1.0,163,240.0,73.22,121.86,210.8
huevalue_wp0.75_g1.4_k1.0_s1.0,main,0.75,1.4,1.0,1.0,163,270.0,71.89,128.24,210.7
huevalue_wp0.75_g1.4_k1.0_s1.0,main,0.75,1.4,1.0,1.0,163,300.0,44.01,76.42,230.4
huevalue_wp0.75_g1.4_k1.0_s1.0,main,0.75,1.4,1.0,1.0,163,330.0,77.02,57.1,1.4
huevalue_wp0.75_g1.4_k1.0_s1.0,main,0.75,1.4,1.0,1.0,204,0.0,180.39,65.37,1.0
huevalue_wp0.75_g1.4_k1.0_s1.0,main,0.75,1.4,1.0,1.0,204,30.0,157.79,83.3,17.4
huevalue_wp0.75_g1.4_k1.0_s1.0,main,0.75,1.4,1.0,1.0,204,60.0,163.35,153.61,43.7
huevalue_wp0.75_g1.4_k1.0_s1.0,main,0.75,1.4,1.0,1.0,204,90.0,78.44,103.6,67.7
huevalue_wp0.75_g1.4_k1.0_s1.0,main,0.75,1.4,1.0,1.0,204,120.0,55.1,34.5,138.1
huevalue_wp0.75_g1.4_k1.0_s1.0,main,0.75,1.4,1.0,1.0,204,150.0,60.51,48.13,131.2
huevalue_wp0.75_g1.4_k1.0_s1.0,main,0.75,1.4,1.0,1.0,204,180.0,21.77,166.36,111.3
huevalue_wp0.75_g1.4_k1.0_s1.0,main,0.75,1.4,1.0,1.0,204,210.0,109.33,99.22,200.6
huevalue_wp0.75_g1.4_k1.0_s1.0,main,0.75,1.4,1.0,1.0,204,240.0,80.51,109.73,209.5
huevalue_wp0.75_g1.4_k1.0_s1.0,main,0.75,1.4,1.0,1.0,204,270.0,62.38,157.01,211.0
huevalue_wp0.75_g1.4_k1.0_s1.0,main,0.75,1.4,1.0,1.0,204,300.0,15.31,165.65,343.6
huevalue_wp0.75_g1.4_k1.0_s1.0,main,0.75,1.4,1.0,1.0,204,330.0,146.6,49.81,0.3
huevalue_wp0.75_g1.4_k1.0_s1.0,main,0.75,1.4,1.0,1.0,245,0.0,223.63,80.5,4.1
huevalue_wp0.75_g1.4_k1.0_s1.0,main,0.75,1.4,1.0,1.0,245,30.0,220.39,135.42,23.3
huevalue_wp0.75_g1.4_k1.0_s1.0,main,0.75,1.4,1.0,1.0,245,60.0,176.87,189.54,54.2
huevalue_wp0.75_g1.4_k1.0_s1.0,main,0.75,1.4,1.0,1.0,245,90.0,133.71,146.46,49.9
huevalue_wp0.75_g1.4_k1.0_s1.0,main,0.75,1.4,1.0,1.0,245,120.0,56.16,53.13,141.7
huevalue_wp0.75_g1.4_k1.0_s1.0,main,0.75,1.4,1.0,1.0,245,150.0,48.01,150.43,73.9
huevalue_wp0.75_g1.4_k1.0_s1.0,main,0.75,1.4,1.0,1.0,245,180.0,13.21,243.22,159.1
huevalue_wp0.75_g1.4_k1.0_s1.0,main,0.75,1.4,1.0,1.0,245,210.0,66.81,171.81,201.3
huevalue_wp0.75_g1.4_k1.0_s1.0,main,0.75,1.4,1.0,1.0,245,240.0,100.12,84.99,206.9
huevalue_wp0.75_g1.4_k1.0_s1.0,main,0.75,1.4,1.0,1.0,245,270.0,47.52,190.08,207.7
huevalue_wp0.75_g1.4_k1.0_s1.0,main,0.75,1.4,1.0,1.0,245,300.0,16.9,243.0,9.1
huevalue_wp0.75_g1.4_k1.0_s1.0,main,0.75,1.4,1.0,1.0,245,330.0,236.41,105.66,12.2
huevalue_wp0.75_g1.8_k1.0_s1.0,main,0.75,1.8,1.0,1.0,40,0.0,1.51,99.63,
huevalue_wp0.75_g1.8_k1.0_s1.0,main,0.75,1.8,1.0,1.0,40,30.0,9.44,52.02,5.6
huevalue_wp0.75_g1.8_k1.0_s1.0,main,0.75,1.8,1.0,1.0,40,60.0,5.63,41.06,
huevalue_wp0.75_g1.8_k1.0_s1.0,main,0.75,1.8,1.0,1.0,40,90.0,2.11,14.21,
huevalue_wp0.75_g1.8_k1.0_s1.0,main,0.75,1.8,1.0,1.0,40,120.0,0.8,0.29,
huevalue_wp0.75_g1.8_k1.0_s1.0,main,0.75,1.8,1.0,1.0,40,150.0,4.03,2.11,
huevalue_wp0.75_g1.8_k1.0_s1.0,main,0.75,1.8,1.0,1.0,40,180.0,6.05,9.99,
huevalue_wp0.75_g1.8_k1.0_s1.0,main,0.75,1.8,1.0,1.0,40,210.0,18.22,20.49,248.6
huevalue_wp0.75_g1.8_k1.0_s1.0,main,0.75,1.8,1.0,1.0,40,240.0,17.9,35.36,234.6
huevalue_wp0.75_g1.8_k1.0_s1.0,main,0.75,1.8,1.0,1.0,40,270.0,16.02,43.95,238.3
huevalue_wp0.75_g1.8_k1.0_s1.0,main,0.75,1.8,1.0,1.0,40,300.0,0.4,29.39,
huevalue_wp0.75_g1.8_k1.0_s1.0,main,0.75,1.8,1.0,1.0,40,330.0,1.08,63.71,
huevalue_wp0.75_g1.8_k1.0_s1.0,main,0.75,1.8,1.0,1.0,81,0.0,24.82,44.53,1.4
huevalue_wp0.75_g1.8_k1.0_s1.0,main,0.75,1.8,1.0,1.0,81,30.0,32.19,32.88,3.3
huevalue_wp0.75_g1.8_k1.0_s1.0,main,0.75,1.8,1.0,1.0,81,60.0,24.82,21.9,28.3
huevalue_wp0.75_g1.8_k1.0_s1.0,main,0.75,1.8,1.0,1.0,81,90.0,13.8,7.88,80.3
huevalue_wp0.75_g1.8_k1.0_s1.0,main,0.75,1.8,1.0,1.0,81,120.0,15.13,39.8,67.3
huevalue_wp0.75_g1.8_k1.0_s1.0,main,0.75,1.8,1.0,1.0,81,150.0,10.42,56.7,54.2
huevalue_wp0.75_g1.8_k1.0_s1.0,main,0.75,1.8,1.0,1.0,81,180.0,10.85,75.32,221.9
huevalue_wp0.75_g1.8_k1.0_s1.0,main,0.75,1.8,1.0,1.0,81,210.0,34.55,83.2,221.2
huevalue_wp0.75_g1.8_k1.0_s1.0,main,0.75,1.8,1.0,1.0,81,240.0,28.69,90.35,224.8
huevalue_wp0.75_g1.8_k1.0_s1.0,main,0.75,1.8,1.0,1.0,81,270.0,29.19,93.66,223.7
huevalue_wp0.75_g1.8_k1.0_s1.0,main,0.75,1.8,1.0,1.0,81,300.0,25.34,21.56,252.5
huevalue_wp0.75_g1.8_k1.0_s1.0,main,0.75,1.8,1.0,1.0,81,330.0,5.7,11.79,
huevalue_wp0.75_g1.8_k1.0_s1.0,main,0.75,1.8,1.0,1.0,122,0.0,81.93,27.38,0.0
huevalue_wp0.75_g1.8_k1.0_s1.0,main,0.75,1.8,1.0,1.0,122,30.0,84.12,29.81,3.1
huevalue_wp0.75_g1.8_k1.0_s1.0,main,0.75,1.8,1.0,1.0,122,60.0,52.37,44.22,46.1
huevalue_wp0.75_g1.8_k1.0_s1.0,main,0.75,1.8,1.0,1.0,122,90.0,36.02,36.99,115.3
huevalue_wp0.75_g1.8_k1.0_s1.0,main,0.75,1.8,1.0,1.0,122,120.0,23.41,64.75,108.3
huevalue_wp0.75_g1.8_k1.0_s1.0,main,0.75,1.8,1.0,1.0,122,150.0,20.03,76.98,107.0
huevalue_wp0.75_g1.8_k1.0_s1.0,main,0.75,1.8,1.0,1.0,122,180.0,28.48,100.47,182.6
huevalue_wp0.75_g1.8_k1.0_s1.0,main,0.75,1.8,1.0,1.0,122,210.0,60.85,102.34,210.7
huevalue_wp0.75_g1.8_k1.0_s1.0,main,0.75,1.8,1.0,1.0,122,240.0,49.87,113.04,217.2
huevalue_wp0.75_g1.8_k1.0_s1.0,main,0.75,1.8,1.0,1.0,122,270.0,47.81,118.76,217.4
huevalue_wp0.75_g1.8_k1.0_s1.0,main,0.75,1.8,1.0,1.0,122,300.0,36.01,60.28,246.0
huevalue_wp0.75_g1.8_k1.0_s1.0,main,0.75,1.8,1.0,1.0,122,330.0,50.41,16.8,0.0
huevalue_wp0.75_g1.8_k1.0_s1.0,main,0.75,1.8,1.0,1.0,163,0.0,149.78,50.87,0.9
huevalue_wp0.75_g1.8_k1.0_s1.0,main,0.75,1.8,1.0,1.0,163,30.0,144.9,57.62,9.9
huevalue_wp0.75_g1.8_k1.0_s1.0,main,0.75,1.8,1.0,1.0,163,60.0,107.27,106.73,43.9
huevalue_wp0.75_g1.8_k1.0_s1.0,main,0.75,1.8,1.0,1.0,163,90.0,63.01,52.15,141.7
huevalue_wp0.75_g1.8_k1.0_s1.0,main,0.75,1.8,1.0,1.0,163,120.0,54.35,36.09,139.0
huevalue_wp0.75_g1.8_k1.0_s1.0,main,0.75,1.8,1.0,1.0,163,150.0,44.64,17.61,127.9
huevalue_wp0.75_g1.8_k1.0_s1.0,main,0.75,1.8,1.0,1.0,163,180.0,57.23,100.94,169.0
huevalue_wp0.75_g1.8_k1.0_s1.0,main,0.75,1.8,1.0,1.0,163,210.0,124.08,70.01,206.8
huevalue_wp0.75_g1.8_k1.0_s1.0,main,0.75,1.8,1.0,1.0,163,240.0,88.58,104.79,208.8
huevalue_wp0.75_g1.8_k1.0_s1.0,main,0.75,1.8,1.0,1.0,163,270.0,68.49,134.39,215.0
huevalue_wp0.75_g1.8_k1.0_s1.0,main,0.75,1.8,1.0,1.0,163,300.0,23.76,121.0,247.9
huevalue_wp0.75_g1.8_k1.0_s1.0,main,0.75,1.8,1.0,1.0,163,330.0,130.74,43.58,0.0
huevalue_wp0.75_g1.8_k1.0_s1.0,main,0.75,1.8,1.0,1.0,204,0.0,206.07,74.28,4.2
huevalue_wp0.75_g1.8_k1.0_s1.0,main,0.75,1.8,1.0,1.0,204,30.0,201.69,91.1,13.6
huevalue_wp0.75_g1.8_k1.0_s1.0,main,0.75,1.8,1.0,1.0,204,60.0,183.04,178.39,47.0
huevalue_wp0.75_g1.8_k1.0_s1.0,main,0.75,1.8,1.0,1.0,204,90.0,74.24,106.78,64.2
huevalue_wp0.75_g1.8_k1.0_s1.0,main,0.75,1.8,1.0,1.0,204,120.0,56.29,49.11,143.6
huevalue_wp0.75_g1.8_k1.0_s1.0,main,0.75,1.8,1.0,1.0,204,150.0,44.75,80.4,128.0
huevalue_wp0.75_g1.8_k1.0_s1.0,main,0.75,1.8,1.0,1.0,204,180.0,13.24,215.59,139.3
huevalue_wp0.75_g1.8_k1.0_s1.0,main,0.75,1.8,1.0,1.0,204,210.0,93.64,133.53,205.6
huevalue_wp0.75_g1.8_k1.0_s1.0,main,0.75,1.8,1.0,1.0,204,240.0,107.83,72.98,208.4
huevalue_wp0.75_g1.8_k1.0_s1.0,main,0.75,1.8,1.0,1.0,204,270.0,58.1,157.68,216.3
huevalue_wp0.75_g1.8_k1.0_s1.0,main,0.75,1.8,1.0,1.0,204,300.0,29.05,207.9,353.1
huevalue_wp0.75_g1.8_k1.0_s1.0,main,0.75,1.8,1.0,1.0,204,330.0,209.34,70.48,0.4
huevalue_wp0.75_g1.8_k1.0_s1.0,main,0.75,1.8,1.0,1.0,245,0.0,0.66,1.49,
huevalue_wp0.75_g1.8_k1.0_s1.0,main,0.75,1.8,1.0,1.0,245,30.0,1.93,8.84,
huevalue_wp0.75_g1.8_k1.0_s1.0,main,0.75,1.8,1.0,1.0,245,60.0,138.3,76.33,200.6
huevalue_wp0.75_g1.8_k1.0_s1.0,main,0.75,1.8,1.0,1.0,245,90.0,133.29,76.13,200.0
huevalue_wp0.75_g1.8_k1.0_s1.0,main,0.75,1.8,1.0,1.0,245,120.0,29.84,99.44,125.5
huevalue_wp0.75_g1.8_k1.0_s1.0,main,0.75,1.8,1.0,1.0,245,150.0,24.29,111.31,113.0
huevalue_wp0.75_g1.8_k1.0_s1.0,main,0.75,1.8,1.0,1.0,245,180.0,163.29,137.76,6.2
huevalue_wp0.75_g1.8_k1.0_s1.0,main,0.75,1.8,1.0,1.0,245,210.0,198.04,128.91,6.9
huevalue_wp0.75_g1.8_k1.0_s1.0,main,0.75,1.8,1.0,1.0,245,240.0,159.9,199.39,57.8
huevalue_wp0.75_g1.8_k1.0_s1.0,main,0.75,1.8,1.0,1.0,245,270.0,102.17,220.94,60.0
huevalue_wp0.75_g1.8_k1.0_s1.0,main,0.75,1.8,1.0,1.0,245,300.0,0.07,254.96,
huevalue_wp0.75_g1.8_k1.0_s1.0,main,0.75,1.8,1.0,1.0,245,330.0,0.81,252.69,
huevalue_wp0.75_g1.0_k1.0_s0.7,main,0.75,1.0,1.0,0.7,40,0.0,3.14,194.27,
huevalue_wp0.75_g1.0_k1.0_s0.7,main,0.75,1.0,1.0,0.7,40,30.0,1.5,63.69,
huevalue_wp0.75_g1.0_k1.0_s0.7,main,0.75,1.0,1.0,0.7,40,60.0,5.28,61.84,
huevalue_wp0.75_g1.0_k1.0_s0.7,main,0.75,1.0,1.0,0.7,40,90.0,4.33,60.35,
huevalue_wp0.75_g1.0_k1.0_s0.7,main,0.75,1.0,1.0,0.7,40,120.0,1.8,30.76,
huevalue_wp0.75_g1.0_k1.0_s0.7,main,0.75,1.0,1.0,0.7,40,150.0,1.52,7.37,
huevalue_wp0.75_g1.0_k1.0_s0.7,main,0.75,1.0,1.0,0.7,40,180.0,1.83,8.82,
huevalue_wp0.75_g1.0_k1.0_s0.7,main,0.75,1.0,1.0,0.7,40,210.0,4.66,7.73,
huevalue_wp0.75_g1.0_k1.0_s0.7,main,0.75,1.0,1.0,0.7,40,240.0,19.19,14.28,227.0
huevalue_wp0.75_g1.0_k1.0_s0.7,main,0.75,1.0,1.0,0.7,40,270.0,11.67,44.28,213.3
huevalue_wp0.75_g1.0_k1.0_s0.7,main,0.75,1.0,1.0,0.7,40,300.0,6.19,58.53,
huevalue_wp0.75_g1.0_k1.0_s0.7,main,0.75,1.0,1.0,0.7,40,330.0,2.53,127.98,
huevalue_wp0.75_g1.0_k1.0_s0.7,main,0.75,1.0,1.0,0.7,81,0.0,14.15,130.59,3.3
huevalue_wp0.75_g1.0_k1.0_s0.7,main,0.75,1.0,1.0,0.7,81,30.0,38.67,72.76,11.0
huevalue_wp0.75_g1.0_k1.0_s0.7,main,0.75,1.0,1.0,0.7,81,60.0,27.54,66.2,35.4
huevalue_wp0.75_g1.0_k1.0_s0.7,main,0.75,1.0,1.0,0.7,81,90.0,12.59,34.54,97.1
huevalue_wp0.75_g1.0_k1.0_s0.7,main,0.75,1.0,1.0,0.7,81,120.0,19.27,14.61,114.6
huevalue_wp0.75_g1.0_k1.0_s0.7,main,0.75,1.0,1.0,0.7,81,150.0,23.57,21.99,131.3
huevalue_wp0.75_g1.0_k1.0_s0.7,main,0.75,1.0,1.0,0.7,81,180.0,42.12,44.74,183.2
huevalue_wp0.75_g1.0_k1.0_s0.7,main,0.75,1.0,1.0,0.7,81,210.0,56.56,50.32,202.5
huevalue_wp0.75_g1.0_k1.0_s0.7,main,0.75,1.0,1.0,0.7,81,240.0,65.09,56.74,206.4
huevalue_wp0.75_g1.0_k1.0_s0.7,main,0.75,1.0,1.0,0.7,81,270.0,46.04,68.21,215.0
huevalue_wp0.75_g1.0_k1.0_s0.7,main,0.75,1.0,1.0,0.7,81,300.0,29.85,54.48,237.0
huevalue_wp0.75_g1.0_k1.0_s0.7,main,0.75,1.0,1.0,0.7,81,330.0,4.82,74.88,
huevalue_wp0.75_g1.0_k1.0_s0.7,main,0.75,1.0,1.0,0.7,122,0.0,74.22,82.45,1.5
huevalue_wp0.75_g1.0_k1.0_s0.7,main,0.75,1.0,1.0,0.7,122,30.0,76.7,77.67,28.1
huevalue_wp0.75_g1.0_k1.0_s0.7,main,0.75,1.0,1.0,0.7,122,60.0,61.86,78.16,54.2
huevalue_wp0.75_g1.0_k1.0_s0.7,main,0.75,1.0,1.0,0.7,122,90.0,43.01,47.8,99.0
huevalue_wp0.75_g1.0_k1.0_s0.7,main,0.75,1.0,1.0,0.7,122,120.0,39.91,65.29,137.6
huevalue_wp0.75_g1.0_k1.0_s0.7,main,0.75,1.0,1.0,0.7,122,150.0,37.69,81.9,147.8
huevalue_wp0.75_g1.0_k1.0_s0.7,main,0.75,1.0,1.0,0.7,122,180.0,33.57,115.89,179.5
huevalue_wp0.75_g1.0_k1.0_s0.7,main,0.75,1.0,1.0,0.7,122,210.0,66.09,105.83,203.0
huevalue_wp0.75_g1.0_k1.0_s0.7,main,0.75,1.0,1.0,0.7,122,240.0,69.4,105.74,210.4
huevalue_wp0.75_g1.0_k1.0_s0.7,main,0.75,1.0,1.0,0.7,122,270.0,45.65,112.56,221.0
huevalue_wp0.75_g1.0_k1.0_s0.7,main,0.75,1.0,1.0,0.7,122,300.0,47.95,57.42,228.8
huevalue_wp0.75_g1.0_k1.0_s0.7,main,0.75,1.0,1.0,0.7,122,330.0,35.87,32.88,352.5
huevalue_wp0.75_g1.0_k1.0_s0.7,main,0.75,1.0,1.0,0.7,163,0.0,145.35,57.83,7.0
huevalue_wp0.75_g1.0_k1.0_s0.7,main,0.75,1.0,1.0,0.7,163,30.0,136.21,94.69,30.5
huevalue_wp0.75_g1.0_k1.0_s0.7,main,0.75,1.0,1.0,0.7,163,60.0,150.92,139.88,42.7
huevalue_wp0.75_g1.0_k1.0_s0.7,main,0.75,1.0,1.0,0.7,163,90.0,99.9,118.91,57.8
huevalue_wp0.75_g1.0_k1.0_s0.7,main,0.75,1.0,1.0,0.7,163,120.0,45.34,97.54,88.1
huevalue_wp0.75_g1.0_k1.0_s0.7,main,0.75,1.0,1.0,0.7,163,150.0,35.26,137.29,87.0
huevalue_wp0.75_g1.0_k1.0_s0.7,main,0.75,1.0,1.0,0.7,163,180.0,15.64,178.08,121.1
huevalue_wp0.75_g1.0_k1.0_s0.7,main,0.75,1.0,1.0,0.7,163,210.0,62.09,144.79,207.6
huevalue_wp0.75_g1.0_k1.0_s0.7,main,0.75,1.0,1.0,0.7,163,240.0,82.3,121.69,210.1
huevalue_wp0.75_g1.0_k1.0_s0.7,main,0.75,1.0,1.0,0.7,163,270.0,52.2,148.36,215.8
huevalue_wp0.75_g1.0_k1.0_s0.7,main,0.75,1.0,1.0,0.7,163,300.0,18.25,127.23,259.2
huevalue_wp0.75_g1.0_k1.0_s0.7,main,0.75,1.0,1.0,0.7,163,330.0,63.93,36.05,340.5
huevalue_wp0.75_g1.0_k1.0_s0.7,main,0.75,1.0,1.0,0.7,204,0.0,190.38,82.3,11.8
huevalue_wp0.75_g1.0_k1.0_s0.7,main,0.75,1.0,1.0,0.7,204,30.0,164.3,149.28,29.2
huevalue_wp0.75_g1.0_k1.0_s0.7,main,0.75,1.0,1.0,0.7,204,60.0,147.9,195.12,48.2
huevalue_wp0.75_g1.0_k1.0_s0.7,main,0.75,1.0,1.0,0.7,204,90.0,117.62,165.24,48.8
huevalue_wp0.75_g1.0_k1.0_s0.7,main,0.75,1.0,1.0,0.7,204,120.0,66.07,102.02,75.3
huevalue_wp0.75_g1.0_k1.0_s0.7,main,0.75,1.0,1.0,0.7,204,150.0,47.83,161.72,66.2
huevalue_wp0.75_g1.0_k1.0_s0.7,main,0.75,1.0,1.0,0.7,204,180.0,18.81,210.74,77.9
huevalue_wp0.75_g1.0_k1.0_s0.7,main,0.75,1.0,1.0,0.7,204,210.0,65.48,153.05,202.0
huevalue_wp0.75_g1.0_k1.0_s0.7,main,0.75,1.0,1.0,0.7,204,240.0,80.22,122.78,208.9
huevalue_wp0.75_g1.0_k1.0_s0.7,main,0.75,1.0,1.0,0.7,204,270.0,48.7,183.43,208.1
huevalue_wp0.75_g1.0_k1.0_s0.7,main,0.75,1.0,1.0,0.7,204,300.0,25.6,191.14,357.4
huevalue_wp0.75_g1.0_k1.0_s0.7,main,0.75,1.0,1.0,0.7,204,330.0,109.22,124.32,10.0
huevalue_wp0.75_g1.0_k1.0_s0.7,main,0.75,1.0,1.0,0.7,245,0.0,190.16,120.46,11.6
huevalue_wp0.75_g1.0_k1.0_s0.7,main,0.75,1.0,1.0,0.7,245,30.0,150.18,180.41,30.7
huevalue_wp0.75_g1.0_k1.0_s0.7,main,0.75,1.0,1.0,0.7,245,60.0,110.96,217.52,59.3
huevalue_wp0.75_g1.0_k1.0_s0.7,main,0.75,1.0,1.0,0.7,245,90.0,119.33,205.02,48.6
huevalue_wp0.75_g1.0_k1.0_s0.7,main,0.75,1.0,1.0,0.7,245,120.0,61.78,158.55,58.7
huevalue_wp0.75_g1.0_k1.0_s0.7,main,0.75,1.0,1.0,0.7,245,150.0,30.31,213.97,66.3
huevalue_wp0.75_g1.0_k1.0_s0.7,main,0.75,1.0,1.0,0.7,245,180.0,11.42,249.28,170.2
huevalue_wp0.75_g1.0_k1.0_s0.7,main,0.75,1.0,1.0,0.7,245,210.0,37.09,216.1,197.6
huevalue_wp0.75_g1.0_k1.0_s0.7,main,0.75,1.0,1.0,0.7,245,240.0,89.2,114.83,202.2
huevalue_wp0.75_g1.0_k1.0_s0.7,main,0.75,1.0,1.0,0.7,245,270.0,38.25,212.54,199.3
huevalue_wp0.75_g1.0_k1.0_s0.7,main,0.75,1.0,1.0,0.7,245,300.0,0.27,254.05,
huevalue_wp0.75_g1.0_k1.0_s0.7,main,0.75,1.0,1.0,0.7,245,330.0,145.74,159.76,12.5
huevalue_wp0.75_g1.0_k1.0_s1.3,main,0.75,1.0,1.0,1.3,40,0.0,1.52,217.07,
huevalue_wp0.75_g1.0_k1.0_s1.3,main,0.75,1.0,1.0,1.3,40,30.0,0.0,255.0,
huevalue_wp0.75_g1.0_k1.0_s1.3,main,0.75,1.0,1.0,1.3,40,60.0,10.01,75.1,7.3
huevalue_wp0.75_g1.0_k1.0_s1.3,main,0.75,1.0,1.0,1.3,40,90.0,6.11,69.88,
huevalue_wp0.75_g1.0_k1.0_s1.3,main,0.75,1.0,1.0,1.3,40,120.0,2.59,61.34,
huevalue_wp0.75_g1.0_k1.0_s1.3,main,0.75,1.0,1.0,1.3,40,150.0,1.59,5.28,
huevalue_wp0.75_g1.0_k1.0_s1.3,main,0.75,1.0,1.0,1.3,40,180.0,1.12,5.83,
huevalue_wp0.75_g1.0_k1.0_s1.3,main,0.75,1.0,1.0,1.3,40,210.0,8.15,57.21,207.2
huevalue_wp0.75_g1.0_k1.0_s1.3,main,0.75,1.0,1.0,1.3,40,240.0,24.8,60.7,232.5
huevalue_wp0.75_g1.0_k1.0_s1.3,main,0.75,1.0,1.0,1.3,40,270.0,27.73,55.82,235.6
huevalue_wp0.75_g1.0_k1.0_s1.3,main,0.75,1.0,1.0,1.3,40,300.0,9.77,3.26,240.0
huevalue_wp0.75_g1.0_k1.0_s1.3,main,0.75,1.0,1.0,1.3,40,330.0,0.28,4.29,
huevalue_wp0.75_g1.0_k1.0_s1.3,main,0.75,1.0,1.0,1.3,81,0.0,0.0,255.0,
huevalue_wp0.75_g1.0_k1.0_s1.3,main,0.75,1.0,1.0,1.3,81,30.0,3.21,248.75,
huevalue_wp0.75_g1.0_k1.0_s1.3,main,0.75,1.0,1.0,1.3,81,60.0,60.85,74.91,4.2
huevalue_wp0.75_g1.0_k1.0_s1.3,main,0.75,1.0,1.0,1.3,81,90.0,28.86,73.06,41.2
huevalue_wp0.75_g1.0_k1.0_s1.3,main,0.75,1.0,1.0,1.3,81,120.0,17.8,15.59,122.2
huevalue_wp0.75_g1.0_k1.0_s1.3,main,0.75,1.0,1.0,1.3,81,150.0,16.02,5.35,120.0
huevalue_wp0.75_g1.0_k1.0_s1.3,main,0.75,1.0,1.0,1.3,81,180.0,22.98,41.66,126.8
huevalue_wp0.75_g1.0_k1.0_s1.3,main,0.75,1.0,1.0,1.3,81,210.0,53.02,84.62,196.0
huevalue_wp0.75_g1.0_k1.0_s1.3,main,0.75,1.0,1.0,1.3,81,240.0,77.41,95.75,205.8
huevalue_wp0.75_g1.0_k1.0_s1.3,main,0.75,1.0,1.0,1.3,81,270.0,84.86,76.91,209.3
huevalue_wp0.75_g1.0_k1.0_s1.3,main,0.75,1.0,1.0,1.3,81,300.0,45.21,38.87,235.1
huevalue_wp0.75_g1.0_k1.0_s1.3,main,0.75,1.0,1.0,1.3,81,330.0,45.52,23.89,0.6
huevalue_wp0.75_g1.0_k1.0_s1.3,main,0.75,1.0,1.0,1.3,122,0.0,0.0,255.0,
huevalue_wp0.75_g1.0_k1.0_s1.3,main,0.75,1.0,1.0,1.3,122,30.0,44.56,194.15,2.9
huevalue_wp0.75_g1.0_k1.0_s1.3,main,0.75,1.0,1.0,1.3,122,60.0,105.97,96.73,12.2
huevalue_wp0.75_g1.0_k1.0_s1.3,main,0.75,1.0,1.0,1.3,122,90.0,76.13,95.42,51.6
huevalue_wp0.75_g1.0_k1.0_s1.3,main,0.75,1.0,1.0,1.3,122,120.0,56.4,52.47,122.9
huevalue_wp0.75_g1.0_k1.0_s1.3,main,0.75,1.0,1.0,1.3,122,150.0,48.58,71.77,145.2
huevalue_wp0.75_g1.0_k1.0_s1.3,main,0.75,1.0,1.0,1.3,122,180.0,34.96,126.23,150.5
huevalue_wp0.75_g1.0_k1.0_s1.3,main,0.75,1.0,1.0,1.3,122,210.0,46.12,159.46,198.6
huevalue_wp0.75_g1.0_k1.0_s1.3,main,0.75,1.0,1.0,1.3,122,240.0,79.37,144.27,207.4
huevalue_wp0.75_g1.0_k1.0_s1.3,main,0.75,1.0,1.0,1.3,122,270.0,82.48,137.37,212.5
huevalue_wp0.75_g1.0_k1.0_s1.3,main,0.75,1.0,1.0,1.3,122,300.0,25.75,111.78,249.8
huevalue_wp0.75_g1.0_k1.0_s1.3,main,0.75,1.0,1.0,1.3,122,330.0,102.61,45.71,0.5
huevalue_wp0.75_g1.0_k1.0_s1.3,main,0.75,1.0,1.0,1.3,163,0.0,0.0,255.0,
huevalue_wp0.75_g1.0_k1.0_s1.3,main,0.75,1.0,1.0,1.3,163,30.0,121.2,146.12,1.6
huevalue_wp0.75_g1.0_k1.0_s1.3,main,0.75,1.0,1.0,1.3,163,60.0,168.04,116.05,19.4
huevalue_wp0.75_g1.0_k1.0_s1.3,main,0.75,1.0,1.0,1.3,163,90.0,174.47,155.3,43.6
huevalue_wp0.75_g1.0_k1.0_s1.3,main,0.75,1.0,1.0,1.3,163,120.0,86.55,108.01,65.2
huevalue_wp0.75_g1.0_k1.0_s1.3,main,0.75,1.0,1.0,1.3,163,150.0,36.02,112.02,140.5
huevalue_wp0.75_g1.0_k1.0_s1.3,main,0.75,1.0,1.0,1.3,163,180.0,19.06,182.91,108.4
huevalue_wp0.75_g1.0_k1.0_s1.3,main,0.75,1.0,1.0,1.3,163,210.0,35.65,200.43,203.0
huevalue_wp0.75_g1.0_k1.0_s1.3,main,0.75,1.0,1.0,1.3,163,240.0,74.36,154.54,210.8
huevalue_wp0.75_g1.0_k1.0_s1.3,main,0.75,1.0,1.0,1.3,163,270.0,61.5,170.63,213.3
huevalue_wp0.75_g1.0_k1.0_s1.3,main,0.75,1.0,1.0,1.3,163,300.0,17.93,176.92,354.3
huevalue_wp0.75_g1.0_k1.0_s1.3,main,0.75,1.0,1.0,1.3,163,330.0,153.31,93.45,6.0
huevalue_wp0.75_g1.0_k1.0_s1.3,main,0.75,1.0,1.0,1.3,204,0.0,0.15,254.95,
huevalue_wp0.75_g1.0_k1.0_s1.3,main,0.75,1.0,1.0,1.3,204,30.0,210.29,100.1,1.1
huevalue_wp0.75_g1.0_k1.0_s1.3,main,0.75,1.0,1.0,1.3,204,60.0,222.35,138.86,25.6
huevalue_wp0.75_g1.0_k1.0_s1.3,main,0.75,1.0,1.0,1.3,204,90.0,179.11,191.34,56.6
huevalue_wp0.75_g1.0_k1.0_s1.3,main,0.75,1.0,1.0,1.3,204,120.0,127.72,157.09,50.1
huevalue_wp0.75_g1.0_k1.0_s1.3,main,0.75,1.0,1.0,1.3,204,150.0,36.04,127.81,129.9
huevalue_wp0.75_g1.0_k1.0_s1.3,main,0.75,1.0,1.0,1.3,204,180.0,18.92,222.58,71.2
huevalue_wp0.75_g1.0_k1.0_s1.3,main,0.75,1.0,1.0,1.3,204,210.0,37.21,209.36,204.6
huevalue_wp0.75_g1.0_k1.0_s1.3,main,0.75,1.0,1.0,1.3,204,240.0,80.38,159.02,211.3
huevalue_wp0.75_g1.0_k1.0_s1.3,main,0.75,1.0,1.0,1.3,204,270.0,51.06,210.79,206.2
huevalue_wp0.75_g1.0_k1.0_s1.3,main,0.75,1.0,1.0,1.3,204,300.0,14.9,247.55,173.6
huevalue_wp0.75_g1.0_k1.0_s1.3,main,0.75,1.0,1.0,1.3,204,330.0,166.87,152.0,13.3
huevalue_wp0.75_g1.0_k1.0_s1.3,main,0.75,1.0,1.0,1.3,245,0.0,1.88,254.37,
huevalue_wp0.75_g1.0_k1.0_s1.3,main,0.75,1.0,1.0,1.3,245,30.0,234.22,81.05,1.9
huevalue_wp0.75_g1.0_k1.0_s1.3,main,0.75,1.0,1.0,1.3,245,60.0,196.12,166.31,39.4
huevalue_wp0.75_g1.0_k1.0_s1.3,main,0.75,1.0,1.0,1.3,245,90.0,165.97,199.68,60.0
huevalue_wp0.75_g1.0_k1.0_s1.3,main,0.75,1.0,1.0,1.3,245,120.0,129.22,186.05,50.6
huevalue_wp0.75_g1.0_k1.0_s1.3,main,0.75,1.0,1.0,1.3,245,150.0,38.15,129.47,107.6
huevalue_wp0.75_g1.0_k1.0_s1.3,main,0.75,1.0,1.0,1.3,245,180.0,7.92,243.35,
huevalue_wp0.75_g1.0_k1.0_s1.3,main,0.75,1.0,1.0,1.3,245,210.0,27.6,235.85,197.5
huevalue_wp0.75_g1.0_k1.0_s1.3,main,0.75,1.0,1.0,1.3,245,240.0,130.11,106.39,200.0
huevalue_wp0.75_g1.0_k1.0_s1.3,main,0.75,1.0,1.0,1.3,245,270.0,25.76,245.73,184.0
huevalue_wp0.75_g1.0_k1.0_s1.3,main,0.75,1.0,1.0,1.3,245,300.0,17.71,243.3,170.7
huevalue_wp0.75_g1.0_k1.0_s1.3,main,0.75,1.0,1.0,1.3,245,330.0,103.37,184.14,13.7
huevalue_wp0.75_g1.0_k2.0_s1.0_hf0.5,main,0.75,1.0,2.0,1.0,40,0.0,0.85,248.11,
huevalue_wp0.75_g1.0_k2.0_s1.0_hf0.5,main,0.75,1.0,2.0,1.0,40,30.0,0.3,254.9,
huevalue_wp0.75_g1.0_k2.0_s1.0_hf0.5,main,0.75,1.0,2.0,1.0,40,60.0,0.95,58.51,
huevalue_wp0.75_g1.0_k2.0_s1.0_hf0.5,main,0.75,1.0,2.0,1.0,40,90.0,1.99,58.71,
huevalue_wp0.75_g1.0_k2.0_s1.0_hf0.5,main,0.75,1.0,2.0,1.0,40,120.0,0.61,42.1,
huevalue_wp0.75_g1.0_k2.0_s1.0_hf0.5,main,0.75,1.0,2.0,1.0,40,150.0,0.43,0.41,
huevalue_wp0.75_g1.0_k2.0_s1.0_hf0.5,main,0.75,1.0,2.0,1.0,40,180.0,1.43,7.3,
huevalue_wp0.75_g1.0_k2.0_s1.0_hf0.5,main,0.75,1.0,2.0,1.0,40,210.0,6.94,56.84,
huevalue_wp0.75_g1.0_k2.0_s1.0_hf0.5,main,0.75,1.0,2.0,1.0,40,240.0,17.94,58.47,228.6
huevalue_wp0.75_g1.0_k2.0_s1.0_hf0.5,main,0.75,1.0,2.0,1.0,40,270.0,18.56,55.58,230.8
huevalue_wp0.75_g1.0_k2.0_s1.0_hf0.5,main,0.75,1.0,2.0,1.0,40,300.0,11.45,4.07,237.5
huevalue_wp0.75_g1.0_k2.0_s1.0_hf0.5,main,0.75,1.0,2.0,1.0,40,330.0,2.27,3.02,
huevalue_wp0.75_g1.0_k2.0_s1.0_hf0.5,main,0.75,1.0,2.0,1.0,81,0.0,0.0,255.0,
huevalue_wp0.75_g1.0_k2.0_s1.0_hf0.5,main,0.75,1.0,2.0,1.0,81,30.0,4.19,221.92,
huevalue_wp0.75_g1.0_k2.0_s1.0_hf0.5,main,0.75,1.0,2.0,1.0,81,60.0,41.98,75.95,17.0
huevalue_wp0.75_g1.0_k2.0_s1.0_hf0.5,main,0.75,1.0,2.0,1.0,81,90.0,29.99,67.24,38.3
huevalue_wp0.75_g1.0_k2.0_s1.0_hf0.5,main,0.75,1.0,2.0,1.0,81,120.0,4.91,2.67,
huevalue_wp0.75_g1.0_k2.0_s1.0_hf0.5,main,0.75,1.0,2.0,1.0,81,150.0,8.29,2.89,119.4
huevalue_wp0.75_g1.0_k2.0_s1.0_hf0.5,main,0.75,1.0,2.0,1.0,81,180.0,25.07,54.54,148.4
huevalue_wp0.75_g1.0_k2.0_s1.0_hf0.5,main,0.75,1.0,2.0,1.0,81,210.0,43.72,80.79,189.4
huevalue_wp0.75_g1.0_k2.0_s1.0_hf0.5,main,0.75,1.0,2.0,1.0,81,240.0,58.62,93.09,203.1
huevalue_wp0.75_g1.0_k2.0_s1.0_hf0.5,main,0.75,1.0,2.0,1.0,81,270.0,53.12,68.25,213.9
huevalue_wp0.75_g1.0_k2.0_s1.0_hf0.5,main,0.75,1.0,2.0,1.0,81,300.0,47.54,32.79,230.3
huevalue_wp0.75_g1.0_k2.0_s1.0_hf0.5,main,0.75,1.0,2.0,1.0,81,330.0,12.75,12.29,307.1
huevalue_wp0.75_g1.0_k2.0_s1.0_hf0.5,main,0.75,1.0,2.0,1.0,122,0.0,0.0,255.0,
huevalue_wp0.75_g1.0_k2.0_s1.0_hf0.5,main,0.75,1.0,2.0,1.0,122,30.0,37.56,165.1,10.5
huevalue_wp0.75_g1.0_k2.0_s1.0_hf0.5,main,0.75,1.0,2.0,1.0,122,60.0,67.34,103.44,32.6
huevalue_wp0.75_g1.0_k2.0_s1.0_hf0.5,main,0.75,1.0,2.0,1.0,122,90.0,79.72,79.92,49.9
huevalue_wp0.75_g1.0_k2.0_s1.0_hf0.5,main,0.75,1.0,2.0,1.0,122,120.0,57.88,52.56,75.6
huevalue_wp0.75_g1.0_k2.0_s1.0_hf0.5,main,0.75,1.0,2.0,1.0,122,150.0,34.09,84.15,125.2
huevalue_wp0.75_g1.0_k2.0_s1.0_hf0.5,main,0.75,1.0,2.0,1.0,122,180.0,28.89,137.09,152.9
huevalue_wp0.75_g1.0_k2.0_s1.0_hf0.5,main,0.75,1.0,2.0,1.0,122,210.0,34.72,155.05,192.0
huevalue_wp0.75_g1.0_k2.0_s1.0_hf0.5,main,0.75,1.0,2.0,1.0,122,240.0,63.67,144.23,208.7
huevalue_wp0.75_g1.0_k2.0_s1.0_hf0.5,main,0.75,1.0,2.0,1.0,122,270.0,47.81,123.78,224.4
huevalue_wp0.75_g1.0_k2.0_s1.0_hf0.5,main,0.75,1.0,2.0,1.0,122,300.0,38.53,89.72,236.3
huevalue_wp0.75_g1.0_k2.0_s1.0_hf0.5,main,0.75,1.0,2.0,1.0,122,330.0,26.44,44.84,321.7
huevalue_wp0.75_g1.0_k2.0_s1.0_hf0.5,main,0.75,1.0,2.0,1.0,163,0.0,0.0,255.0,
huevalue_wp0.75_g1.0_k2.0_s1.0_hf0.5,main,0.75,1.0,2.0,1.0,163,30.0,94.06,144.09,16.7
huevalue_wp0.75_g1.0_k2.0_s1.0_hf0.5,main,0.75,1.0,2.0,1.0,163,60.0,119.01,144.56,29.1
huevalue_wp0.75_g1.0_k2.0_s1.0_hf0.5,main,0.75,1.0,2.0,1.0,163,90.0,127.95,161.45,41.9
huevalue_wp0.75_g1.0_k2.0_s1.0_hf0.5,main,0.75,1.0,2.0,1.0,163,120.0,90.25,154.3,55.3
huevalue_wp0.75_g1.0_k2.0_s1.0_hf0.5,main,0.75,1.0,2.0,1.0,163,150.0,39.36,168.82,68.2
huevalue_wp0.75_g1.0_k2.0_s1.0_hf0.5,main,0.75,1.0,2.0,1.0,163,180.0,20.54,201.0,97.1
huevalue_wp0.75_g1.0_k2.0_s1.0_hf0.5,main,0.75,1.0,2.0,1.0,163,210.0,27.57,203.96,195.5
huevalue_wp0.75_g1.0_k2.0_s1.0_hf0.5,main,0.75,1.0,2.0,1.0,163,240.0,55.25,179.27,210.5
huevalue_wp0.75_g1.0_k2.0_s1.0_hf0.5,main,0.75,1.0,2.0,1.0,163,270.0,44.78,174.28,216.6
huevalue_wp0.75_g1.0_k2.0_s1.0_hf0.5,main,0.75,1.0,2.0,1.0,163,300.0,9.4,159.55,302.5
huevalue_wp0.75_g1.0_k2.0_s1.0_hf0.5,main,0.75,1.0,2.0,1.0,163,330.0,54.35,115.9,357.6
huevalue_wp0.75_g1.0_k2.0_s1.0_hf0.5,main,0.75,1.0,2.0,1.0,204,0.0,0.73,254.76,
huevalue_wp0.75_g1.0_k2.0_s1.0_hf0.5,main,0.75,1.0,2.0,1.0,204,30.0,140.07,154.41,12.3
huevalue_wp0.75_g1.0_k2.0_s1.0_hf0.5,main,0.75,1.0,2.0,1.0,204,60.0,126.85,188.46,27.9
huevalue_wp0.75_g1.0_k2.0_s1.0_hf0.5,main,0.75,1.0,2.0,1.0,204,90.0,107.78,214.58,53.4
huevalue_wp0.75_g1.0_k2.0_s1.0_hf0.5,main,0.75,1.0,2.0,1.0,204,120.0,81.34,215.9,51.6
huevalue_wp0.75_g1.0_k2.0_s1.0_hf0.5,main,0.75,1.0,2.0,1.0,204,150.0,47.75,217.14,53.8
huevalue_wp0.75_g1.0_k2.0_s1.0_hf0.5,main,0.75,1.0,2.0,1.0,204,180.0,15.89,244.64,66.0
huevalue_wp0.75_g1.0_k2.0_s1.0_hf0.5,main,0.75,1.0,2.0,1.0,204,210.0,21.95,231.25,203.4
huevalue_wp0.75_g1.0_k2.0_s1.0_hf0.5,main,0.75,1.0,2.0,1.0,204,240.0,44.8,210.9,208.2
huevalue_wp0.75_g1.0_k2.0_s1.0_hf0.5,main,0.75,1.0,2.0,1.0,204,270.0,44.21,222.78,201.5
huevalue_wp0.75_g1.0_k2.0_s1.0_hf0.5,main,0.75,1.0,2.0,1.0,204,300.0,16.86,208.81,16.1
huevalue_wp0.75_g1.0_k2.0_s1.0_hf0.5,main,0.75,1.0,2.0,1.0,204,330.0,113.72,163.46,13.3
huevalue_wp0.75_g1.0_k2.0_s1.0_hf0.5,main,0.75,1.0,2.0,1.0,245,0.0,7.22,252.59,
huevalue_wp0.75_g1.0_k2.0_s1.0_hf0.5,main,0.75,1.0,2.0,1.0,245,30.0,91.16,188.91,12.6
huevalue_wp0.75_g1.0_k2.0_s1.0_hf0.5,main,0.75,1.0,2.0,1.0,245,60.0,69.05,225.32,43.7
huevalue_wp0.75_g1.0_k2.0_s1.0_hf0.5,main,0.75,1.0,2.0,1.0,245,90.0,51.55,237.82,60.0
huevalue_wp0.75_g1.0_k2.0_s1.0_hf0.5,main,0.75,1.0,2.0,1.0,245,120.0,45.89,237.79,59.1
huevalue_wp0.75_g1.0_k2.0_s1.0_hf0.5,main,0.75,1.0,2.0,1.0,245,150.0,27.39,224.9,70.8
huevalue_wp0.75_g1.0_k2.0_s1.0_hf0.5,main,0.75,1.0,2.0,1.0,245,180.0,6.05,251.3,
huevalue_wp0.75_g1.0_k2.0_s1.0_hf0.5,main,0.75,1.0,2.0,1.0,245,210.0,9.24,251.91,180.1
huevalue_wp0.75_g1.0_k2.0_s1.0_hf0.5,main,0.75,1.0,2.0,1.0,245,240.0,39.76,206.25,198.6
huevalue_wp0.75_g1.0_k2.0_s1.0_hf0.5,main,0.75,1.0,2.0,1.0,245,270.0,3.92,253.69,
huevalue_wp0.75_g1.0_k2.0_s1.0_hf0.5,main,0.75,1.0,2.0,1.0,245,300.0,16.68,241.57,167.6
huevalue_wp0.75_g1.0_k2.0_s1.0_hf0.5,main,0.75,1.0,2.0,1.0,245,330.0,45.77,218.82,15.0
huevalue_wp0.75_g1.0_k1.0_s1.0_iso,main,0.75,1.0,1.0,1.0,40,0.0,2.09,215.56,
huevalue_wp0.75_g1.0_k1.0_s1.0_iso,main,0.75,1.0,1.0,1.0,40,30.0,0.13,254.96,
huevalue_wp0.75_g1.0_k1.0_s1.0_iso,main,0.75,1.0,1.0,1.0,40,60.0,4.58,72.58,
huevalue_wp0.75_g1.0_k1.0_s1.0_iso,main,0.75,1.0,1.0,1.0,40,90.0,3.91,71.54,
huevalue_wp0.75_g1.0_k1.0_s1.0_iso,main,0.75,1.0,1.0,1.0,40,120.0,1.29,67.26,
huevalue_wp0.75_g1.0_k1.0_s1.0_iso,main,0.75,1.0,1.0,1.0,40,150.0,1.88,16.89,
huevalue_wp0.75_g1.0_k1.0_s1.0_iso,main,0.75,1.0,1.0,1.0,40,180.0,1.33,14.52,
huevalue_wp0.75_g1.0_k1.0_s1.0_iso,main,0.75,1.0,1.0,1.0,40,210.0,8.02,66.4,217.4
huevalue_wp0.75_g1.0_k1.0_s1.0_iso,main,0.75,1.0,1.0,1.0,40,240.0,19.05,64.74,228.8
huevalue_wp0.75_g1.0_k1.0_s1.0_iso,main,0.75,1.0,1.0,1.0,40,270.0,20.65,62.86,234.6
huevalue_wp0.75_g1.0_k1.0_s1.0_iso,main,0.75,1.0,1.0,1.0,40,300.0,11.18,13.04,234.5
huevalue_wp0.75_g1.0_k1.0_s1.0_iso,main,0.75,1.0,1.0,1.0,40,330.0,0.79,8.62,
huevalue_wp0.75_g1.0_k1.0_s1.0_iso,main,0.75,1.0,1.0,1.0,81,0.0,0.0,255.0,
huevalue_wp0.75_g1.0_k1.0_s1.0_iso,main,0.75,1.0,1.0,1.0,81,30.0,1.61,247.33,
huevalue_wp0.75_g1.0_k1.0_s1.0_iso,main,0.75,1.0,1.0,1.0,81,60.0,49.92,72.87,3.9
huevalue_wp0.75_g1.0_k1.0_s1.0_iso,main,0.75,1.0,1.0,1.0,81,90.0,26.39,70.21,39.7
huevalue_wp0.75_g1.0_k1.0_s1.0_iso,main,0.75,1.0,1.0,1.0,81,120.0,9.8,10.5,118.7
huevalue_wp0.75_g1.0_k1.0_s1.0_iso,main,0.75,1.0,1.0,1.0,81,150.0,7.18,2.39,
huevalue_wp0.75_g1.0_k1.0_s1.0_iso,main,0.75,1.0,1.0,1.0,81,180.0,15.31,35.68,129.1
huevalue_wp0.75_g1.0_k1.0_s1.0_iso,main,0.75,1.0,1.0,1.0,81,210.0,43.1,75.65,195.0
huevalue_wp0.75_g1.0_k1.0_s1.0_iso,main,0.75,1.0,1.0,1.0,81,240.0,63.6,85.81,208.1
huevalue_wp0.75_g1.0_k1.0_s1.0_iso,main,0.75,1.0,1.0,1.0,81,270.0,69.24,71.77,213.2
huevalue_wp0.75_g1.0_k1.0_s1.0_iso,main,0.75,1.0,1.0,1.0,81,300.0,39.95,31.82,240.3
huevalue_wp0.75_g1.0_k1.0_s1.0_iso,main,0.75,1.0,1.0,1.0,81,330.0,34.21,13.22,0.0
huevalue_wp0.75_g1.0_k1.0_s1.0_iso,main,0.75,1.0,1.0,1.0,122,0.0,0.0,255.0,
huevalue_wp0.75_g1.0_k1.0_s1.0_iso,main,0.75,1.0,1.0,1.0,122,30.0,40.75,184.53,1.9
huevalue_wp0.75_g1.0_k1.0_s1.0_iso,main,0.75,1.0,1.0,1.0,122,60.0,89.44,94.38,16.4
huevalue_wp0.75_g1.0_k1.0_s1.0_iso,main,0.75,1.0,1.0,1.0,122,90.0,69.96,86.96,49.7
huevalue_wp0.75_g1.0_k1.0_s1.0_iso,main,0.75,1.0,1.0,1.0,122,120.0,45.39,43.31,123.8
huevalue_wp0.75_g1.0_k1.0_s1.0_iso,main,0.75,1.0,1.0,1.0,122,150.0,46.48,69.03,147.0
huevalue_wp0.75_g1.0_k1.0_s1.0_iso,main,0.75,1.0,1.0,1.0,122,180.0,33.24,120.04,152.4
huevalue_wp0.75_g1.0_k1.0_s1.0_iso,main,0.75,1.0,1.0,1.0,122,210.0,48.87,144.04,199.6
huevalue_wp0.75_g1.0_k1.0_s1.0_iso,main,0.75,1.0,1.0,1.0,122,240.0,76.52,135.64,209.2
huevalue_wp0.75_g1.0_k1.0_s1.0_iso,main,0.75,1.0,1.0,1.0,122,270.0,73.62,118.72,219.5
huevalue_wp0.75_g1.0_k1.0_s1.0_iso,main,0.75,1.0,1.0,1.0,122,300.0,37.49,86.15,243.7
huevalue_wp0.75_g1.0_k1.0_s1.0_iso,main,0.75,1.0,1.0,1.0,122,330.0,82.05,36.74,355.6
huevalue_wp0.75_g1.0_k1.0_s1.0_iso,main,0.75,1.0,1.0,1.0,163,0.0,0.0,255.0,
huevalue_wp0.75_g1.0_k1.0_s1.0_iso,main,0.75,1.0,1.0,1.0,163,30.0,114.9,129.2,1.1
huevalue_wp0.75_g1.0_k1.0_s1.0_iso,main,0.75,1.0,1.0,1.0,163,60.0,146.71,110.91,23.4
huevalue_wp0.75_g1.0_k1.0_s1.0_iso,main,0.75,1.0,1.0,1.0,163,90.0,166.43,147.66,43.5
huevalue_wp0.75_g1.0_k1.0_s1.0_iso,main,0.75,1.0,1.0,1.0,163,120.0,89.9,112.78,58.4
huevalue_wp0.75_g1.0_k1.0_s1.0_iso,main,0.75,1.0,1.0,1.0,163,150.0,33.86,114.05,138.8
huevalue_wp0.75_g1.0_k1.0_s1.0_iso,main,0.75,1.0,1.0,1.0,163,180.0,19.78,178.76,106.2
huevalue_wp0.75_g1.0_k1.0_s1.0_iso,main,0.75,1.0,1.0,1.0,163,210.0,38.69,188.75,204.0
huevalue_wp0.75_g1.0_k1.0_s1.0_iso,main,0.75,1.0,1.0,1.0,163,240.0,75.77,147.08,212.1
huevalue_wp0.75_g1.0_k1.0_s1.0_iso,main,0.75,1.0,1.0,1.0,163,270.0,65.89,157.0,213.4
huevalue_wp0.75_g1.0_k1.0_s1.0_iso,main,0.75,1.0,1.0,1.0,163,300.0,12.09,156.06,309.2
huevalue_wp0.75_g1.0_k1.0_s1.0_iso,main,0.75,1.0,1.0,1.0,163,330.0,107.49,76.83,0.3
huevalue_wp0.75_g1.0_k1.0_s1.0_iso,main,0.75,1.0,1.0,1.0,204,0.0,1.31,254.56,
huevalue_wp0.75_g1.0_k1.0_s1.0_iso,main,0.75,1.0,1.0,1.0,204,30.0,211.57,89.71,1.0
huevalue_wp0.75_g1.0_k1.0_s1.0_iso,main,0.75,1.0,1.0,1.0,204,60.0,212.74,144.46,26.4
huevalue_wp0.75_g1.0_k1.0_s1.0_iso,main,0.75,1.0,1.0,1.0,204,90.0,181.43,187.55,54.0
huevalue_wp0.75_g1.0_k1.0_s1.0_iso,main,0.75,1.0,1.0,1.0,204,120.0,130.73,165.66,50.0
huevalue_wp0.75_g1.0_k1.0_s1.0_iso,main,0.75,1.0,1.0,1.0,204,150.0,46.0,145.01,75.7
huevalue_wp0.75_g1.0_k1.0_s1.0_iso,main,0.75,1.0,1.0,1.0,204,180.0,21.41,226.23,65.1
huevalue_wp0.75_g1.0_k1.0_s1.0_iso,main,0.75,1.0,1.0,1.0,204,210.0,39.42,198.78,202.7
huevalue_wp0.75_g1.0_k1.0_s1.0_iso,main,0.75,1.0,1.0,1.0,204,240.0,79.35,154.63,213.8
huevalue_wp0.75_g1.0_k1.0_s1.0_iso,main,0.75,1.0,1.0,1.0,204,270.0,53.8,195.11,207.7
huevalue_wp0.75_g1.0_k1.0_s1.0_iso,main,0.75,1.0,1.0,1.0,204,300.0,16.95,205.83,11.9
huevalue_wp0.75_g1.0_k1.0_s1.0_iso,main,0.75,1.0,1.0,1.0,204,330.0,163.74,140.82,12.2
huevalue_wp0.75_g1.0_k1.0_s1.0_iso,main,0.75,1.0,1.0,1.0,245,0.0,7.53,252.41,
huevalue_wp0.75_g1.0_k1.0_s1.0_iso,main,0.75,1.0,1.0,1.0,245,30.0,227.68,97.05,9.4
huevalue_wp0.75_g1.0_k1.0_s1.0_iso,main,0.75,1.0,1.0,1.0,245,60.0,182.09,169.59,36.1
huevalue_wp0.75_g1.0_k1.0_s1.0_iso,main,0.75,1.0,1.0,1.0,245,90.0,141.02,207.92,59.9
huevalue_wp0.75_g1.0_k1.0_s1.0_iso,main,0.75,1.0,1.0,1.0,245,120.0,116.29,195.8,49.7
huevalue_wp0.75_g1.0_k1.0_s1.0_iso,main,0.75,1.0,1.0,1.0,245,150.0,43.2,160.34,78.8
huevalue_wp0.75_g1.0_k1.0_s1.0_iso,main,0.75,1.0,1.0,1.0,245,180.0,7.18,243.64,
huevalue_wp0.75_g1.0_k1.0_s1.0_iso,main,0.75,1.0,1.0,1.0,245,210.0,34.63,226.79,196.8
huevalue_wp0.75_g1.0_k1.0_s1.0_iso,main,0.75,1.0,1.0,1.0,245,240.0,124.58,107.02,200.7
huevalue_wp0.75_g1.0_k1.0_s1.0_iso,main,0.75,1.0,1.0,1.0,245,270.0,42.7,234.53,198.4
huevalue_wp0.75_g1.0_k1.0_s1.0_iso,main,0.75,1.0,1.0,1.0,245,300.0,16.37,239.41,174.9
huevalue_wp0.75_g1.0_k1.0_s1.0_iso,main,0.75,1.0,1.0,1.0,245,330.0,109.73,175.06,13.0
huevalue_wp0.75_g2.2_k1.5_s1.0,main,0.75,2.2,1.5,1.0,40,0.0,1.22,227.77,
huevalue_wp0.75_g2.2_k1.5_s1.0,main,0.75,2.2,1.5,1.0,40,30.0,0.03,254.98,
huevalue_wp0.75_g2.2_k1.5_s1.0,main,0.75,2.2,1.5,1.0,40,60.0,3.62,44.92,
huevalue_wp0.75_g2.2_k1.5_s1.0,main,0.75,2.2,1.5,1.0,40,90.0,3.7,43.95,
huevalue_wp0.75_g2.2_k1.5_s1.0,main,0.75,2.2,1.5,1.0,40,120.0,4.93,38.74,
huevalue_wp0.75_g2.2_k1.5_s1.0,main,0.75,2.2,1.5,1.0,40,150.0,0.25,0.32,
huevalue_wp0.75_g2.2_k1.5_s1.0,main,0.75,2.2,1.5,1.0,40,180.0,0.16,0.47,
huevalue_wp0.75_g2.2_k1.5_s1.0,main,0.75,2.2,1.5,1.0,40,210.0,3.19,38.08,
huevalue_wp0.75_g2.2_k1.5_s1.0,main,0.75,2.2,1.5,1.0,40,240.0,4.75,41.41,
huevalue_wp0.75_g2.2_k1.5_s1.0,main,0.75,2.2,1.5,1.0,40,270.0,6.68,44.78,
huevalue_wp0.75_g2.2_k1.5_s1.0,main,0.75,2.2,1.5,1.0,40,300.0,5.19,1.98,
huevalue_wp0.75_g2.2_k1.5_s1.0,main,0.75,2.2,1.5,1.0,40,330.0,0.0,0.0,
huevalue_wp0.75_g2.2_k1.5_s1.0,main,0.75,2.2,1.5,1.0,81,0.0,0.0,255.0,
huevalue_wp0.75_g2.2_k1.5_s1.0,main,0.75,2.2,1.5,1.0,81,30.0,1.38,231.79,
huevalue_wp0.75_g2.2_k1.5_s1.0,main,0.75,2.2,1.5,1.0,81,60.0,18.2,48.28,1.2
huevalue_wp0.75_g2.2_k1.5_s1.0,main,0.75,2.2,1.5,1.0,81,90.0,16.67,49.16,14.5
huevalue_wp0.75_g2.2_k1.5_s1.0,main,0.75,2.2,1.5,1.0,81,120.0,1.15,5.01,
huevalue_wp0.75_g2.2_k1.5_s1.0,main,0.75,2.2,1.5,1.0,81,150.0,9.94,15.96,13.2
huevalue_wp0.75_g2.2_k1.5_s1.0,main,0.75,2.2,1.5,1.0,81,180.0,9.15,57.21,0.4
huevalue_wp0.75_g2.2_k1.5_s1.0,main,0.75,2.2,1.5,1.0,81,210.0,12.43,89.09,282.2
huevalue_wp0.75_g2.2_k1.5_s1.0,main,0.75,2.2,1.5,1.0,81,240.0,18.04,95.15,245.0
huevalue_wp0.75_g2.2_k1.5_s1.0,main,0.75,2.2,1.5,1.0,81,270.0,18.19,95.25,258.0
huevalue_wp0.75_g2.2_k1.5_s1.0,main,0.75,2.2,1.5,1.0,81,300.0,23.43,45.13,255.6
huevalue_wp0.75_g2.2_k1.5_s1.0,main,0.75,2.2,1.5,1.0,81,330.0,0.3,0.17,
huevalue_wp0.75_g2.2_k1.5_s1.0,main,0.75,2.2,1.5,1.0,122,0.0,0.4,254.81,
huevalue_wp0.75_g2.2_k1.5_s1.0,main,0.75,2.2,1.5,1.0,122,30.0,14.2,150.68,5.6
huevalue_wp0.75_g2.2_k1.5_s1.0,main,0.75,2.2,1.5,1.0,122,60.0,52.42,64.03,10.3
huevalue_wp0.75_g2.2_k1.5_s1.0,main,0.75,2.2,1.5,1.0,122,90.0,41.63,42.11,35.4
huevalue_wp0.75_g2.2_k1.5_s1.0,main,0.75,2.2,1.5,1.0,122,120.0,25.0,20.93,106.7
huevalue_wp0.75_g2.2_k1.5_s1.0,main,0.75,2.2,1.5,1.0,122,150.0,11.53,55.65,75.5
huevalue_wp0.75_g2.2_k1.5_s1.0,main,0.75,2.2,1.5,1.0,122,180.0,10.46,100.64,34.8
huevalue_wp0.75_g2.2_k1.5_s1.0,main,0.75,2.2,1.5,1.0,122,210.0,20.56,114.98,218.3
huevalue_wp0.75_g2.2_k1.5_s1.0,main,0.75,2.2,1.5,1.0,122,240.0,34.88,119.98,228.6
huevalue_wp0.75_g2.2_k1.5_s1.0,main,0.75,2.2,1.5,1.0,122,270.0,35.58,106.28,230.7
huevalue_wp0.75_g2.2_k1.5_s1.0,main,0.75,2.2,1.5,1.0,122,300.0,26.58,67.39,264.4
huevalue_wp0.75_g2.2_k1.5_s1.0,main,0.75,2.2,1.5,1.0,122,330.0,26.95,11.25,1.0
huevalue_wp0.75_g2.2_k1.5_s1.0,main,0.75,2.2,1.5,1.0,163,0.0,7.98,247.95,
huevalue_wp0.75_g2.2_k1.5_s1.0,main,0.75,2.2,1.5,1.0,163,30.0,86.72,87.84,1.9
huevalue_wp0.75_g2.2_k1.5_s1.0,main,0.75,2.2,1.5,1.0,163,60.0,102.92,61.19,10.4
huevalue_wp0.75_g2.2_k1.5_s1.0,main,0.75,2.2,1.5,1.0,163,90.0,52.49,68.84,44.8
huevalue_wp0.75_g2.2_k1.5_s1.0,main,0.75,2.2,1.5,1.0,163,120.0,50.09,50.49,139.7
huevalue_wp0.75_g2.2_k1.5_s1.0,main,0.75,2.2,1.5,1.0,163,150.0,33.86,89.4,106.9
huevalue_wp0.75_g2.2_k1.5_s1.0,main,0.75,2.2,1.5,1.0,163,180.0,38.04,84.9,152.1
huevalue_wp0.75_g2.2_k1.5_s1.0,main,0.75,2.2,1.5,1.0,163,210.0,77.39,97.38,204.5
huevalue_wp0.75_g2.2_k1.5_s1.0,main,0.75,2.2,1.5,1.0,163,240.0,71.41,138.26,215.8
huevalue_wp0.75_g2.2_k1.5_s1.0,main,0.75,2.2,1.5,1.0,163,270.0,68.43,124.7,219.8
huevalue_wp0.75_g2.2_k1.5_s1.0,main,0.75,2.2,1.5,1.0,163,300.0,32.42,86.02,252.8
huevalue_wp0.75_g2.2_k1.5_s1.0,main,0.75,2.2,1.5,1.0,163,330.0,90.81,37.92,0.4
huevalue_wp0.75_g2.2_k1.5_s1.0,main,0.75,2.2,1.5,1.0,204,0.0,12.61,233.46,161.3
huevalue_wp0.75_g2.2_k1.5_s1.0,main,0.75,2.2,1.5,1.0,204,30.0,171.41,59.12,1.1
huevalue_wp0.75_g2.2_k1.5_s1.0,main,0.75,2.2,1.5,1.0,204,60.0,155.33,87.24,13.4
huevalue_wp0.75_g2.2_k1.5_s1.0,main,0.75,2.2,1.5,1.0,204,90.0,150.95,156.82,46.2
huevalue_wp0.75_g2.2_k1.5_s1.0,main,0.75,2.2,1.5,1.0,204,120.0,55.84,114.53,70.1
huevalue_wp0.75_g2.2_k1.5_s1.0,main,0.75,2.2,1.5,1.0,204,150.0,39.77,59.52,126.6
huevalue_wp0.75_g2.2_k1.5_s1.0,main,0.75,2.2,1.5,1.0,204,180.0,23.43,147.39,125.8
huevalue_wp0.75_g2.2_k1.5_s1.0,main,0.75,2.2,1.5,1.0,204,210.0,63.49,154.13,207.4
huevalue_wp0.75_g2.2_k1.5_s1.0,main,0.75,2.2,1.5,1.0,204,240.0,118.23,69.18,212.8
huevalue_wp0.75_g2.2_k1.5_s1.0,main,0.75,2.2,1.5,1.0,204,270.0,75.43,153.73,215.0
huevalue_wp0.75_g2.2_k1.5_s1.0,main,0.75,2.2,1.5,1.0,204,300.0,8.89,155.51,290.9
huevalue_wp0.75_g2.2_k1.5_s1.0,main,0.75,2.2,1.5,1.0,204,330.0,158.42,65.39,1.1
huevalue_wp0.75_g2.2_k1.5_s1.0,main,0.75,2.2,1.5,1.0,245,0.0,14.21,230.74,166.4
huevalue_wp0.75_g2.2_k1.5_s1.0,main,0.75,2.2,1.5,1.0,245,30.0,0.02,0.11,
huevalue_wp0.75_g2.2_k1.5_s1.0,main,0.75,2.2,1.5,1.0,245,60.0,1.53,9.74,
huevalue_wp0.75_g2.2_k1.5_s1.0,main,0.75,2.2,1.5,1.0,245,90.0,134.54,71.87,203.3
huevalue_wp0.75_g2.2_k1.5_s1.0,main,0.75,2.2,1.5,1.0,245,120.0,87.72,94.58,196.9
huevalue_wp0.75_g2.2_k1.5_s1.0,main,0.75,2.2,1.5,1.0,245,150.0,25.59,100.12,120.9
huevalue_wp0.75_g2.2_k1.5_s1.0,main,0.75,2.2,1.5,1.0,245,180.0,123.94,141.23,7.1
huevalue_wp0.75_g2.2_k1.5_s1.0,main,0.75,2.2,1.5,1.0,245,210.0,183.28,122.96,6.1
huevalue_wp0.75_g2.2_k1.5_s1.0,main,0.75,2.2,1.5,1.0,245,240.0,171.92,197.54,59.9
huevalue_wp0.75_g2.2_k1.5_s1.0,main,0.75,2.2,1.5,1.0,245,270.0,91.57,224.48,60.0
huevalue_wp0.75_g2.2_k1.5_s1.0,main,0.75,2.2,1.5,1.0,245,300.0,15.98,235.53,180.2
huevalue_wp0.75_g2.2_k1.5_s1.0,main,0.75,2.2,1.5,1.0,245,330.0,6.28,245.78,
huevalue_wp0.88_g1.0_k2.0_s0.7,main,0.88,1.0,2.0,0.7,40,0.0,1.15,242.22,
huevalue_wp0.88_g1.0_k2.0_s0.7,main,0.88,1.0,2.0,0.7,40,30.0,0.0,255.0,
huevalue_wp0.88_g1.0_k2.0_s0.7,main,0.88,1.0,2.0,0.7,40,60.0,3.64,63.61,
huevalue_wp0.88_g1.0_k2.0_s0.7,main,0.88,1.0,2.0,0.7,40,90.0,0.7,60.3,
huevalue_wp0.88_g1.0_k2.0_s0.7,main,0.88,1.0,2.0,0.7,40,120.0,0.37,34.54,
huevalue_wp0.88_g1.0_k2.0_s0.7,main,0.88,1.0,2.0,0.7,40,150.0,0.0,0.0,
huevalue_wp0.88_g1.0_k2.0_s0.7,main,0.88,1.0,2.0,0.7,40,180.0,3.58,23.13,
huevalue_wp0.88_g1.0_k2.0_s0.7,main,0.88,1.0,2.0,0.7,40,210.0,8.77,57.37,214.9
huevalue_wp0.88_g1.0_k2.0_s0.7,main,0.88,1.0,2.0,0.7,40,240.0,23.45,60.5,233.4
huevalue_wp0.88_g1.0_k2.0_s0.7,main,0.88,1.0,2.0,0.7,40,270.0,18.67,29.72,240.4
huevalue_wp0.88_g1.0_k2.0_s0.7,main,0.88,1.0,2.0,0.7,40,300.0,18.57,6.19,240.0
huevalue_wp0.88_g1.0_k2.0_s0.7,main,0.88,1.0,2.0,0.7,40,330.0,3.63,33.66,
huevalue_wp0.88_g1.0_k2.0_s0.7,main,0.88,1.0,2.0,0.7,81,0.0,0.0,255.0,
huevalue_wp0.88_g1.0_k2.0_s0.7,main,0.88,1.0,2.0,0.7,81,30.0,2.42,237.51,
huevalue_wp0.88_g1.0_k2.0_s0.7,main,0.88,1.0,2.0,0.7,81,60.0,32.92,86.8,20.8
huevalue_wp0.88_g1.0_k2.0_s0.7,main,0.88,1.0,2.0,0.7,81,90.0,35.93,76.71,48.6
huevalue_wp0.88_g1.0_k2.0_s0.7,main,0.88,1.0,2.0,0.7,81,120.0,14.98,8.51,82.9
huevalue_wp0.88_g1.0_k2.0_s0.7,main,0.88,1.0,2.0,0.7,81,150.0,15.54,6.07,114.8
huevalue_wp0.88_g1.0_k2.0_s0.7,main,0.88,1.0,2.0,0.7,81,180.0,30.68,68.18,162.8
huevalue_wp0.88_g1.0_k2.0_s0.7,main,0.88,1.0,2.0,0.7,81,210.0,47.42,85.88,187.5
huevalue_wp0.88_g1.0_k2.0_s0.7,main,0.88,1.0,2.0,0.7,81,240.0,52.46,97.98,203.5
huevalue_wp0.88_g1.0_k2.0_s0.7,main,0.88,1.0,2.0,0.7,81,270.0,48.23,59.43,212.5
huevalue_wp0.88_g1.0_k2.0_s0.7,main,0.88,1.0,2.0,0.7,81,300.0,41.76,42.13,221.8
huevalue_wp0.88_g1.0_k2.0_s0.7,main,0.88,1.0,2.0,0.7,81,330.0,14.92,52.93,319.2
huevalue_wp0.88_g1.0_k2.0_s0.7,main,0.88,1.0,2.0,0.7,122,0.0,0.0,255.0,
huevalue_wp0.88_g1.0_k2.0_s0.7,main,0.88,1.0,2.0,0.7,122,30.0,27.4,184.8,18.8
huevalue_wp0.88_g1.0_k2.0_s0.7,main,0.88,1.0,2.0,0.7,122,60.0,62.2,130.97,30.8
huevalue_wp0.88_g1.0_k2.0_s0.7,main,0.88,1.0,2.0,0.7,122,90.0,94.99,130.11,41.9
huevalue_wp0.88_g1.0_k2.0_s0.7,main,0.88,1.0,2.0,0.7,122,120.0,74.32,106.11,51.3
huevalue_wp0.88_g1.0_k2.0_s0.7,main,0.88,1.0,2.0,0.7,122,150.0,39.98,120.76,76.7
huevalue_wp0.88_g1.0_k2.0_s0.7,main,0.88,1.0,2.0,0.7,122,180.0,18.65,163.63,118.9
huevalue_wp0.88_g1.0_k2.0_s0.7,main,0.88,1.0,2.0,0.7,122,210.0,26.85,172.03,187.9
huevalue_wp0.88_g1.0_k2.0_s0.7,main,0.88,1.0,2.0,0.7,122,240.0,49.29,154.46,209.8
huevalue_wp0.88_g1.0_k2.0_s0.7,main,0.88,1.0,2.0,0.7,122,270.0,39.21,132.96,224.7
huevalue_wp0.88_g1.0_k2.0_s0.7,main,0.88,1.0,2.0,0.7,122,300.0,25.29,110.33,242.6
huevalue_wp0.88_g1.0_k2.0_s0.7,main,0.88,1.0,2.0,0.7,122,330.0,14.38,96.19,330.6
huevalue_wp0.88_g1.0_k2.0_s0.7,main,0.88,1.0,2.0,0.7,163,0.0,0.0,255.0,
huevalue_wp0.88_g1.0_k2.0_s0.7,main,0.88,1.0,2.0,0.7,163,30.0,75.11,183.74,15.1
huevalue_wp0.88_g1.0_k2.0_s0.7,main,0.88,1.0,2.0,0.7,163,60.0,94.3,188.95,29.9
huevalue_wp0.88_g1.0_k2.0_s0.7,main,0.88,1.0,2.0,0.7,163,90.0,100.59,206.8,40.8
huevalue_wp0.88_g1.0_k2.0_s0.7,main,0.88,1.0,2.0,0.7,163,120.0,81.35,200.16,53.3
huevalue_wp0.88_g1.0_k2.0_s0.7,main,0.88,1.0,2.0,0.7,163,150.0,38.07,202.94,61.8
huevalue_wp0.88_g1.0_k2.0_s0.7,main,0.88,1.0,2.0,0.7,163,180.0,16.94,228.26,95.6
huevalue_wp0.88_g1.0_k2.0_s0.7,main,0.88,1.0,2.0,0.7,163,210.0,27.44,222.05,192.6
huevalue_wp0.88_g1.0_k2.0_s0.7,main,0.88,1.0,2.0,0.7,163,240.0,50.13,190.19,208.9
huevalue_wp0.88_g1.0_k2.0_s0.7,main,0.88,1.0,2.0,0.7,163,270.0,29.72,189.56,212.0
huevalue_wp0.88_g1.0_k2.0_s0.7,main,0.88,1.0,2.0,0.7,163,300.0,20.64,171.22,356.6
huevalue_wp0.88_g1.0_k2.0_s0.7,main,0.88,1.0,2.0,0.7,163,330.0,47.55,170.33,1.1
huevalue_wp0.88_g1.0_k2.0_s0.7,main,0.88,1.0,2.0,0.7,204,0.0,1.54,254.43,
huevalue_wp0.88_g1.0_k2.0_s0.7,main,0.88,1.0,2.0,0.7,204,30.0,76.72,198.8,12.3
huevalue_wp0.88_g1.0_k2.0_s0.7,main,0.88,1.0,2.0,0.7,204,60.0,55.92,227.12,30.4
huevalue_wp0.88_g1.0_k2.0_s0.7,main,0.88,1.0,2.0,0.7,204,90.0,33.93,243.69,60.0
huevalue_wp0.88_g1.0_k2.0_s0.7,main,0.88,1.0,2.0,0.7,204,120.0,30.69,244.75,59.9
huevalue_wp0.88_g1.0_k2.0_s0.7,main,0.88,1.0,2.0,0.7,204,150.0,21.94,247.55,59.6
huevalue_wp0.88_g1.0_k2.0_s0.7,main,0.88,1.0,2.0,0.7,204,180.0,0.37,254.88,
huevalue_wp0.88_g1.0_k2.0_s0.7,main,0.88,1.0,2.0,0.7,204,210.0,4.62,251.82,
huevalue_wp0.88_g1.0_k2.0_s0.7,main,0.88,1.0,2.0,0.7,204,240.0,31.86,237.97,200.4
huevalue_wp0.88_g1.0_k2.0_s0.7,main,0.88,1.0,2.0,0.7,204,270.0,22.52,246.99,183.3
huevalue_wp0.88_g1.0_k2.0_s0.7,main,0.88,1.0,2.0,0.7,204,300.0,16.08,243.72,178.1
huevalue_wp0.88_g1.0_k2.0_s0.7,main,0.88,1.0,2.0,0.7,204,330.0,43.66,223.43,10.1
huevalue_wp0.88_g1.0_k2.0_s0.7,main,0.88,1.0,2.0,0.7,245,0.0,12.16,249.29,179.9
huevalue_wp0.88_g1.0_k2.0_s0.7,main,0.88,1.0,2.0,0.7,245,30.0,7.44,237.62,
huevalue_wp0.88_g1.0_k2.0_s0.7,main,0.88,1.0,2.0,0.7,245,60.0,1.62,254.41,
huevalue_wp0.88_g1.0_k2.0_s0.7,main,0.88,1.0,2.0,0.7,245,90.0,4.23,253.59,
huevalue_wp0.88_g1.0_k2.0_s0.7,main,0.88,1.0,2.0,0.7,245,120.0,2.6,254.08,
huevalue_wp0.88_g1.0_k2.0_s0.7,main,0.88,1.0,2.0,0.7,245,150.0,8.02,248.42,138.7
huevalue_wp0.88_g1.0_k2.0_s0.7,main,0.88,1.0,2.0,0.7,245,180.0,4.75,253.22,
huevalue_wp0.88_g1.0_k2.0_s0.7,main,0.88,1.0,2.0,0.7,245,210.0,2.54,254.15,
huevalue_wp0.88_g1.0_k2.0_s0.7,main,0.88,1.0,2.0,0.7,245,240.0,11.64,247.08,178.4
huevalue_wp0.88_g1.0_k2.0_s0.7,main,0.88,1.0,2.0,0.7,245,270.0,1.24,254.59,
huevalue_wp0.88_g1.0_k2.0_s0.7,main,0.88,1.0,2.0,0.7,245,300.0,19.01,238.27,171.3
huevalue_wp0.88_g1.0_k2.0_s0.7,main,0.88,1.0,2.0,0.7,245,330.0,3.01,252.41,
huevalue_wp0.88_g1.0_k2.0_s1.3,main,0.88,1.0,2.0,1.3,40,0.0,1.29,230.75,
huevalue_wp0.88_g1.0_k2.0_s1.3,main,0.88,1.0,2.0,1.3,40,30.0,0.0,255.0,
huevalue_wp0.88_g1.0_k2.0_s1.3,main,0.88,1.0,2.0,1.3,40,60.0,8.38,63.49,358.6
huevalue_wp0.88_g1.0_k2.0_s1.3,main,0.88,1.0,2.0,1.3,40,90.0,8.23,60.15,8.4
huevalue_wp0.88_g1.0_k2.0_s1.3,main,0.88,1.0,2.0,1.3,40,120.0,2.72,45.14,
huevalue_wp0.88_g1.0_k2.0_s1.3,main,0.88,1.0,2.0,1.3,40,150.0,0.0,0.0,
huevalue_wp0.88_g1.0_k2.0_s1.3,main,0.88,1.0,2.0,1.3,40,180.0,0.86,6.79,
huevalue_wp0.88_g1.0_k2.0_s1.3,main,0.88,1.0,2.0,1.3,40,210.0,8.54,56.65,220.4
huevalue_wp0.88_g1.0_k2.0_s1.3,main,0.88,1.0,2.0,1.3,40,240.0,28.57,61.16,232.7
huevalue_wp0.88_g1.0_k2.0_s1.3,main,0.88,1.0,2.0,1.3,40,270.0,31.91,51.16,237.1
huevalue_wp0.88_g1.0_k2.0_s1.3,main,0.88,1.0,2.0,1.3,40,300.0,21.58,7.2,240.1
huevalue_wp0.88_g1.0_k2.0_s1.3,main,0.88,1.0,2.0,1.3,40,330.0,3.72,10.39,
huevalue_wp0.88_g1.0_k2.0_s1.3,main,0.88,1.0,2.0,1.3,81,0.0,0.0,255.0,
huevalue_wp0.88_g1.0_k2.0_s1.3,main,0.88,1.0,2.0,1.3,81,30.0,4.95,239.39,
huevalue_wp0.88_g1.0_k2.0_s1.3,main,0.88,1.0,2.0,1.3,81,60.0,58.96,85.05,13.2
huevalue_wp0.88_g1.0_k2.0_s1.3,main,0.88,1.0,2.0,1.3,81,90.0,37.28,78.94,46.3
huevalue_wp0.88_g1.0_k2.0_s1.3,main,0.88,1.0,2.0,1.3,81,120.0,19.8,9.41,113.1
huevalue_wp0.88_g1.0_k2.0_s1.3,main,0.88,1.0,2.0,1.3,81,150.0,25.62,8.89,121.4
huevalue_wp0.88_g1.0_k2.0_s1.3,main,0.88,1.0,2.0,1.3,81,180.0,35.37,60.34,152.1
huevalue_wp0.88_g1.0_k2.0_s1.3,main,0.88,1.0,2.0,1.3,81,210.0,58.75,88.4,192.8
huevalue_wp0.88_g1.0_k2.0_s1.3,main,0.88,1.0,2.0,1.3,81,240.0,83.71,98.16,204.3
huevalue_wp0.88_g1.0_k2.0_s1.3,main,0.88,1.0,2.0,1.3,81,270.0,77.58,67.47,214.7
huevalue_wp0.88_g1.0_k2.0_s1.3,main,0.88,1.0,2.0,1.3,81,300.0,58.06,44.22,230.1
huevalue_wp0.88_g1.0_k2.0_s1.3,main,0.88,1.0,2.0,1.3,81,330.0,34.76,35.48,325.2
huevalue_wp0.88_g1.0_k2.0_s1.3,main,0.88,1.0,2.0,1.3,122,0.0,0.0,255.0,
huevalue_wp0.88_g1.0_k2.0_s1.3,main,0.88,1.0,2.0,1.3,122,30.0,52.55,183.4,7.5
huevalue_wp0.88_g1.0_k2.0_s1.3,main,0.88,1.0,2.0,1.3,122,60.0,102.67,128.7,28.3
huevalue_wp0.88_g1.0_k2.0_s1.3,main,0.88,1.0,2.0,1.3,122,90.0,131.14,125.84,43.6
huevalue_wp0.88_g1.0_k2.0_s1.3,main,0.88,1.0,2.0,1.3,122,120.0,91.69,102.42,57.8
huevalue_wp0.88_g1.0_k2.0_s1.3,main,0.88,1.0,2.0,1.3,122,150.0,42.94,105.45,89.9
huevalue_wp0.88_g1.0_k2.0_s1.3,main,0.88,1.0,2.0,1.3,122,180.0,21.94,162.67,116.7
huevalue_wp0.88_g1.0_k2.0_s1.3,main,0.88,1.0,2.0,1.3,122,210.0,32.85,178.83,196.4
huevalue_wp0.88_g1.0_k2.0_s1.3,main,0.88,1.0,2.0,1.3,122,240.0,73.75,154.15,207.3
huevalue_wp0.88_g1.0_k2.0_s1.3,main,0.88,1.0,2.0,1.3,122,270.0,61.75,151.24,213.3
huevalue_wp0.88_g1.0_k2.0_s1.3,main,0.88,1.0,2.0,1.3,122,300.0,19.66,136.21,255.6
huevalue_wp0.88_g1.0_k2.0_s1.3,main,0.88,1.0,2.0,1.3,122,330.0,51.24,93.76,339.1
huevalue_wp0.88_g1.0_k2.0_s1.3,main,0.88,1.0,2.0,1.3,163,0.0,0.0,255.0,
huevalue_wp0.88_g1.0_k2.0_s1.3,main,0.88,1.0,2.0,1.3,163,30.0,132.46,162.51,9.9
huevalue_wp0.88_g1.0_k2.0_s1.3,main,0.88,1.0,2.0,1.3,163,60.0,147.18,174.42,27.0
huevalue_wp0.88_g1.0_k2.0_s1.3,main,0.88,1.0,2.0,1.3,163,90.0,151.29,192.61,46.9
huevalue_wp0.88_g1.0_k2.0_s1.3,main,0.88,1.0,2.0,1.3,163,120.0,112.28,179.15,49.7
huevalue_wp0.88_g1.0_k2.0_s1.3,main,0.88,1.0,2.0,1.3,163,150.0,38.59,181.24,63.4
huevalue_wp0.88_g1.0_k2.0_s1.3,main,0.88,1.0,2.0,1.3,163,180.0,15.42,229.41,104.4
huevalue_wp0.88_g1.0_k2.0_s1.3,main,0.88,1.0,2.0,1.3,163,210.0,30.5,225.72,195.0
huevalue_wp0.88_g1.0_k2.0_s1.3,main,0.88,1.0,2.0,1.3,163,240.0,55.73,184.49,208.5
huevalue_wp0.88_g1.0_k2.0_s1.3,main,0.88,1.0,2.0,1.3,163,270.0,44.04,208.18,204.2
huevalue_wp0.88_g1.0_k2.0_s1.3,main,0.88,1.0,2.0,1.3,163,300.0,10.46,206.36,0.2
huevalue_wp0.88_g1.0_k2.0_s1.3,main,0.88,1.0,2.0,1.3,163,330.0,91.31,182.41,8.6
huevalue_wp0.88_g1.0_k2.0_s1.3,main,0.88,1.0,2.0,1.3,204,0.0,2.62,254.08,
huevalue_wp0.88_g1.0_k2.0_s1.3,main,0.88,1.0,2.0,1.3,204,30.0,106.54,178.79,12.5
huevalue_wp0.88_g1.0_k2.0_s1.3,main,0.88,1.0,2.0,1.3,204,60.0,99.0,209.2,37.4
huevalue_wp0.88_g1.0_k2.0_s1.3,main,0.88,1.0,2.0,1.3,204,90.0,94.35,223.55,60.0
huevalue_wp0.88_g1.0_k2.0_s1.3,main,0.88,1.0,2.0,1.3,204,120.0,69.39,230.08,56.0
huevalue_wp0.88_g1.0_k2.0_s1.3,main,0.88,1.0,2.0,1.3,204,150.0,39.28,233.87,50.9
huevalue_wp0.88_g1.0_k2.0_s1.3,main,0.88,1.0,2.0,1.3,204,180.0,1.22,254.58,
huevalue_wp0.88_g1.0_k2.0_s1.3,main,0.88,1.0,2.0,1.3,204,210.0,3.44,253.02,
huevalue_wp0.88_g1.0_k2.0_s1.3,main,0.88,1.0,2.0,1.3,204,240.0,38.08,231.9,204.4
huevalue_wp0.88_g1.0_k2.0_s1.3,main,0.88,1.0,2.0,1.3,204,270.0,12.97,250.67,180.1
huevalue_wp0.88_g1.0_k2.0_s1.3,main,0.88,1.0,2.0,1.3,204,300.0,18.38,241.8,175.6
huevalue_wp0.88_g1.0_k2.0_s1.3,main,0.88,1.0,2.0,1.3,204,330.0,36.57,228.38,9.0
huevalue_wp0.88_g1.0_k2.0_s1.3,main,0.88,1.0,2.0,1.3,245,0.0,13.08,246.91,174.7
huevalue_wp0.88_g1.0_k2.0_s1.3,main,0.88,1.0,2.0,1.3,245,30.0,35.31,214.58,18.4
huevalue_wp0.88_g1.0_k2.0_s1.3,main,0.88,1.0,2.0,1.3,245,60.0,35.34,243.22,60.0
huevalue_wp0.88_g1.0_k2.0_s1.3,main,0.88,1.0,2.0,1.3,245,90.0,39.34,241.89,60.0
huevalue_wp0.88_g1.0_k2.0_s1.3,main,0.88,1.0,2.0,1.3,245,120.0,32.24,241.32,60.6
huevalue_wp0.88_g1.0_k2.0_s1.3,main,0.88,1.0,2.0,1.3,245,150.0,15.01,236.25,96.1
huevalue_wp0.88_g1.0_k2.0_s1.3,main,0.88,1.0,2.0,1.3,245,180.0,6.62,252.66,
huevalue_wp0.88_g1.0_k2.0_s1.3,main,0.88,1.0,2.0,1.3,245,210.0,4.95,253.35,
huevalue_wp0.88_g1.0_k2.0_s1.3,main,0.88,1.0,2.0,1.3,245,240.0,17.76,240.82,185.9
huevalue_wp0.88_g1.0_k2.0_s1.3,main,0.88,1.0,2.0,1.3,245,270.0,2.63,254.12,
huevalue_wp0.88_g1.0_k2.0_s1.3,main,0.88,1.0,2.0,1.3,245,300.0,20.13,236.71,173.0
huevalue_wp0.88_g1.0_k2.0_s1.3,main,0.88,1.0,2.0,1.3,245,330.0,4.07,252.36,
huevalue_wp0.75_g1.4_k1.5_s1.0_rep2,main,0.75,1.4,1.5,1.0,40,0.0,1.16,208.84,
huevalue_wp0.75_g1.4_k1.5_s1.0_rep2,main,0.75,1.4,1.5,1.0,40,30.0,0.03,254.98,
huevalue_wp0.75_g1.4_k1.5_s1.0_rep2,main,0.75,1.4,1.5,1.0,40,60.0,3.44,60.14,
huevalue_wp0.75_g1.4_k1.5_s1.0_rep2,main,0.75,1.4,1.5,1.0,40,90.0,1.45,66.42,
huevalue_wp0.75_g1.4_k1.5_s1.0_rep2,main,0.75,1.4,1.5,1.0,40,120.0,0.17,63.07,
huevalue_wp0.75_g1.4_k1.5_s1.0_rep2,main,0.75,1.4,1.5,1.0,40,150.0,2.25,22.33,
huevalue_wp0.75_g1.4_k1.5_s1.0_rep2,main,0.75,1.4,1.5,1.0,40,180.0,1.93,20.8,
huevalue_wp0.75_g1.4_k1.5_s1.0_rep2,main,0.75,1.4,1.5,1.0,40,210.0,5.02,68.52,
huevalue_wp0.75_g1.4_k1.5_s1.0_rep2,main,0.75,1.4,1.5,1.0,40,240.0,8.02,72.96,227.6
huevalue_wp0.75_g1.4_k1.5_s1.0_rep2,main,0.75,1.4,1.5,1.0,40,270.0,7.83,74.87,
huevalue_wp0.75_g1.4_k1.5_s1.0_rep2,main,0.75,1.4,1.5,1.0,40,300.0,2.7,36.88,
huevalue_wp0.75_g1.4_k1.5_s1.0_rep2,main,0.75,1.4,1.5,1.0,40,330.0,1.39,35.85,
huevalue_wp0.75_g1.4_k1.5_s1.0_rep2,main,0.75,1.4,1.5,1.0,81,0.0,0.0,255.0,
huevalue_wp0.75_g1.4_k1.5_s1.0_rep2,main,0.75,1.4,1.5,1.0,81,30.0,0.51,249.69,
huevalue_wp0.75_g1.4_k1.5_s1.0_rep2,main,0.75,1.4,1.5,1.0,81,60.0,11.93,59.88,1.6
huevalue_wp0.75_g1.4_k1.5_s1.0_rep2,main,0.75,1.4,1.5,1.0,81,90.0,6.19,57.53,
huevalue_wp0.75_g1.4_k1.5_s1.0_rep2,main,0.75,1.4,1.5,1.0,81,120.0,1.08,18.33,
huevalue_wp0.75_g1.4_k1.5_s1.0_rep2,main,0.75,1.4,1.5,1.0,81,150.0,0.0,0.0,
huevalue_wp0.75_g1.4_k1.5_s1.0_rep2,main,0.75,1.4,1.5,1.0,81,180.0,0.89,14.42,
huevalue_wp0.75_g1.4_k1.5_s1.0_rep2,main,0.75,1.4,1.5,1.0,81,210.0,9.33,53.41,212.7
huevalue_wp0.75_g1.4_k1.5_s1.0_rep2,main,0.75,1.4,1.5,1.0,81,240.0,31.08,62.84,224.6
huevalue_wp0.75_g1.4_k1.5_s1.0_rep2,main,0.75,1.4,1.5,1.0,81,270.0,34.03,60.11,228.8
huevalue_wp0.75_g1.4_k1.5_s1.0_rep2,main,0.75,1.4,1.5,1.0,81,300.0,23.11,8.52,241.2
huevalue_wp0.75_g1.4_k1.5_s1.0_rep2,main,0.75,1.4,1.5,1.0,81,330.0,0.62,0.64,
huevalue_wp0.75_g1.4_k1.5_s1.0_rep2,main,0.75,1.4,1.5,1.0,122,0.0,0.0,255.0,
huevalue_wp0.75_g1.4_k1.5_s1.0_rep2,main,0.75,1.4,1.5,1.0,122,30.0,15.32,172.06,359.6
huevalue_wp0.75_g1.4_k1.5_s1.0_rep2,main,0.75,1.4,1.5,1.0,122,60.0,50.27,76.36,9.4
huevalue_wp0.75_g1.4_k1.5_s1.0_rep2,main,0.75,1.4,1.5,1.0,122,90.0,36.28,44.31,42.6
huevalue_wp0.75_g1.4_k1.5_s1.0_rep2,main,0.75,1.4,1.5,1.0,122,120.0,22.4,9.06,113.7
huevalue_wp0.75_g1.4_k1.5_s1.0_rep2,main,0.75,1.4,1.5,1.0,122,150.0,22.79,38.96,124.7
huevalue_wp0.75_g1.4_k1.5_s1.0_rep2,main,0.75,1.4,1.5,1.0,122,180.0,19.4,96.26,145.6
huevalue_wp0.75_g1.4_k1.5_s1.0_rep2,main,0.75,1.4,1.5,1.0,122,210.0,40.69,115.63,201.4
huevalue_wp0.75_g1.4_k1.5_s1.0_rep2,main,0.75,1.4,1.5,1.0,122,240.0,56.94,116.52,210.2
huevalue_wp0.75_g1.4_k1.5_s1.0_rep2,main,0.75,1.4,1.5,1.0,122,270.0,55.26,99.01,217.8
huevalue_wp0.75_g1.4_k1.5_s1.0_rep2,main,0.75,1.4,1.5,1.0,122,300.0,36.4,61.49,244.9
huevalue_wp0.75_g1.4_k1.5_s1.0_rep2,main,0.75,1.4,1.5,1.0,122,330.0,30.56,11.6,0.1
huevalue_wp0.75_g1.4_k1.5_s1.0_rep2,main,0.75,1.4,1.5,1.0,163,0.0,0.05,254.98,
huevalue_wp0.75_g1.4_k1.5_s1.0_rep2,main,0.75,1.4,1.5,1.0,163,30.0,79.35,106.64,1.4
huevalue_wp0.75_g1.4_k1.5_s1.0_rep2,main,0.75,1.4,1.5,1.0,163,60.0,95.95,71.34,22.2
huevalue_wp0.75_g1.4_k1.5_s1.0_rep2,main,0.75,1.4,1.5,1.0,163,90.0,71.9,72.49,46.8
huevalue_wp0.75_g1.4_k1.5_s1.0_rep2,main,0.75,1.4,1.5,1.0,163,120.0,45.19,48.88,115.2
huevalue_wp0.75_g1.4_k1.5_s1.0_rep2,main,0.75,1.4,1.5,1.0,163,150.0,41.59,107.89,148.0
huevalue_wp0.75_g1.4_k1.5_s1.0_rep2,main,0.75,1.4,1.5,1.0,163,180.0,34.58,134.01,158.9
huevalue_wp0.75_g1.4_k1.5_s1.0_rep2,main,0.75,1.4,1.5,1.0,163,210.0,55.94,147.79,199.1
huevalue_wp0.75_g1.4_k1.5_s1.0_rep2,main,0.75,1.4,1.5,1.0,163,240.0,81.44,136.76,210.2
huevalue_wp0.75_g1.4_k1.5_s1.0_rep2,main,0.75,1.4,1.5,1.0,163,270.0,73.31,114.78,215.7
huevalue_wp0.75_g1.4_k1.5_s1.0_rep2,main,0.75,1.4,1.5,1.0,163,300.0,39.2,85.78,238.8
huevalue_wp0.75_g1.4_k1.5_s1.0_rep2,main,0.75,1.4,1.5,1.0,163,330.0,69.78,39.45,354.5
huevalue_wp0.75_g1.4_k1.5_s1.0_rep2,main,0.75,1.4,1.5,1.0,204,0.0,9.76,251.12,177.0
huevalue_wp0.75_g1.4_k1.5_s1.0_rep2,main,0.75,1.4,1.5,1.0,204,30.0,180.47,64.02,1.0
huevalue_wp0.75_g1.4_k1.5_s1.0_rep2,main,0.75,1.4,1.5,1.0,204,60.0,158.49,105.31,23.6
huevalue_wp0.75_g1.4_k1.5_s1.0_rep2,main,0.75,1.4,1.5,1.0,204,90.0,161.11,154.46,44.8
huevalue_wp0.75_g1.4_k1.5_s1.0_rep2,main,0.75,1.4,1.5,1.0,204,120.0,83.39,142.23,58.0
huevalue_wp0.75_g1.4_k1.5_s1.0_rep2,main,0.75,1.4,1.5,1.0,204,150.0,35.69,123.52,110.6
huevalue_wp0.75_g1.4_k1.5_s1.0_rep2,main,0.75,1.4,1.5,1.0,204,180.0,26.1,181.12,94.9
huevalue_wp0.75_g1.4_k1.5_s1.0_rep2,main,0.75,1.4,1.5,1.0,204,210.0,77.2,159.93,198.7
huevalue_wp0.75_g1.4_k1.5_s1.0_rep2,main,0.75,1.4,1.5,1.0,204,240.0,97.32,132.57,209.7
huevalue_wp0.75_g1.4_k1.5_s1.0_rep2,main,0.75,1.4,1.5,1.0,204,270.0,71.54,158.97,211.2
huevalue_wp0.75_g1.4_k1.5_s1.0_rep2,main,0.75,1.4,1.5,1.0,204,300.0,7.96,153.55,
huevalue_wp0.75_g1.4_k1.5_s1.0_rep2,main,0.75,1.4,1.5,1.0,204,330.0,100.64,92.32,359.8
huevalue_wp0.75_g1.4_k1.5_s1.0_rep2,main,0.75,1.4,1.5,1.0,245,0.0,14.64,244.7,177.4
huevalue_wp0.75_g1.4_k1.5_s1.0_rep2,main,0.75,1.4,1.5,1.0,245,30.0,224.47,85.12,6.8
huevalue_wp0.75_g1.4_k1.5_s1.0_rep2,main,0.75,1.4,1.5,1.0,245,60.0,188.77,158.23,28.1
huevalue_wp0.75_g1.4_k1.5_s1.0_rep2,main,0.75,1.4,1.5,1.0,245,90.0,135.47,206.32,56.2
huevalue_wp0.75_g1.4_k1.5_s1.0_rep2,main,0.75,1.4,1.5,1.0,245,120.0,86.51,169.98,54.4
huevalue_wp0.75_g1.4_k1.5_s1.0_rep2,main,0.75,1.4,1.5,1.0,245,150.0,41.64,141.91,87.2
huevalue_wp0.75_g1.4_k1.5_s1.0_rep2,main,0.75,1.4,1.5,1.0,245,180.0,14.51,237.43,149.9
huevalue_wp0.75_g1.4_k1.5_s1.0_rep2,main,0.75,1.4,1.5,1.0,245,210.0,46.37,200.03,198.5
huevalue_wp0.75_g1.4_k1.5_s1.0_rep2,main,0.75,1.4,1.5,1.0,245,240.0,142.45,87.06,202.1
huevalue_wp0.75_g1.4_k1.5_s1.0_rep2,main,0.75,1.4,1.5,1.0,245,270.0,53.04,207.13,203.4
huevalue_wp0.75_g1.4_k1.5_s1.0_rep2,main,0.75,1.4,1.5,1.0,245,300.0,6.88,217.93,
huevalue_wp0.75_g1.4_k1.5_s1.0_rep2,main,0.75,1.4,1.5,1.0,245,330.0,139.61,159.49,12.2
huevalue_wp0.64_g1.0_k1.0_s0.7,main,0.64,1.0,1.0,0.7,40,0.0,1.9,193.04,
huevalue_wp0.64_g1.0_k1.0_s0.7,main,0.64,1.0,1.0,0.7,40,30.0,0.13,254.94,
huevalue_wp0.64_g1.0_k1.0_s0.7,main,0.64,1.0,1.0,0.7,40,60.0,1.29,44.5,
huevalue_wp0.64_g1.0_k1.0_s0.7,main,0.64,1.0,1.0,0.7,40,90.0,4.52,66.39,
huevalue_wp0.64_g1.0_k1.0_s0.7,main,0.64,1.0,1.0,0.7,40,120.0,3.64,59.84,
huevalue_wp0.64_g1.0_k1.0_s0.7,main,0.64,1.0,1.0,0.7,40,150.0,1.03,30.17,
huevalue_wp0.64_g1.0_k1.0_s0.7,main,0.64,1.0,1.0,0.7,40,180.0,1.47,6.59,
huevalue_wp0.64_g1.0_k1.0_s0.7,main,0.64,1.0,1.0,0.7,40,210.0,4.5,30.95,
huevalue_wp0.64_g1.0_k1.0_s0.7,main,0.64,1.0,1.0,0.7,40,240.0,8.17,55.13,220.5
huevalue_wp0.64_g1.0_k1.0_s0.7,main,0.64,1.0,1.0,0.7,40,270.0,7.55,55.32,
huevalue_wp0.64_g1.0_k1.0_s0.7,main,0.64,1.0,1.0,0.7,40,300.0,2.6,26.73,
huevalue_wp0.64_g1.0_k1.0_s0.7,main,0.64,1.0,1.0,0.7,40,330.0,0.89,1.64,
huevalue_wp0.64_g1.0_k1.0_s0.7,main,0.64,1.0,1.0,0.7,81,0.0,0.06,254.91,
huevalue_wp0.64_g1.0_k1.0_s0.7,main,0.64,1.0,1.0,0.7,81,30.0,1.28,253.57,
huevalue_wp0.64_g1.0_k1.0_s0.7,main,0.64,1.0,1.0,0.7,81,60.0,26.64,64.55,4.1
huevalue_wp0.64_g1.0_k1.0_s0.7,main,0.64,1.0,1.0,0.7,81,90.0,23.83,63.3,26.8
huevalue_wp0.64_g1.0_k1.0_s0.7,main,0.64,1.0,1.0,0.7,81,120.0,3.5,32.72,
huevalue_wp0.64_g1.0_k1.0_s0.7,main,0.64,1.0,1.0,0.7,81,150.0,0.0,0.0,
huevalue_wp0.64_g1.0_k1.0_s0.7,main,0.64,1.0,1.0,0.7,81,180.0,1.56,4.59,
huevalue_wp0.64_g1.0_k1.0_s0.7,main,0.64,1.0,1.0,0.7,81,210.0,19.99,59.02,201.2
huevalue_wp0.64_g1.0_k1.0_s0.7,main,0.64,1.0,1.0,0.7,81,240.0,39.67,67.67,215.7
huevalue_wp0.64_g1.0_k1.0_s0.7,main,0.64,1.0,1.0,0.7,81,270.0,42.08,69.27,219.9
huevalue_wp0.64_g1.0_k1.0_s0.7,main,0.64,1.0,1.0,0.7,81,300.0,31.38,16.14,245.0
huevalue_wp0.64_g1.0_k1.0_s0.7,main,0.64,1.0,1.0,0.7,81,330.0,10.09,3.39,359.6
huevalue_wp0.64_g1.0_k1.0_s0.7,main,0.64,1.0,1.0,0.7,122,0.0,0.01,255.0,
huevalue_wp0.64_g1.0_k1.0_s0.7,main,0.64,1.0,1.0,0.7,122,30.0,17.06,183.87,5.3
huevalue_wp0.64_g1.0_k1.0_s0.7,main,0.64,1.0,1.0,0.7,122,60.0,57.04,83.4,19.5
huevalue_wp0.64_g1.0_k1.0_s0.7,main,0.64,1.0,1.0,0.7,122,90.0,41.8,65.74,59.9
huevalue_wp0.64_g1.0_k1.0_s0.7,main,0.64,1.0,1.0,0.7,122,120.0,36.49,19.25,96.4
huevalue_wp0.64_g1.0_k1.0_s0.7,main,0.64,1.0,1.0,0.7,122,150.0,36.7,42.98,131.1
huevalue_wp0.64_g1.0_k1.0_s0.7,main,0.64,1.0,1.0,0.7,122,180.0,32.13,99.6,152.4
huevalue_wp0.64_g1.0_k1.0_s0.7,main,0.64,1.0,1.0,0.7,122,210.0,47.59,120.8,192.8
huevalue_wp0.64_g1.0_k1.0_s0.7,main,0.64,1.0,1.0,0.7,122,240.0,61.52,117.95,205.3
huevalue_wp0.64_g1.0_k1.0_s0.7,main,0.64,1.0,1.0,0.7,122,270.0,48.86,108.73,219.0
huevalue_wp0.64_g1.0_k1.0_s0.7,main,0.64,1.0,1.0,0.7,122,300.0,35.35,67.56,243.1
huevalue_wp0.64_g1.0_k1.0_s0.7,main,0.64,1.0,1.0,0.7,122,330.0,35.97,16.23,343.9
huevalue_wp0.64_g1.0_k1.0_s0.7,main,0.64,1.0,1.0,0.7,163,0.0,0.58,254.76,
huevalue_wp0.64_g1.0_k1.0_s0.7,main,0.64,1.0,1.0,0.7,163,30.0,72.18,106.77,2.2
huevalue_wp0.64_g1.0_k1.0_s0.7,main,0.64,1.0,1.0,0.7,163,60.0,87.2,80.92,30.5
huevalue_wp0.64_g1.0_k1.0_s0.7,main,0.64,1.0,1.0,0.7,163,90.0,109.76,104.58,46.0
huevalue_wp0.64_g1.0_k1.0_s0.7,main,0.64,1.0,1.0,0.7,163,120.0,68.25,74.61,74.3
huevalue_wp0.64_g1.0_k1.0_s0.7,main,0.64,1.0,1.0,0.7,163,150.0,44.5,105.51,145.5
huevalue_wp0.64_g1.0_k1.0_s0.7,main,0.64,1.0,1.0,0.7,163,180.0,29.35,147.93,142.1
huevalue_wp0.64_g1.0_k1.0_s0.7,main,0.64,1.0,1.0,0.7,163,210.0,50.24,154.13,192.6
huevalue_wp0.64_g1.0_k1.0_s0.7,main,0.64,1.0,1.0,0.7,163,240.0,83.22,134.26,206.3
huevalue_wp0.64_g1.0_k1.0_s0.7,main,0.64,1.0,1.0,0.7,163,270.0,63.86,114.77,218.3
huevalue_wp0.64_g1.0_k1.0_s0.7,main,0.64,1.0,1.0,0.7,163,300.0,31.66,93.08,240.6
huevalue_wp0.64_g1.0_k1.0_s0.7,main,0.64,1.0,1.0,0.7,163,330.0,55.53,46.04,339.0
huevalue_wp0.64_g1.0_k1.0_s0.7,main,0.64,1.0,1.0,0.7,204,0.0,10.14,249.27,152.3
huevalue_wp0.64_g1.0_k1.0_s0.7,main,0.64,1.0,1.0,0.7,204,30.0,159.92,62.08,6.6
huevalue_wp0.64_g1.0_k1.0_s0.7,main,0.64,1.0,1.0,0.7,204,60.0,150.06,116.31,30.7
huevalue_wp0.64_g1.0_k1.0_s0.7,main,0.64,1.0,1.0,0.7,204,90.0,151.43,163.85,46.1
huevalue_wp0.64_g1.0_k1.0_s0.7,main,0.64,1.0,1.0,0.7,204,120.0,92.38,158.75,56.8
huevalue_wp0.64_g1.0_k1.0_s0.7,main,0.64,1.0,1.0,0.7,204,150.0,51.13,141.36,77.5
huevalue_wp0.64_g1.0_k1.0_s0.7,main,0.64,1.0,1.0,0.7,204,180.0,32.69,188.85,81.2
huevalue_wp0.64_g1.0_k1.0_s0.7,main,0.64,1.0,1.0,0.7,204,210.0,77.78,154.42,196.6
huevalue_wp0.64_g1.0_k1.0_s0.7,main,0.64,1.0,1.0,0.7,204,240.0,105.94,122.99,206.3
huevalue_wp0.64_g1.0_k1.0_s0.7,main,0.64,1.0,1.0,0.7,204,270.0,71.85,157.38,208.6
huevalue_wp0.64_g1.0_k1.0_s0.7,main,0.64,1.0,1.0,0.7,204,300.0,7.65,138.69,
huevalue_wp0.64_g1.0_k1.0_s0.7,main,0.64,1.0,1.0,0.7,204,330.0,61.51,93.86,352.5
huevalue_wp0.64_g1.0_k1.0_s0.7,main,0.64,1.0,1.0,0.7,245,0.0,17.64,238.95,167.1
huevalue_wp0.64_g1.0_k1.0_s0.7,main,0.64,1.0,1.0,0.7,245,30.0,185.34,81.57,12.0
huevalue_wp0.64_g1.0_k1.0_s0.7,main,0.64,1.0,1.0,0.7,245,60.0,148.97,165.47,30.7
huevalue_wp0.64_g1.0_k1.0_s0.7,main,0.64,1.0,1.0,0.7,245,90.0,108.36,213.38,54.4
huevalue_wp0.64_g1.0_k1.0_s0.7,main,0.64,1.0,1.0,0.7,245,120.0,71.05,173.72,57.0
huevalue_wp0.64_g1.0_k1.0_s0.7,main,0.64,1.0,1.0,0.7,245,150.0,46.63,159.36,79.9
huevalue_wp0.64_g1.0_k1.0_s0.7,main,0.64,1.0,1.0,0.7,245,180.0,19.09,226.64,128.3
huevalue_wp0.64_g1.0_k1.0_s0.7,main,0.64,1.0,1.0,0.7,245,210.0,60.65,178.45,198.9
huevalue_wp0.64_g1.0_k1.0_s0.7,main,0.64,1.0,1.0,0.7,245,240.0,138.57,85.14,203.1
huevalue_wp0.64_g1.0_k1.0_s0.7,main,0.64,1.0,1.0,0.7,245,270.0,61.83,187.95,203.2
huevalue_wp0.64_g1.0_k1.0_s0.7,main,0.64,1.0,1.0,0.7,245,300.0,7.46,176.48,
huevalue_wp0.64_g1.0_k1.0_s0.7,main,0.64,1.0,1.0,0.7,245,330.0,93.06,155.68,11.4
huevalue_wp0.88_g1.0_k1.0_s1.3,main,0.88,1.0,1.0,1.3,40,0.0,0.62,215.33,
huevalue_wp0.88_g1.0_k1.0_s1.3,main,0.88,1.0,1.0,1.3,40,30.0,1.79,254.22,
huevalue_wp0.88_g1.0_k1.0_s1.3,main,0.88,1.0,1.0,1.3,40,60.0,20.08,61.96,9.1
huevalue_wp0.88_g1.0_k1.0_s1.3,main,0.88,1.0,1.0,1.3,40,90.0,10.79,59.69,22.5
huevalue_wp0.88_g1.0_k1.0_s1.3,main,0.88,1.0,1.0,1.3,40,120.0,4.56,52.76,
huevalue_wp0.88_g1.0_k1.0_s1.3,main,0.88,1.0,1.0,1.3,40,150.0,0.56,1.12,
huevalue_wp0.88_g1.0_k1.0_s1.3,main,0.88,1.0,1.0,1.3,40,180.0,0.73,0.66,
huevalue_wp0.88_g1.0_k1.0_s1.3,main,0.88,1.0,1.0,1.3,40,210.0,8.3,52.43,205.4
huevalue_wp0.88_g1.0_k1.0_s1.3,main,0.88,1.0,1.0,1.3,40,240.0,19.83,55.01,221.0
huevalue_wp0.88_g1.0_k1.0_s1.3,main,0.88,1.0,1.0,1.3,40,270.0,24.34,57.9,222.3
huevalue_wp0.88_g1.0_k1.0_s1.3,main,0.88,1.0,1.0,1.3,40,300.0,4.54,3.51,
huevalue_wp0.88_g1.0_k1.0_s1.3,main,0.88,1.0,1.0,1.3,40,330.0,2.84,0.95,
huevalue_wp0.88_g1.0_k1.0_s1.3,main,0.88,1.0,1.0,1.3,81,0.0,1.02,254.63,
huevalue_wp0.88_g1.0_k1.0_s1.3,main,0.88,1.0,1.0,1.3,81,30.0,5.46,243.89,
huevalue_wp0.88_g1.0_k1.0_s1.3,main,0.88,1.0,1.0,1.3,81,60.0,69.48,77.69,6.0
huevalue_wp0.88_g1.0_k1.0_s1.3,main,0.88,1.0,1.0,1.3,81,90.0,31.29,73.22,51.3
huevalue_wp0.88_g1.0_k1.0_s1.3,main,0.88,1.0,1.0,1.3,81,120.0,18.68,13.54,123.0
huevalue_wp0.88_g1.0_k1.0_s1.3,main,0.88,1.0,1.0,1.3,81,150.0,11.93,3.98,120.0
huevalue_wp0.88_g1.0_k1.0_s1.3,main,0.88,1.0,1.0,1.3,81,180.0,20.44,31.04,126.3
huevalue_wp0.88_g1.0_k1.0_s1.3,main,0.88,1.0,1.0,1.3,81,210.0,56.44,79.35,196.6
huevalue_wp0.88_g1.0_k1.0_s1.3,main,0.88,1.0,1.0,1.3,81,240.0,85.52,88.56,212.3
huevalue_wp0.88_g1.0_k1.0_s1.3,main,0.88,1.0,1.0,1.3,81,270.0,86.94,83.27,214.8
huevalue_wp0.88_g1.0_k1.0_s1.3,main,0.88,1.0,1.0,1.3,81,300.0,52.1,36.01,236.9
huevalue_wp0.88_g1.0_k1.0_s1.3,main,0.88,1.0,1.0,1.3,81,330.0,59.36,19.79,360.0
huevalue_wp0.88_g1.0_k1.0_s1.3,main,0.88,1.0,1.0,1.3,122,0.0,0.95,254.66,
huevalue_wp0.88_g1.0_k1.0_s1.3,main,0.88,1.0,1.0,1.3,122,30.0,63.12,180.49,3.0
huevalue_wp0.88_g1.0_k1.0_s1.3,main,0.88,1.0,1.0,1.3,122,60.0,118.95,103.73,14.8
huevalue_wp0.88_g1.0_k1.0_s1.3,main,0.88,1.0,1.0,1.3,122,90.0,127.14,121.73,48.8
huevalue_wp0.88_g1.0_k1.0_s1.3,main,0.88,1.0,1.0,1.3,122,120.0,75.02,61.65,95.1
huevalue_wp0.88_g1.0_k1.0_s1.3,main,0.88,1.0,1.0,1.3,122,150.0,63.19,56.97,148.3
huevalue_wp0.88_g1.0_k1.0_s1.3,main,0.88,1.0,1.0,1.3,122,180.0,42.79,124.33,149.7
huevalue_wp0.88_g1.0_k1.0_s1.3,main,0.88,1.0,1.0,1.3,122,210.0,45.31,165.85,189.8
huevalue_wp0.88_g1.0_k1.0_s1.3,main,0.88,1.0,1.0,1.3,122,240.0,95.31,128.78,202.8
huevalue_wp0.88_g1.0_k1.0_s1.3,main,0.88,1.0,1.0,1.3,122,270.0,87.14,136.81,201.4
huevalue_wp0.88_g1.0_k1.0_s1.3,main,0.88,1.0,1.0,1.3,122,300.0,14.77,141.68,247.0
huevalue_wp0.88_g1.0_k1.0_s1.3,main,0.88,1.0,1.0,1.3,122,330.0,120.11,45.03,359.6
huevalue_wp0.88_g1.0_k1.0_s1.3,main,0.88,1.0,1.0,1.3,163,0.0,2.13,253.75,
huevalue_wp0.88_g1.0_k1.0_s1.3,main,0.88,1.0,1.0,1.3,163,30.0,163.71,124.22,1.7
huevalue_wp0.88_g1.0_k1.0_s1.3,main,0.88,1.0,1.0,1.3,163,60.0,215.47,131.0,25.0
huevalue_wp0.88_g1.0_k1.0_s1.3,main,0.88,1.0,1.0,1.3,163,90.0,191.34,177.06,47.8
huevalue_wp0.88_g1.0_k1.0_s1.3,main,0.88,1.0,1.0,1.3,163,120.0,119.72,122.96,57.0
huevalue_wp0.88_g1.0_k1.0_s1.3,main,0.88,1.0,1.0,1.3,163,150.0,48.19,106.56,145.6
huevalue_wp0.88_g1.0_k1.0_s1.3,main,0.88,1.0,1.0,1.3,163,180.0,21.27,203.53,110.7
huevalue_wp0.88_g1.0_k1.0_s1.3,main,0.88,1.0,1.0,1.3,163,210.0,35.54,207.47,194.7
huevalue_wp0.88_g1.0_k1.0_s1.3,main,0.88,1.0,1.0,1.3,163,240.0,92.63,136.5,203.4
huevalue_wp0.88_g1.0_k1.0_s1.3,main,0.88,1.0,1.0,1.3,163,270.0,50.51,180.26,201.8
huevalue_wp0.88_g1.0_k1.0_s1.3,main,0.88,1.0,1.0,1.3,163,300.0,16.48,214.84,19.4
huevalue_wp0.88_g1.0_k1.0_s1.3,main,0.88,1.0,1.0,1.3,163,330.0,204.01,128.83,12.3
huevalue_wp0.88_g1.0_k1.0_s1.3,main,0.88,1.0,1.0,1.3,204,0.0,6.8,245.9,
huevalue_wp0.88_g1.0_k1.0_s1.3,main,0.88,1.0,1.0,1.3,204,30.0,225.2,78.68,0.5
huevalue_wp0.88_g1.0_k1.0_s1.3,main,0.88,1.0,1.0,1.3,204,60.0,205.64,157.81,35.4
huevalue_wp0.88_g1.0_k1.0_s1.3,main,0.88,1.0,1.0,1.3,204,90.0,183.37,191.78,58.3
huevalue_wp0.88_g1.0_k1.0_s1.3,main,0.88,1.0,1.0,1.3,204,120.0,144.26,176.23,50.2
huevalue_wp0.88_g1.0_k1.0_s1.3,main,0.88,1.0,1.0,1.3,204,150.0,38.84,146.04,96.2
huevalue_wp0.88_g1.0_k1.0_s1.3,main,0.88,1.0,1.0,1.3,204,180.0,13.2,243.08,70.8
huevalue_wp0.88_g1.0_k1.0_s1.3,main,0.88,1.0,1.0,1.3,204,210.0,26.31,221.33,190.5
huevalue_wp0.88_g1.0_k1.0_s1.3,main,0.88,1.0,1.0,1.3,204,240.0,93.62,152.44,202.6
huevalue_wp0.88_g1.0_k1.0_s1.3,main,0.88,1.0,1.0,1.3,204,270.0,34.54,228.44,190.7
huevalue_wp0.88_g1.0_k1.0_s1.3,main,0.88,1.0,1.0,1.3,204,300.0,19.41,237.43,165.0
huevalue_wp0.88_g1.0_k1.0_s1.3,main,0.88,1.0,1.0,1.3,204,330.0,101.06,184.69,13.5
huevalue_wp0.88_g1.0_k1.0_s1.3,main,0.88,1.0,1.0,1.3,245,0.0,12.8,237.95,165.3
huevalue_wp0.88_g1.0_k1.0_s1.3,main,0.88,1.0,1.0,1.3,245,30.0,207.79,105.22,10.9
huevalue_wp0.88_g1.0_k1.0_s1.3,main,0.88,1.0,1.0,1.3,245,60.0,172.41,184.34,47.3
huevalue_wp0.88_g1.0_k1.0_s1.3,main,0.88,1.0,1.0,1.3,245,90.0,148.74,205.36,59.9
huevalue_wp0.88_g1.0_k1.0_s1.3,main,0.88,1.0,1.0,1.3,245,120.0,118.83,176.49,53.2
huevalue_wp0.88_g1.0_k1.0_s1.3,main,0.88,1.0,1.0,1.3,245,150.0,32.85,170.51,99.0
huevalue_wp0.88_g1.0_k1.0_s1.3,main,0.88,1.0,1.0,1.3,245,180.0,13.38,246.43,162.2
huevalue_wp0.88_g1.0_k1.0_s1.3,main,0.88,1.0,1.0,1.3,245,210.0,16.86,247.77,173.4
huevalue_wp0.88_g1.0_k1.0_s1.3,main,0.88,1.0,1.0,1.3,245,240.0,125.86,117.61,196.0
huevalue_wp0.88_g1.0_k1.0_s1.3,main,0.88,1.0,1.0,1.3,245,270.0,8.77,252.05,180.0
huevalue_wp0.88_g1.0_k1.0_s1.3,main,0.88,1.0,1.0,1.3,245,300.0,19.78,231.84,168.1
huevalue_wp0.88_g1.0_k1.0_s1.3,main,0.88,1.0,1.0,1.3,245,330.0,36.95,224.5,17.3
huevalue_wp0.75_g1.4_k2.0_s1.0,main,0.75,1.4,2.0,1.0,40,0.0,2.74,188.99,
huevalue_wp0.75_g1.4_k2.0_s1.0,main,0.75,1.4,2.0,1.0,40,30.0,1.82,252.98,
huevalue_wp0.75_g1.4_k2.0_s1.0,main,0.75,1.4,2.0,1.0,40,60.0,3.75,37.85,
huevalue_wp0.75_g1.4_k2.0_s1.0,main,0.75,1.4,2.0,1.0,40,90.0,5.85,75.86,
huevalue_wp0.75_g1.4_k2.0_s1.0,main,0.75,1.4,2.0,1.0,40,120.0,3.67,72.26,
huevalue_wp0.75_g1.4_k2.0_s1.0,main,0.75,1.4,2.0,1.0,40,150.0,3.98,60.35,
huevalue_wp0.75_g1.4_k2.0_s1.0,main,0.75,1.4,2.0,1.0,40,180.0,3.76,31.07,
huevalue_wp0.75_g1.4_k2.0_s1.0,main,0.75,1.4,2.0,1.0,40,210.0,4.71,39.86,
huevalue_wp0.75_g1.4_k2.0_s1.0,main,0.75,1.4,2.0,1.0,40,240.0,8.73,75.21,208.2
huevalue_wp0.75_g1.4_k2.0_s1.0,main,0.75,1.4,2.0,1.0,40,270.0,9.18,76.95,210.2
huevalue_wp0.75_g1.4_k2.0_s1.0,main,0.75,1.4,2.0,1.0,40,300.0,6.0,69.64,
huevalue_wp0.75_g1.4_k2.0_s1.0,main,0.75,1.4,2.0,1.0,40,330.0,3.58,38.43,
huevalue_wp0.75_g1.4_k2.0_s1.0,main,0.75,1.4,2.0,1.0,81,0.0,0.86,250.41,
huevalue_wp0.75_g1.4_k2.0_s1.0,main,0.75,1.4,2.0,1.0,81,30.0,1.91,252.78,
huevalue_wp0.75_g1.4_k2.0_s1.0,main,0.75,1.4,2.0,1.0,81,60.0,6.77,56.99,
huevalue_wp0.75_g1.4_k2.0_s1.0,main,0.75,1.4,2.0,1.0,81,90.0,7.72,54.16,
huevalue_wp0.75_g1.4_k2.0_s1.0,main,0.75,1.4,2.0,1.0,81,120.0,3.58,45.45,
huevalue_wp0.75_g1.4_k2.0_s1.0,main,0.75,1.4,2.0,1.0,81,150.0,0.0,0.0,
huevalue_wp0.75_g1.4_k2.0_s1.0,main,0.75,1.4,2.0,1.0,81,180.0,0.01,0.0,
huevalue_wp0.75_g1.4_k2.0_s1.0,main,0.75,1.4,2.0,1.0,81,210.0,5.85,48.43,
huevalue_wp0.75_g1.4_k2.0_s1.0,main,0.75,1.4,2.0,1.0,81,240.0,10.44,51.34,213.6
huevalue_wp0.75_g1.4_k2.0_s1.0,main,0.75,1.4,2.0,1.0,81,270.0,15.16,55.43,217.5
huevalue_wp0.75_g1.4_k2.0_s1.0,main,0.75,1.4,2.0,1.0,81,300.0,2.75,10.03,
huevalue_wp0.75_g1.4_k2.0_s1.0,main,0.75,1.4,2.0,1.0,81,330.0,0.37,0.26,
huevalue_wp0.75_g1.4_k2.0_s1.0,main,0.75,1.4,2.0,1.0,122,0.0,2.89,253.69,
huevalue_wp0.75_g1.4_k2.0_s1.0,main,0.75,1.4,2.0,1.0,122,30.0,4.09,197.77,
huevalue_wp0.75_g1.4_k2.0_s1.0,main,0.75,1.4,2.0,1.0,122,60.0,42.01,72.7,19.3
huevalue_wp0.75_g1.4_k2.0_s1.0,main,0.75,1.4,2.0,1.0,122,90.0,27.07,58.2,43.9
huevalue_wp0.75_g1.4_k2.0_s1.0,main,0.75,1.4,2.0,1.0,122,120.0,1.71,1.11,
huevalue_wp0.75_g1.4_k2.0_s1.0,main,0.75,1.4,2.0,1.0,122,150.0,20.51,9.97,113.6
huevalue_wp0.75_g1.4_k2.0_s1.0,main,0.75,1.4,2.0,1.0,122,180.0,24.61,59.98,142.4
huevalue_wp0.75_g1.4_k2.0_s1.0,main,0.75,1.4,2.0,1.0,122,210.0,42.6,95.75,189.4
huevalue_wp0.75_g1.4_k2.0_s1.0,main,0.75,1.4,2.0,1.0,122,240.0,63.02,97.16,207.1
huevalue_wp0.75_g1.4_k2.0_s1.0,main,0.75,1.4,2.0,1.0,122,270.0,52.55,93.88,217.6
huevalue_wp0.75_g1.4_k2.0_s1.0,main,0.75,1.4,2.0,1.0,122,300.0,38.87,46.75,244.8
huevalue_wp0.75_g1.4_k2.0_s1.0,main,0.75,1.4,2.0,1.0,122,330.0,16.98,5.69,359.8
huevalue_wp0.75_g1.4_k2.0_s1.0,main,0.75,1.4,2.0,1.0,163,0.0,2.14,251.85,
huevalue_wp0.75_g1.4_k2.0_s1.0,main,0.75,1.4,2.0,1.0,163,30.0,49.32,116.77,4.4
huevalue_wp0.75_g1.4_k2.0_s1.0,main,0.75,1.4,2.0,1.0,163,60.0,76.58,85.02,31.7
huevalue_wp0.75_g1.4_k2.0_s1.0,main,0.75,1.4,2.0,1.0,163,90.0,77.16,59.12,53.9
huevalue_wp0.75_g1.4_k2.0_s1.0,main,0.75,1.4,2.0,1.0,163,120.0,56.72,30.78,89.8
huevalue_wp0.75_g1.4_k2.0_s1.0,main,0.75,1.4,2.0,1.0,163,150.0,51.8,76.34,145.8
huevalue_wp0.75_g1.4_k2.0_s1.0,main,0.75,1.4,2.0,1.0,163,180.0,45.28,115.76,155.5
huevalue_wp0.75_g1.4_k2.0_s1.0,main,0.75,1.4,2.0,1.0,163,210.0,59.99,136.07,189.7
huevalue_wp0.75_g1.4_k2.0_s1.0,main,0.75,1.4,2.0,1.0,163,240.0,94.99,123.08,204.1
huevalue_wp0.75_g1.4_k2.0_s1.0,main,0.75,1.4,2.0,1.0,163,270.0,72.4,100.31,213.8
huevalue_wp0.75_g1.4_k2.0_s1.0,main,0.75,1.4,2.0,1.0,163,300.0,42.59,73.67,237.8
huevalue_wp0.75_g1.4_k2.0_s1.0,main,0.75,1.4,2.0,1.0,163,330.0,49.01,24.73,341.9
huevalue_wp0.75_g1.4_k2.0_s1.0,main,0.75,1.4,2.0,1.0,204,0.0,12.91,245.23,162.2
huevalue_wp0.75_g1.4_k2.0_s1.0,main,0.75,1.4,2.0,1.0,204,30.0,153.42,71.38,9.4
huevalue_wp0.75_g1.4_k2.0_s1.0,main,0.75,1.4,2.0,1.0,204,60.0,147.76,120.97,30.9
huevalue_wp0.75_g1.4_k2.0_s1.0,main,0.75,1.4,2.0,1.0,204,90.0,158.5,152.63,47.0
huevalue_wp0.75_g1.4_k2.0_s1.0,main,0.75,1.4,2.0,1.0,204,120.0,96.85,144.74,58.5
huevalue_wp0.75_g1.4_k2.0_s1.0,main,0.75,1.4,2.0,1.0,204,150.0,53.4,135.03,88.2
huevalue_wp0.75_g1.4_k2.0_s1.0,main,0.75,1.4,2.0,1.0,204,180.0,29.88,181.81,133.0
huevalue_wp0.75_g1.4_k2.0_s1.0,main,0.75,1.4,2.0,1.0,204,210.0,70.79,162.47,193.0
huevalue_wp0.75_g1.4_k2.0_s1.0,main,0.75,1.4,2.0,1.0,204,240.0,99.74,139.12,203.7
huevalue_wp0.75_g1.4_k2.0_s1.0,main,0.75,1.4,2.0,1.0,204,270.0,68.71,160.45,202.4
huevalue_wp0.75_g1.4_k2.0_s1.0,main,0.75,1.4,2.0,1.0,204,300.0,4.11,149.47,
huevalue_wp0.75_g1.4_k2.0_s1.0,main,0.75,1.4,2.0,1.0,204,330.0,68.88,100.12,2.0
huevalue_wp0.75_g1.4_k2.0_s1.0,main,0.75,1.4,2.0,1.0,245,0.0,16.41,243.74,166.8
huevalue_wp0.75_g1.4_k2.0_s1.0,main,0.75,1.4,2.0,1.0,245,30.0,176.25,126.64,12.2
huevalue_wp0.75_g1.4_k2.0_s1.0,main,0.75,1.4,2.0,1.0,245,60.0,145.74,179.8,30.4
huevalue_wp0.75_g1.4_k2.0_s1.0,main,0.75,1.4,2.0,1.0,245,90.0,109.35,214.58,54.6
huevalue_wp0.75_g1.4_k2.0_s1.0,main,0.75,1.4,2.0,1.0,245,120.0,71.85,190.68,54.1
huevalue_wp0.75_g1.4_k2.0_s1.0,main,0.75,1.4,2.0,1.0,245,150.0,41.66,171.56,84.7
huevalue_wp0.75_g1.4_k2.0_s1.0,main,0.75,1.4,2.0,1.0,245,180.0,14.57,235.49,161.4
huevalue_wp0.75_g1.4_k2.0_s1.0,main,0.75,1.4,2.0,1.0,245,210.0,37.75,206.84,189.6
huevalue_wp0.75_g1.4_k2.0_s1.0,main,0.75,1.4,2.0,1.0,245,240.0,123.46,116.31,196.5
huevalue_wp0.75_g1.4_k2.0_s1.0,main,0.75,1.4,2.0,1.0,245,270.0,41.35,213.35,196.9
huevalue_wp0.75_g1.4_k2.0_s1.0,main,0.75,1.4,2.0,1.0,245,300.0,9.65,214.59,70.0
huevalue_wp0.75_g1.4_k2.0_s1.0,main,0.75,1.4,2.0,1.0,245,330.0,126.0,164.16,16.1
huevalue_wp0.0_g1.4_k1.5_s1.0,main,0.0,1.4,1.5,1.0,40,0.0,0.83,226.93,
huevalue_wp0.0_g1.4_k1.5_s1.0,main,0.0,1.4,1.5,1.0,40,30.0,0.09,254.14,
huevalue_wp0.0_g1.4_k1.5_s1.0,main,0.0,1.4,1.5,1.0,40,60.0,2.34,54.79,
huevalue_wp0.0_g1.4_k1.5_s1.0,main,0.0,1.4,1.5,1.0,40,90.0,4.08,54.7,
huevalue_wp0.0_g1.4_k1.5_s1.0,main,0.0,1.4,1.5,1.0,40,120.0,3.12,50.77,
huevalue_wp0.0_g1.4_k1.5_s1.0,main,0.0,1.4,1.5,1.0,40,150.0,1.47,3.81,
huevalue_wp0.0_g1.4_k1.5_s1.0,main,0.0,1.4,1.5,1.0,40,180.0,1.45,4.18,
huevalue_wp0.0_g1.4_k1.5_s1.0,main,0.0,1.4,1.5,1.0,40,210.0,4.65,52.25,
huevalue_wp0.0_g1.4_k1.5_s1.0,main,0.0,1.4,1.5,1.0,40,240.0,9.21,58.69,216.3
huevalue_wp0.0_g1.4_k1.5_s1.0,main,0.0,1.4,1.5,1.0,40,270.0,10.43,63.65,214.6
huevalue_wp0.0_g1.4_k1.5_s1.0,main,0.0,1.4,1.5,1.0,40,300.0,2.29,23.47,
huevalue_wp0.0_g1.4_k1.5_s1.0,main,0.0,1.4,1.5,1.0,40,330.0,1.52,22.89,
huevalue_wp0.0_g1.4_k1.5_s1.0,main,0.0,1.4,1.5,1.0,81,0.0,0.59,254.72,
huevalue_wp0.0_g1.4_k1.5_s1.0,main,0.0,1.4,1.5,1.0,81,30.0,3.27,232.09,
huevalue_wp0.0_g1.4_k1.5_s1.0,main,0.0,1.4,1.5,1.0,81,60.0,31.61,65.21,5.9
huevalue_wp0.0_g1.4_k1.5_s1.0,main,0.0,1.4,1.5,1.0,81,90.0,19.95,60.22,23.9
huevalue_wp0.0_g1.4_k1.5_s1.0,main,0.0,1.4,1.5,1.0,81,120.0,1.46,5.52,
huevalue_wp0.0_g1.4_k1.5_s1.0,main,0.0,1.4,1.5,1.0,81,150.0,0.0,0.0,
huevalue_wp0.0_g1.4_k1.5_s1.0,main,0.0,1.4,1.5,1.0,81,180.0,2.86,19.1,
huevalue_wp0.0_g1.4_k1.5_s1.0,main,0.0,1.4,1.5,1.0,81,210.0,12.2,54.0,203.8
huevalue_wp0.0_g1.4_k1.5_s1.0,main,0.0,1.4,1.5,1.0,81,240.0,38.61,63.17,225.6
huevalue_wp0.0_g1.4_k1.5_s1.0,main,0.0,1.4,1.5,1.0,81,270.0,42.81,61.39,229.0
huevalue_wp0.0_g1.4_k1.5_s1.0,main,0.0,1.4,1.5,1.0,81,300.0,24.35,9.54,246.1
huevalue_wp0.0_g1.4_k1.5_s1.0,main,0.0,1.4,1.5,1.0,81,330.0,12.45,4.34,358.3
huevalue_wp0.0_g1.4_k1.5_s1.0,main,0.0,1.4,1.5,1.0,122,0.0,0.72,254.64,
huevalue_wp0.0_g1.4_k1.5_s1.0,main,0.0,1.4,1.5,1.0,122,30.0,44.83,157.11,3.9
huevalue_wp0.0_g1.4_k1.5_s1.0,main,0.0,1.4,1.5,1.0,122,60.0,85.59,90.7,19.6
huevalue_wp0.0_g1.4_k1.5_s1.0,main,0.0,1.4,1.5,1.0,122,90.0,65.6,63.53,58.8
huevalue_wp0.0_g1.4_k1.5_s1.0,main,0.0,1.4,1.5,1.0,122,120.0,48.27,20.37,113.1
huevalue_wp0.0_g1.4_k1.5_s1.0,main,0.0,1.4,1.5,1.0,122,150.0,57.19,48.05,144.9
huevalue_wp0.0_g1.4_k1.5_s1.0,main,0.0,1.4,1.5,1.0,122,180.0,46.81,99.24,149.8
huevalue_wp0.0_g1.4_k1.5_s1.0,main,0.0,1.4,1.5,1.0,122,210.0,59.03,127.13,194.5
huevalue_wp0.0_g1.4_k1.5_s1.0,main,0.0,1.4,1.5,1.0,122,240.0,91.39,113.76,203.0
huevalue_wp0.0_g1.4_k1.5_s1.0,main,0.0,1.4,1.5,1.0,122,270.0,90.0,97.39,209.9
huevalue_wp0.0_g1.4_k1.5_s1.0,main,0.0,1.4,1.5,1.0,122,300.0,45.07,69.13,238.5
huevalue_wp0.0_g1.4_k1.5_s1.0,main,0.0,1.4,1.5,1.0,122,330.0,67.64,24.89,358.3
huevalue_wp0.0_g1.4_k1.5_s1.0,main,0.0,1.4,1.5,1.0,163,0.0,2.33,252.99,
huevalue_wp0.0_g1.4_k1.5_s1.0,main,0.0,1.4,1.5,1.0,163,30.0,150.45,105.02,1.8
huevalue_wp0.0_g1.4_k1.5_s1.0,main,0.0,1.4,1.5,1.0,163,60.0,192.18,122.18,29.2
huevalue_wp0.0_g1.4_k1.5_s1.0,main,0.0,1.4,1.5,1.0,163,90.0,195.85,166.47,45.2
huevalue_wp0.0_g1.4_k1.5_s1.0,main,0.0,1.4,1.5,1.0,163,120.0,131.52,121.97,55.5
huevalue_wp0.0_g1.4_k1.5_s1.0,main,0.0,1.4,1.5,1.0,163,150.0,41.88,115.8,104.4
huevalue_wp0.0_g1.4_k1.5_s1.0,main,0.0,1.4,1.5,1.0,163,180.0,24.67,189.06,101.2
huevalue_wp0.0_g1.4_k1.5_s1.0,main,0.0,1.4,1.5,1.0,163,210.0,36.43,190.41,190.1
huevalue_wp0.0_g1.4_k1.5_s1.0,main,0.0,1.4,1.5,1.0,163,240.0,86.17,132.78,204.7
huevalue_wp0.0_g1.4_k1.5_s1.0,main,0.0,1.4,1.5,1.0,163,270.0,59.32,155.16,203.0
huevalue_wp0.0_g1.4_k1.5_s1.0,main,0.0,1.4,1.5,1.0,163,300.0,22.43,166.99,8.0
huevalue_wp0.0_g1.4_k1.5_s1.0,main,0.0,1.4,1.5,1.0,163,330.0,129.78,113.05,7.2
huevalue_wp0.0_g1.4_k1.5_s1.0,main,0.0,1.4,1.5,1.0,204,0.0,5.8,241.65,
huevalue_wp0.0_g1.4_k1.5_s1.0,main,0.0,1.4,1.5,1.0,204,30.0,217.96,102.01,11.0
huevalue_wp0.0_g1.4_k1.5_s1.0,main,0.0,1.4,1.5,1.0,204,60.0,169.61,174.17,34.6
huevalue_wp0.0_g1.4_k1.5_s1.0,main,0.0,1.4,1.5,1.0,204,90.0,141.7,207.32,59.5
huevalue_wp0.0_g1.4_k1.5_s1.0,main,0.0,1.4,1.5,1.0,204,120.0,122.17,199.83,48.9
huevalue_wp0.0_g1.4_k1.5_s1.0,main,0.0,1.4,1.5,1.0,204,150.0,47.91,192.1,61.3
huevalue_wp0.0_g1.4_k1.5_s1.0,main,0.0,1.4,1.5,1.0,204,180.0,11.64,248.23,61.9
huevalue_wp0.0_g1.4_k1.5_s1.0,main,0.0,1.4,1.5,1.0,204,210.0,20.18,227.43,188.8
huevalue_wp0.0_g1.4_k1.5_s1.0,main,0.0,1.4,1.5,1.0,204,240.0,73.39,164.65,202.3
huevalue_wp0.0_g1.4_k1.5_s1.0,main,0.0,1.4,1.5,1.0,204,270.0,34.09,217.96,190.6
huevalue_wp0.0_g1.4_k1.5_s1.0,main,0.0,1.4,1.5,1.0,204,300.0,18.69,237.25,165.7
huevalue_wp0.0_g1.4_k1.5_s1.0,main,0.0,1.4,1.5,1.0,204,330.0,86.38,193.92,13.1
huevalue_wp0.0_g1.4_k1.5_s1.0,main,0.0,1.4,1.5,1.0,245,0.0,12.61,236.93,157.6
huevalue_wp0.0_g1.4_k1.5_s1.0,main,0.0,1.4,1.5,1.0,245,30.0,118.04,159.44,15.5
huevalue_wp0.0_g1.4_k1.5_s1.0,main,0.0,1.4,1.5,1.0,245,60.0,81.9,227.06,58.9
huevalue_wp0.0_g1.4_k1.5_s1.0,main,0.0,1.4,1.5,1.0,245,90.0,76.36,229.5,59.9
huevalue_wp0.0_g1.4_k1.5_s1.0,main,0.0,1.4,1.5,1.0,245,120.0,65.28,217.57,57.1
huevalue_wp0.0_g1.4_k1.5_s1.0,main,0.0,1.4,1.5,1.0,245,150.0,23.58,217.43,82.6
huevalue_wp0.0_g1.4_k1.5_s1.0,main,0.0,1.4,1.5,1.0,245,180.0,12.15,245.91,150.5
huevalue_wp0.0_g1.4_k1.5_s1.0,main,0.0,1.4,1.5,1.0,245,210.0,15.62,248.29,167.0
huevalue_wp0.0_g1.4_k1.5_s1.0,main,0.0,1.4,1.5,1.0,245,240.0,65.95,168.8,194.7
huevalue_wp0.0_g1.4_k1.5_s1.0,main,0.0,1.4,1.5,1.0,245,270.0,11.08,251.16,179.4
huevalue_wp0.0_g1.4_k1.5_s1.0,main,0.0,1.4,1.5,1.0,245,300.0,21.87,231.5,165.8
huevalue_wp0.0_g1.4_k1.5_s1.0,main,0.0,1.4,1.5,1.0,245,330.0,3.38,251.02,
huevalue_wp0.64_g1.8_k1.0_s0.7,main,0.64,1.8,1.0,0.7,40,0.0,1.65,190.65,
huevalue_wp0.64_g1.8_k1.0_s0.7,main,0.64,1.8,1.0,0.7,40,30.0,0.02,254.75,
huevalue_wp0.64_g1.8_k1.0_s0.7,main,0.64,1.8,1.0,0.7,40,60.0,1.64,6.77,
huevalue_wp0.64_g1.8_k1.0_s0.7,main,0.64,1.8,1.0,0.7,40,90.0,7.16,33.25,
huevalue_wp0.64_g1.8_k1.0_s0.7,main,0.64,1.8,1.0,0.7,40,120.0,7.14,29.05,
huevalue_wp0.64_g1.8_k1.0_s0.7,main,0.64,1.8,1.0,0.7,40,150.0,4.58,19.85,
huevalue_wp0.64_g1.8_k1.0_s0.7,main,0.64,1.8,1.0,0.7,40,180.0,1.6,5.67,
huevalue_wp0.64_g1.8_k1.0_s0.7,main,0.64,1.8,1.0,0.7,40,210.0,2.16,18.97,
huevalue_wp0.64_g1.8_k1.0_s0.7,main,0.64,1.8,1.0,0.7,40,240.0,1.98,34.73,
huevalue_wp0.64_g1.8_k1.0_s0.7,main,0.64,1.8,1.0,0.7,40,270.0,2.19,39.02,
huevalue_wp0.64_g1.8_k1.0_s0.7,main,0.64,1.8,1.0,0.7,40,300.0,1.29,14.62,
huevalue_wp0.64_g1.8_k1.0_s0.7,main,0.64,1.8,1.0,0.7,40,330.0,1.04,11.38,
huevalue_wp0.64_g1.8_k1.0_s0.7,main,0.64,1.8,1.0,0.7,81,0.0,0.2,244.15,
huevalue_wp0.64_g1.8_k1.0_s0.7,main,0.64,1.8,1.0,0.7,81,30.0,2.01,253.23,
huevalue_wp0.64_g1.8_k1.0_s0.7,main,0.64,1.8,1.0,0.7,81,60.0,13.29,35.43,23.6
huevalue_wp0.64_g1.8_k1.0_s0.7,main,0.64,1.8,1.0,0.7,81,90.0,17.0,36.34,26.6
huevalue_wp0.64_g1.8_k1.0_s0.7,main,0.64,1.8,1.0,0.7,81,120.0,6.58,23.41,
huevalue_wp0.64_g1.8_k1.0_s0.7,main,0.64,1.8,1.0,0.7,81,150.0,1.14,0.39,
huevalue_wp0.64_g1.8_k1.0_s0.7,main,0.64,1.8,1.0,0.7,81,180.0,10.08,7.96,14.5
huevalue_wp0.64_g1.8_k1.0_s0.7,main,0.64,1.8,1.0,0.7,81,210.0,10.77,55.88,230.8
huevalue_wp0.64_g1.8_k1.0_s0.7,main,0.64,1.8,1.0,0.7,81,240.0,18.36,60.37,232.9
huevalue_wp0.64_g1.8_k1.0_s0.7,main,0.64,1.8,1.0,0.7,81,270.0,20.99,68.26,233.6
huevalue_wp0.64_g1.8_k1.0_s0.7,main,0.64,1.8,1.0,0.7,81,300.0,19.64,23.78,268.7
huevalue_wp0.64_g1.8_k1.0_s0.7,main,0.64,1.8,1.0,0.7,81,330.0,0.0,0.0,
huevalue_wp0.64_g1.8_k1.0_s0.7,main,0.64,1.8,1.0,0.7,122,0.0,0.72,250.03,
huevalue_wp0.64_g1.8_k1.0_s0.7,main,0.64,1.8,1.0,0.7,122,30.0,3.34,187.74,
huevalue_wp0.64_g1.8_k1.0_s0.7,main,0.64,1.8,1.0,0.7,122,60.0,39.89,47.16,16.7
huevalue_wp0.64_g1.8_k1.0_s0.7,main,0.64,1.8,1.0,0.7,122,90.0,32.68,43.04,43.0
huevalue_wp0.64_g1.8_k1.0_s0.7,main,0.64,1.8,1.0,0.7,122,120.0,4.01,2.35,
huevalue_wp0.64_g1.8_k1.0_s0.7,main,0.64,1.8,1.0,0.7,122,150.0,14.72,16.05,58.9
huevalue_wp0.64_g1.8_k1.0_s0.7,main,0.64,1.8,1.0,0.7,122,180.0,7.52,64.38,
huevalue_wp0.64_g1.8_k1.0_s0.7,main,0.64,1.8,1.0,0.7,122,210.0,27.64,84.95,202.5
huevalue_wp0.64_g1.8_k1.0_s0.7,main,0.64,1.8,1.0,0.7,122,240.0,32.33,87.94,218.6
huevalue_wp0.64_g1.8_k1.0_s0.7,main,0.64,1.8,1.0,0.7,122,270.0,39.77,81.57,223.1
huevalue_wp0.64_g1.8_k1.0_s0.7,main,0.64,1.8,1.0,0.7,122,300.0,27.57,40.85,261.3
huevalue_wp0.64_g1.8_k1.0_s0.7,main,0.64,1.8,1.0,0.7,122,330.0,4.87,3.78,
huevalue_wp0.64_g1.8_k1.0_s0.7,main,0.64,1.8,1.0,0.7,163,0.0,4.3,241.34,
huevalue_wp0.64_g1.8_k1.0_s0.7,main,0.64,1.8,1.0,0.7,163,30.0,35.21,100.6,6.8
huevalue_wp0.64_g1.8_k1.0_s0.7,main,0.64,1.8,1.0,0.7,163,60.0,71.14,58.28,18.8
huevalue_wp0.64_g1.8_k1.0_s0.7,main,0.64,1.8,1.0,0.7,163,90.0,50.24,43.78,55.0
huevalue_wp0.64_g1.8_k1.0_s0.7,main,0.64,1.8,1.0,0.7,163,120.0,37.18,16.68,117.9
huevalue_wp0.64_g1.8_k1.0_s0.7,main,0.64,1.8,1.0,0.7,163,150.0,19.58,43.82,99.5
huevalue_wp0.64_g1.8_k1.0_s0.7,main,0.64,1.8,1.0,0.7,163,180.0,24.82,45.24,180.7
huevalue_wp0.64_g1.8_k1.0_s0.7,main,0.64,1.8,1.0,0.7,163,210.0,58.34,56.29,214.4
huevalue_wp0.64_g1.8_k1.0_s0.7,main,0.64,1.8,1.0,0.7,163,240.0,65.66,99.12,213.3
huevalue_wp0.64_g1.8_k1.0_s0.7,main,0.64,1.8,1.0,0.7,163,270.0,64.36,97.51,213.8
huevalue_wp0.64_g1.8_k1.0_s0.7,main,0.64,1.8,1.0,0.7,163,300.0,31.25,56.83,249.0
huevalue_wp0.64_g1.8_k1.0_s0.7,main,0.64,1.8,1.0,0.7,163,330.0,30.67,30.61,3.6
huevalue_wp0.64_g1.8_k1.0_s0.7,main,0.64,1.8,1.0,0.7,204,0.0,14.08,236.19,168.0
huevalue_wp0.64_g1.8_k1.0_s0.7,main,0.64,1.8,1.0,0.7,204,30.0,104.58,41.96,1.0
huevalue_wp0.64_g1.8_k1.0_s0.7,main,0.64,1.8,1.0,0.7,204,60.0,112.95,60.77,18.3
huevalue_wp0.64_g1.8_k1.0_s0.7,main,0.64,1.8,1.0,0.7,204,90.0,106.96,106.82,49.8
huevalue_wp0.64_g1.8_k1.0_s0.7,main,0.64,1.8,1.0,0.7,204,120.0,52.59,70.54,113.1
huevalue_wp0.64_g1.8_k1.0_s0.7,main,0.64,1.8,1.0,0.7,204,150.0,36.52,37.76,126.8
huevalue_wp0.64_g1.8_k1.0_s0.7,main,0.64,1.8,1.0,0.7,204,180.0,45.22,94.59,165.2
huevalue_wp0.64_g1.8_k1.0_s0.7,main,0.64,1.8,1.0,0.7,204,210.0,94.16,103.62,202.9
huevalue_wp0.64_g1.8_k1.0_s0.7,main,0.64,1.8,1.0,0.7,204,240.0,97.89,41.23,226.7
huevalue_wp0.64_g1.8_k1.0_s0.7,main,0.64,1.8,1.0,0.7,204,270.0,85.8,117.14,208.8
huevalue_wp0.64_g1.8_k1.0_s0.7,main,0.64,1.8,1.0,0.7,204,300.0,43.71,72.66,228.6
huevalue_wp0.64_g1.8_k1.0_s0.7,main,0.64,1.8,1.0,0.7,204,330.0,61.44,61.45,3.0
huevalue_wp0.64_g1.8_k1.0_s0.7,main,0.64,1.8,1.0,0.7,245,0.0,15.91,235.51,169.4
huevalue_wp0.64_g1.8_k1.0_s0.7,main,0.64,1.8,1.0,0.7,245,30.0,0.07,0.22,
huevalue_wp0.64_g1.8_k1.0_s0.7,main,0.64,1.8,1.0,0.7,245,60.0,1.28,4.09,
huevalue_wp0.64_g1.8_k1.0_s0.7,main,0.64,1.8,1.0,0.7,245,90.0,130.29,68.28,205.2
huevalue_wp0.64_g1.8_k1.0_s0.7,main,0.64,1.8,1.0,0.7,245,120.0,90.0,84.49,195.6
huevalue_wp0.64_g1.8_k1.0_s0.7,main,0.64,1.8,1.0,0.7,245,150.0,47.52,84.2,146.8
huevalue_wp0.64_g1.8_k1.0_s0.7,main,0.64,1.8,1.0,0.7,245,180.0,147.2,128.05,7.5
huevalue_wp0.64_g1.8_k1.0_s0.7,main,0.64,1.8,1.0,0.7,245,210.0,202.45,102.99,7.8
huevalue_wp0.64_g1.8_k1.0_s0.7,main,0.64,1.8,1.0,0.7,245,240.0,183.11,193.62,59.7
huevalue_wp0.64_g1.8_k1.0_s0.7,main,0.64,1.8,1.0,0.7,245,270.0,112.12,217.63,60.0
huevalue_wp0.64_g1.8_k1.0_s0.7,main,0.64,1.8,1.0,0.7,245,300.0,16.37,227.46,173.3
huevalue_wp0.64_g1.8_k1.0_s0.7,main,0.64,1.8,1.0,0.7,245,330.0,3.27,246.77,
huevalue_wp0.64_g1.4_k1.5_s1.0,main,0.64,1.4,1.5,1.0,40,0.0,2.05,190.8,
huevalue_wp0.64_g1.4_k1.5_s1.0,main,0.64,1.4,1.5,1.0,40,30.0,0.5,254.62,
huevalue_wp0.64_g1.4_k1.5_s1.0,main,0.64,1.4,1.5,1.0,40,60.0,6.49,23.96,
huevalue_wp0.64_g1.4_k1.5_s1.0,main,0.64,1.4,1.5,1.0,40,90.0,10.76,43.68,40.0
huevalue_wp0.64_g1.4_k1.5_s1.0,main,0.64,1.4,1.5,1.0,40,120.0,6.57,38.16,
huevalue_wp0.64_g1.4_k1.5_s1.0,main,0.64,1.4,1.5,1.0,40,150.0,2.41,11.77,
huevalue_wp0.64_g1.4_k1.5_s1.0,main,0.64,1.4,1.5,1.0,40,180.0,0.69,2.02,
huevalue_wp0.64_g1.4_k1.5_s1.0,main,0.64,1.4,1.5,1.0,40,210.0,1.0,27.04,
huevalue_wp0.64_g1.4_k1.5_s1.0,main,0.64,1.4,1.5,1.0,40,240.0,2.66,39.92,
huevalue_wp0.64_g1.4_k1.5_s1.0,main,0.64,1.4,1.5,1.0,40,270.0,9.42,44.15,210.7
huevalue_wp0.64_g1.4_k1.5_s1.0,main,0.64,1.4,1.5,1.0,40,300.0,0.52,6.6,
huevalue_wp0.64_g1.4_k1.5_s1.0,main,0.64,1.4,1.5,1.0,40,330.0,0.23,1.8,
huevalue_wp0.64_g1.4_k1.5_s1.0,main,0.64,1.4,1.5,1.0,81,0.0,0.09,254.87,
huevalue_wp0.64_g1.4_k1.5_s1.0,main,0.64,1.4,1.5,1.0,81,30.0,2.32,250.8,
huevalue_wp0.64_g1.4_k1.5_s1.0,main,0.64,1.4,1.5,1.0,81,60.0,33.9,52.93,11.2
huevalue_wp0.64_g1.4_k1.5_s1.0,main,0.64,1.4,1.5,1.0,81,90.0,31.53,55.0,28.4
huevalue_wp0.64_g1.4_k1.5_s1.0,main,0.64,1.4,1.5,1.0,81,120.0,5.3,24.78,
huevalue_wp0.64_g1.4_k1.5_s1.0,main,0.64,1.4,1.5,1.0,81,150.0,9.86,5.63,84.5
huevalue_wp0.64_g1.4_k1.5_s1.0,main,0.64,1.4,1.5,1.0,81,180.0,16.96,29.5,101.1
huevalue_wp0.64_g1.4_k1.5_s1.0,main,0.64,1.4,1.5,1.0,81,210.0,25.76,80.7,188.0
huevalue_wp0.64_g1.4_k1.5_s1.0,main,0.64,1.4,1.5,1.0,81,240.0,48.3,84.63,210.3
huevalue_wp0.64_g1.4_k1.5_s1.0,main,0.64,1.4,1.5,1.0,81,270.0,46.22,90.75,216.3
huevalue_wp0.64_g1.4_k1.5_s1.0,main,0.64,1.4,1.5,1.0,81,300.0,30.91,44.03,256.7
huevalue_wp0.64_g1.4_k1.5_s1.0,main,0.64,1.4,1.5,1.0,81,330.0,8.68,2.89,0.0
huevalue_wp0.64_g1.4_k1.5_s1.0,main,0.64,1.4,1.5,1.0,122,0.0,1.99,251.03,
huevalue_wp0.64_g1.4_k1.5_s1.0,main,0.64,1.4,1.5,1.0,122,30.0,18.56,180.43,13.9
huevalue_wp0.64_g1.4_k1.5_s1.0,main,0.64,1.4,1.5,1.0,122,60.0,66.84,70.98,19.7
huevalue_wp0.64_g1.4_k1.5_s1.0,main,0.64,1.4,1.5,1.0,122,90.0,46.9,57.09,56.4
huevalue_wp0.64_g1.4_k1.5_s1.0,main,0.64,1.4,1.5,1.0,122,120.0,38.49,18.2,97.1
huevalue_wp0.64_g1.4_k1.5_s1.0,main,0.64,1.4,1.5,1.0,122,150.0,35.2,39.27,129.3
huevalue_wp0.64_g1.4_k1.5_s1.0,main,0.64,1.4,1.5,1.0,122,180.0,29.7,88.96,140.1
huevalue_wp0.64_g1.4_k1.5_s1.0,main,0.64,1.4,1.5,1.0,122,210.0,54.35,111.76,190.4
huevalue_wp0.64_g1.4_k1.5_s1.0,main,0.64,1.4,1.5,1.0,122,240.0,68.19,111.69,207.6
huevalue_wp0.64_g1.4_k1.5_s1.0,main,0.64,1.4,1.5,1.0,122,270.0,68.06,100.22,212.0
huevalue_wp0.64_g1.4_k1.5_s1.0,main,0.64,1.4,1.5,1.0,122,300.0,39.71,65.97,240.6
huevalue_wp0.64_g1.4_k1.5_s1.0,main,0.64,1.4,1.5,1.0,122,330.0,37.2,14.87,0.5
huevalue_wp0.64_g1.4_k1.5_s1.0,main,0.64,1.4,1.5,1.0,163,0.0,7.56,243.87,
huevalue_wp0.64_g1.4_k1.5_s1.0,main,0.64,1.4,1.5,1.0,163,30.0,84.0,106.12,3.3
huevalue_wp0.64_g1.4_k1.5_s1.0,main,0.64,1.4,1.5,1.0,163,60.0,98.8,83.43,25.7
huevalue_wp0.64_g1.4_k1.5_s1.0,main,0.64,1.4,1.5,1.0,163,90.0,101.18,94.67,51.2
huevalue_wp0.64_g1.4_k1.5_s1.0,main,0.64,1.4,1.5,1.0,163,120.0,73.76,64.46,98.2
huevalue_wp0.64_g1.4_k1.5_s1.0,main,0.64,1.4,1.5,1.0,163,150.0,43.37,75.19,129.6
huevalue_wp0.64_g1.4_k1.5_s1.0,main,0.64,1.4,1.5,1.0,163,180.0,53.32,94.53,159.0
huevalue_wp0.64_g1.4_k1.5_s1.0,main,0.64,1.4,1.5,1.0,163,210.0,83.48,110.11,195.9
huevalue_wp0.64_g1.4_k1.5_s1.0,main,0.64,1.4,1.5,1.0,163,240.0,107.82,124.15,206.3
huevalue_wp0.64_g1.4_k1.5_s1.0,main,0.64,1.4,1.5,1.0,163,270.0,86.62,123.46,207.4
huevalue_wp0.64_g1.4_k1.5_s1.0,main,0.64,1.4,1.5,1.0,163,300.0,36.03,99.55,224.0
huevalue_wp0.64_g1.4_k1.5_s1.0,main,0.64,1.4,1.5,1.0,163,330.0,65.21,37.04,357.9
huevalue_wp0.64_g1.4_k1.5_s1.0,main,0.64,1.4,1.5,1.0,204,0.0,13.99,239.29,166.8
huevalue_wp0.64_g1.4_k1.5_s1.0,main,0.64,1.4,1.5,1.0,204,30.0,177.12,64.49,1.2
huevalue_wp0.64_g1.4_k1.5_s1.0,main,0.64,1.4,1.5,1.0,204,60.0,166.13,114.06,26.6
huevalue_wp0.64_g1.4_k1.5_s1.0,main,0.64,1.4,1.5,1.0,204,90.0,170.62,161.59,46.6
huevalue_wp0.64_g1.4_k1.5_s1.0,main,0.64,1.4,1.5,1.0,204,120.0,93.54,129.85,60.9
huevalue_wp0.64_g1.4_k1.5_s1.0,main,0.64,1.4,1.5,1.0,204,150.0,43.13,68.79,115.6
huevalue_wp0.64_g1.4_k1.5_s1.0,main,0.64,1.4,1.5,1.0,204,180.0,26.36,164.09,125.7
huevalue_wp0.64_g1.4_k1.5_s1.0,main,0.64,1.4,1.5,1.0,204,210.0,64.25,162.33,195.6
huevalue_wp0.64_g1.4_k1.5_s1.0,main,0.64,1.4,1.5,1.0,204,240.0,119.74,59.05,218.0
huevalue_wp0.64_g1.4_k1.5_s1.0,main,0.64,1.4,1.5,1.0,204,270.0,72.66,165.8,204.6
huevalue_wp0.64_g1.4_k1.5_s1.0,main,0.64,1.4,1.5,1.0,204,300.0,3.06,156.41,
huevalue_wp0.64_g1.4_k1.5_s1.0,main,0.64,1.4,1.5,1.0,204,330.0,105.04,95.77,7.6
huevalue_wp0.64_g1.4_k1.5_s1.0,main,0.64,1.4,1.5,1.0,245,0.0,15.96,238.86,176.2
huevalue_wp0.64_g1.4_k1.5_s1.0,main,0.64,1.4,1.5,1.0,245,30.0,0.75,0.54,
huevalue_wp0.64_g1.4_k1.5_s1.0,main,0.64,1.4,1.5,1.0,245,60.0,1.87,6.05,
huevalue_wp0.64_g1.4_k1.5_s1.0,main,0.64,1.4,1.5,1.0,245,90.0,133.18,69.98,205.0
huevalue_wp0.64_g1.4_k1.5_s1.0,main,0.64,1.4,1.5,1.0,245,120.0,91.62,84.46,196.3
huevalue_wp0.64_g1.4_k1.5_s1.0,main,0.64,1.4,1.5,1.0,245,150.0,47.05,83.42,142.0
huevalue_wp0.64_g1.4_k1.5_s1.0,main,0.64,1.4,1.5,1.0,245,180.0,139.82,127.46,8.0
huevalue_wp0.64_g1.4_k1.5_s1.0,main,0.64,1.4,1.5,1.0,245,210.0,204.05,101.75,8.1
huevalue_wp0.64_g1.4_k1.5_s1.0,main,0.64,1.4,1.5,1.0,245,240.0,186.96,192.36,59.7
huevalue_wp0.64_g1.4_k1.5_s1.0,main,0.64,1.4,1.5,1.0,245,270.0,110.55,218.15,60.0
huevalue_wp0.64_g1.4_k1.5_s1.0,main,0.64,1.4,1.5,1.0,245,300.0,18.22,229.06,176.8
huevalue_wp0.64_g1.4_k1.5_s1.0,main,0.64,1.4,1.5,1.0,245,330.0,4.96,245.54,
huevalue_wp0.88_g1.0_k1.0_s0.7,main,0.88,1.0,1.0,0.7,40,0.0,0.55,250.86,
huevalue_wp0.88_g1.0_k1.0_s0.7,main,0.88,1.0,1.0,0.7,40,30.0,1.4,254.29,
huevalue_wp0.88_g1.0_k1.0_s0.7,main,0.88,1.0,1.0,0.7,40,60.0,4.43,56.51,
huevalue_wp0.88_g1.0_k1.0_s0.7,main,0.88,1.0,1.0,0.7,40,90.0,6.4,56.76,
huevalue_wp0.88_g1.0_k1.0_s0.7,main,0.88,1.0,1.0,0.7,40,120.0,4.17,45.61,
huevalue_wp0.88_g1.0_k1.0_s0.7,main,0.88,1.0,1.0,0.7,40,150.0,1.45,2.6,
huevalue_wp0.88_g1.0_k1.0_s0.7,main,0.88,1.0,1.0,0.7,40,180.0,1.58,3.64,
huevalue_wp0.88_g1.0_k1.0_s0.7,main,0.88,1.0,1.0,0.7,40,210.0,10.77,57.85,198.2
huevalue_wp0.88_g1.0_k1.0_s0.7,main,0.88,1.0,1.0,0.7,40,240.0,12.78,56.64,206.2
huevalue_wp0.88_g1.0_k1.0_s0.7,main,0.88,1.0,1.0,0.7,40,270.0,14.22,61.16,204.0
huevalue_wp0.88_g1.0_k1.0_s0.7,main,0.88,1.0,1.0,0.7,40,300.0,4.85,18.44,
huevalue_wp0.88_g1.0_k1.0_s0.7,main,0.88,1.0,1.0,0.7,40,330.0,3.39,19.05,
huevalue_wp0.88_g1.0_k1.0_s0.7,main,0.88,1.0,1.0,0.7,81,0.0,0.38,254.85,
huevalue_wp0.88_g1.0_k1.0_s0.7,main,0.88,1.0,1.0,0.7,81,30.0,5.19,223.74,
huevalue_wp0.88_g1.0_k1.0_s0.7,main,0.88,1.0,1.0,0.7,81,60.0,40.24,71.25,15.5
huevalue_wp0.88_g1.0_k1.0_s0.7,main,0.88,1.0,1.0,0.7,81,90.0,29.79,69.76,52.5
huevalue_wp0.88_g1.0_k1.0_s0.7,main,0.88,1.0,1.0,0.7,81,120.0,2.55,4.68,
huevalue_wp0.88_g1.0_k1.0_s0.7,main,0.88,1.0,1.0,0.7,81,150.0,0.23,0.08,
huevalue_wp0.88_g1.0_k1.0_s0.7,main,0.88,1.0,1.0,0.7,81,180.0,9.0,25.34,140.0
huevalue_wp0.88_g1.0_k1.0_s0.7,main,0.88,1.0,1.0,0.7,81,210.0,37.58,68.57,192.8
huevalue_wp0.88_g1.0_k1.0_s0.7,main,0.88,1.0,1.0,0.7,81,240.0,59.18,73.88,216.4
huevalue_wp0.88_g1.0_k1.0_s0.7,main,0.88,1.0,1.0,0.7,81,270.0,56.58,69.87,224.3
huevalue_wp0.88_g1.0_k1.0_s0.7,main,0.88,1.0,1.0,0.7,81,300.0,37.66,19.0,244.5
huevalue_wp0.88_g1.0_k1.0_s0.7,main,0.88,1.0,1.0,0.7,81,330.0,22.39,7.53,359.6
huevalue_wp0.88_g1.0_k1.0_s0.7,main,0.88,1.0,1.0,0.7,122,0.0,0.17,254.93,
huevalue_wp0.88_g1.0_k1.0_s0.7,main,0.88,1.0,1.0,0.7,122,30.0,39.18,162.82,4.4
huevalue_wp0.88_g1.0_k1.0_s0.7,main,0.88,1.0,1.0,0.7,122,60.0,83.09,100.23,30.1
huevalue_wp0.88_g1.0_k1.0_s0.7,main,0.88,1.0,1.0,0.7,122,90.0,117.3,109.65,50.4
huevalue_wp0.88_g1.0_k1.0_s0.7,main,0.88,1.0,1.0,0.7,122,120.0,92.72,58.32,77.5
huevalue_wp0.88_g1.0_k1.0_s0.7,main,0.88,1.0,1.0,0.7,122,150.0,58.04,46.97,142.6
huevalue_wp0.88_g1.0_k1.0_s0.7,main,0.88,1.0,1.0,0.7,122,180.0,42.45,124.18,138.7
huevalue_wp0.88_g1.0_k1.0_s0.7,main,0.88,1.0,1.0,0.7,122,210.0,47.37,149.01,185.3
huevalue_wp0.88_g1.0_k1.0_s0.7,main,0.88,1.0,1.0,0.7,122,240.0,91.0,122.91,202.5
huevalue_wp0.88_g1.0_k1.0_s0.7,main,0.88,1.0,1.0,0.7,122,270.0,81.3,114.34,210.8
huevalue_wp0.88_g1.0_k1.0_s0.7,main,0.88,1.0,1.0,0.7,122,300.0,44.08,90.6,230.1
huevalue_wp0.88_g1.0_k1.0_s0.7,main,0.88,1.0,1.0,0.7,122,330.0,55.39,26.93,338.3
huevalue_wp0.88_g1.0_k1.0_s0.7,main,0.88,1.0,1.0,0.7,163,0.0,1.32,253.92,
huevalue_wp0.88_g1.0_k1.0_s0.7,main,0.88,1.0,1.0,0.7,163,30.0,115.27,115.08,2.5
huevalue_wp0.88_g1.0_k1.0_s0.7,main,0.88,1.0,1.0,0.7,163,60.0,160.26,147.59,32.0
huevalue_wp0.88_g1.0_k1.0_s0.7,main,0.88,1.0,1.0,0.7,163,90.0,163.54,184.8,45.0
huevalue_wp0.88_g1.0_k1.0_s0.7,main,0.88,1.0,1.0,0.7,163,120.0,116.05,148.59,55.2
huevalue_wp0.88_g1.0_k1.0_s0.7,main,0.88,1.0,1.0,0.7,163,150.0,49.78,129.39,92.8
huevalue_wp0.88_g1.0_k1.0_s0.7,main,0.88,1.0,1.0,0.7,163,180.0,23.44,198.45,95.0
huevalue_wp0.88_g1.0_k1.0_s0.7,main,0.88,1.0,1.0,0.7,163,210.0,31.97,201.75,188.7
huevalue_wp0.88_g1.0_k1.0_s0.7,main,0.88,1.0,1.0,0.7,163,240.0,81.95,149.13,204.8
huevalue_wp0.88_g1.0_k1.0_s0.7,main,0.88,1.0,1.0,0.7,163,270.0,58.4,167.33,202.8
huevalue_wp0.88_g1.0_k1.0_s0.7,main,0.88,1.0,1.0,0.7,163,300.0,7.43,167.29,
huevalue_wp0.88_g1.0_k1.0_s0.7,main,0.88,1.0,1.0,0.7,163,330.0,91.75,100.79,5.6
huevalue_wp0.88_g1.0_k1.0_s0.7,main,0.88,1.0,1.0,0.7,204,0.0,6.37,245.23,
huevalue_wp0.88_g1.0_k1.0_s0.7,main,0.88,1.0,1.0,0.7,204,30.0,213.2,108.7,11.5
huevalue_wp0.88_g1.0_k1.0_s0.7,main,0.88,1.0,1.0,0.7,204,60.0,143.18,184.54,31.6
huevalue_wp0.88_g1.0_k1.0_s0.7,main,0.88,1.0,1.0,0.7,204,90.0,108.08,218.37,59.2
huevalue_wp0.88_g1.0_k1.0_s0.7,main,0.88,1.0,1.0,0.7,204,120.0,109.22,206.51,49.3
huevalue_wp0.88_g1.0_k1.0_s0.7,main,0.88,1.0,1.0,0.7,204,150.0,53.56,192.68,59.2
huevalue_wp0.88_g1.0_k1.0_s0.7,main,0.88,1.0,1.0,0.7,204,180.0,15.89,244.24,67.7
huevalue_wp0.88_g1.0_k1.0_s0.7,main,0.88,1.0,1.0,0.7,204,210.0,23.06,224.03,189.4
huevalue_wp0.88_g1.0_k1.0_s0.7,main,0.88,1.0,1.0,0.7,204,240.0,72.92,175.21,201.6
huevalue_wp0.88_g1.0_k1.0_s0.7,main,0.88,1.0,1.0,0.7,204,270.0,45.3,207.13,201.4
huevalue_wp0.88_g1.0_k1.0_s0.7,main,0.88,1.0,1.0,0.7,204,300.0,4.19,227.78,
huevalue_wp0.88_g1.0_k1.0_s0.7,main,0.88,1.0,1.0,0.7,204,330.0,137.23,164.05,13.9
huevalue_wp0.88_g1.0_k1.0_s0.7,main,0.88,1.0,1.0,0.7,245,0.0,12.19,241.49,162.7
huevalue_wp0.88_g1.0_k1.0_s0.7,main,0.88,1.0,1.0,0.7,245,30.0,147.01,145.94,13.9
huevalue_wp0.88_g1.0_k1.0_s0.7,main,0.88,1.0,1.0,0.7,245,60.0,91.05,216.87,45.7
huevalue_wp0.88_g1.0_k1.0_s0.7,main,0.88,1.0,1.0,0.7,245,90.0,60.66,234.76,60.0
huevalue_wp0.88_g1.0_k1.0_s0.7,main,0.88,1.0,1.0,0.7,245,120.0,61.63,229.68,54.4
huevalue_wp0.88_g1.0_k1.0_s0.7,main,0.88,1.0,1.0,0.7,245,150.0,31.7,207.3,73.0
huevalue_wp0.88_g1.0_k1.0_s0.7,main,0.88,1.0,1.0,0.7,245,180.0,10.86,246.45,165.9
huevalue_wp0.88_g1.0_k1.0_s0.7,main,0.88,1.0,1.0,0.7,245,210.0,17.11,242.9,184.0
huevalue_wp0.88_g1.0_k1.0_s0.7,main,0.88,1.0,1.0,0.7,245,240.0,98.58,144.01,195.2
huevalue_wp0.88_g1.0_k1.0_s0.7,main,0.88,1.0,1.0,0.7,245,270.0,19.8,247.48,183.1
huevalue_wp0.88_g1.0_k1.0_s0.7,main,0.88,1.0,1.0,0.7,245,300.0,20.7,237.98,171.0
huevalue_wp0.88_g1.0_k1.0_s0.7,main,0.88,1.0,1.0,0.7,245,330.0,58.88,204.98,12.9
huevalue_wp1.0_g1.4_k1.5_s1.0,main,1.0,1.4,1.5,1.0,40,0.0,1.16,235.05,
huevalue_wp1.0_g1.4_k1.5_s1.0,main,1.0,1.4,1.5,1.0,40,30.0,0.06,254.96,
huevalue_wp1.0_g1.4_k1.5_s1.0,main,1.0,1.4,1.5,1.0,40,60.0,3.96,73.15,
huevalue_wp1.0_g1.4_k1.5_s1.0,main,1.0,1.4,1.5,1.0,40,90.0,2.59,70.97,
huevalue_wp1.0_g1.4_k1.5_s1.0,main,1.0,1.4,1.5,1.0,40,120.0,3.96,63.28,
huevalue_wp1.0_g1.4_k1.5_s1.0,main,1.0,1.4,1.5,1.0,40,150.0,3.12,17.35,
huevalue_wp1.0_g1.4_k1.5_s1.0,main,1.0,1.4,1.5,1.0,40,180.0,3.19,14.62,
huevalue_wp1.0_g1.4_k1.5_s1.0,main,1.0,1.4,1.5,1.0,40,210.0,4.83,64.14,
huevalue_wp1.0_g1.4_k1.5_s1.0,main,1.0,1.4,1.5,1.0,40,240.0,9.7,60.61,216.0
huevalue_wp1.0_g1.4_k1.5_s1.0,main,1.0,1.4,1.5,1.0,40,270.0,9.23,62.41,211.6
huevalue_wp1.0_g1.4_k1.5_s1.0,main,1.0,1.4,1.5,1.0,40,300.0,2.47,11.65,
huevalue_wp1.0_g1.4_k1.5_s1.0,main,1.0,1.4,1.5,1.0,40,330.0,1.32,7.84,
huevalue_wp1.0_g1.4_k1.5_s1.0,main,1.0,1.4,1.5,1.0,81,0.0,0.0,255.0,
huevalue_wp1.0_g1.4_k1.5_s1.0,main,1.0,1.4,1.5,1.0,81,30.0,2.43,229.89,
huevalue_wp1.0_g1.4_k1.5_s1.0,main,1.0,1.4,1.5,1.0,81,60.0,24.78,63.25,9.3
huevalue_wp1.0_g1.4_k1.5_s1.0,main,1.0,1.4,1.5,1.0,81,90.0,9.24,57.87,41.5
huevalue_wp1.0_g1.4_k1.5_s1.0,main,1.0,1.4,1.5,1.0,81,120.0,1.33,4.95,
huevalue_wp1.0_g1.4_k1.5_s1.0,main,1.0,1.4,1.5,1.0,81,150.0,0.0,0.0,
huevalue_wp1.0_g1.4_k1.5_s1.0,main,1.0,1.4,1.5,1.0,81,180.0,2.72,27.04,
huevalue_wp1.0_g1.4_k1.5_s1.0,main,1.0,1.4,1.5,1.0,81,210.0,16.96,56.22,201.1
huevalue_wp1.0_g1.4_k1.5_s1.0,main,1.0,1.4,1.5,1.0,81,240.0,46.43,67.14,222.0
huevalue_wp1.0_g1.4_k1.5_s1.0,main,1.0,1.4,1.5,1.0,81,270.0,41.62,61.08,225.8
huevalue_wp1.0_g1.4_k1.5_s1.0,main,1.0,1.4,1.5,1.0,81,300.0,21.9,8.94,242.1
huevalue_wp1.0_g1.4_k1.5_s1.0,main,1.0,1.4,1.5,1.0,81,330.0,5.79,1.93,
huevalue_wp1.0_g1.4_k1.5_s1.0,main,1.0,1.4,1.5,1.0,122,0.0,0.0,255.0,
huevalue_wp1.0_g1.4_k1.5_s1.0,main,1.0,1.4,1.5,1.0,122,30.0,40.91,157.18,3.5
huevalue_wp1.0_g1.4_k1.5_s1.0,main,1.0,1.4,1.5,1.0,122,60.0,75.19,86.59,20.8
huevalue_wp1.0_g1.4_k1.5_s1.0,main,1.0,1.4,1.5,1.0,122,90.0,71.31,57.51,63.0
huevalue_wp1.0_g1.4_k1.5_s1.0,main,1.0,1.4,1.5,1.0,122,120.0,53.35,21.39,116.8
huevalue_wp1.0_g1.4_k1.5_s1.0,main,1.0,1.4,1.5,1.0,122,150.0,64.25,56.16,149.1
huevalue_wp1.0_g1.4_k1.5_s1.0,main,1.0,1.4,1.5,1.0,122,180.0,49.46,106.37,160.2
huevalue_wp1.0_g1.4_k1.5_s1.0,main,1.0,1.4,1.5,1.0,122,210.0,71.47,134.51,194.8
huevalue_wp1.0_g1.4_k1.5_s1.0,main,1.0,1.4,1.5,1.0,122,240.0,99.16,123.35,204.1
huevalue_wp1.0_g1.4_k1.5_s1.0,main,1.0,1.4,1.5,1.0,122,270.0,103.25,105.27,209.5
huevalue_wp1.0_g1.4_k1.5_s1.0,main,1.0,1.4,1.5,1.0,122,300.0,54.44,72.3,230.1
huevalue_wp1.0_g1.4_k1.5_s1.0,main,1.0,1.4,1.5,1.0,122,330.0,59.61,21.05,0.2
huevalue_wp1.0_g1.4_k1.5_s1.0,main,1.0,1.4,1.5,1.0,163,0.0,0.06,254.96,
huevalue_wp1.0_g1.4_k1.5_s1.0,main,1.0,1.4,1.5,1.0,163,30.0,149.08,103.64,1.4
huevalue_wp1.0_g1.4_k1.5_s1.0,main,1.0,1.4,1.5,1.0,163,60.0,196.73,118.29,32.0
huevalue_wp1.0_g1.4_k1.5_s1.0,main,1.0,1.4,1.5,1.0,163,90.0,202.37,169.44,45.9
huevalue_wp1.0_g1.4_k1.5_s1.0,main,1.0,1.4,1.5,1.0,163,120.0,126.7,124.39,59.5
huevalue_wp1.0_g1.4_k1.5_s1.0,main,1.0,1.4,1.5,1.0,163,150.0,41.3,122.09,117.9
huevalue_wp1.0_g1.4_k1.5_s1.0,main,1.0,1.4,1.5,1.0,163,180.0,20.2,197.21,124.5
huevalue_wp1.0_g1.4_k1.5_s1.0,main,1.0,1.4,1.5,1.0,163,210.0,46.1,198.35,193.0
huevalue_wp1.0_g1.4_k1.5_s1.0,main,1.0,1.4,1.5,1.0,163,240.0,98.98,142.79,204.1
huevalue_wp1.0_g1.4_k1.5_s1.0,main,1.0,1.4,1.5,1.0,163,270.0,73.7,163.85,201.0
huevalue_wp1.0_g1.4_k1.5_s1.0,main,1.0,1.4,1.5,1.0,163,300.0,11.68,171.87,354.1
huevalue_wp1.0_g1.4_k1.5_s1.0,main,1.0,1.4,1.5,1.0,163,330.0,127.17,104.75,9.6
huevalue_wp1.0_g1.4_k1.5_s1.0,main,1.0,1.4,1.5,1.0,204,0.0,2.43,251.03,
huevalue_wp1.0_g1.4_k1.5_s1.0,main,1.0,1.4,1.5,1.0,204,30.0,225.74,102.82,10.6
huevalue_wp1.0_g1.4_k1.5_s1.0,main,1.0,1.4,1.5,1.0,204,60.0,164.53,177.53,35.8
huevalue_wp1.0_g1.4_k1.5_s1.0,main,1.0,1.4,1.5,1.0,204,90.0,134.13,210.19,59.9
huevalue_wp1.0_g1.4_k1.5_s1.0,main,1.0,1.4,1.5,1.0,204,120.0,111.73,207.86,49.9
huevalue_wp1.0_g1.4_k1.5_s1.0,main,1.0,1.4,1.5,1.0,204,150.0,40.8,195.91,68.6
huevalue_wp1.0_g1.4_k1.5_s1.0,main,1.0,1.4,1.5,1.0,204,180.0,6.28,250.74,
huevalue_wp1.0_g1.4_k1.5_s1.0,main,1.0,1.4,1.5,1.0,204,210.0,26.79,229.22,192.1
huevalue_wp1.0_g1.4_k1.5_s1.0,main,1.0,1.4,1.5,1.0,204,240.0,87.33,172.14,201.2
huevalue_wp1.0_g1.4_k1.5_s1.0,main,1.0,1.4,1.5,1.0,204,270.0,33.49,228.72,201.2
huevalue_wp1.0_g1.4_k1.5_s1.0,main,1.0,1.4,1.5,1.0,204,300.0,16.06,241.02,171.1
huevalue_wp1.0_g1.4_k1.5_s1.0,main,1.0,1.4,1.5,1.0,204,330.0,83.88,191.5,12.8
huevalue_wp1.0_g1.4_k1.5_s1.0,main,1.0,1.4,1.5,1.0,245,0.0,7.22,247.49,
huevalue_wp1.0_g1.4_k1.5_s1.0,main,1.0,1.4,1.5,1.0,245,30.0,115.54,168.4,13.8
huevalue_wp1.0_g1.4_k1.5_s1.0,main,1.0,1.4,1.5,1.0,245,60.0,72.81,230.06,58.6
huevalue_wp1.0_g1.4_k1.5_s1.0,main,1.0,1.4,1.5,1.0,245,90.0,63.93,233.67,60.0
huevalue_wp1.0_g1.4_k1.5_s1.0,main,1.0,1.4,1.5,1.0,245,120.0,50.06,225.11,60.1
huevalue_wp1.0_g1.4_k1.5_s1.0,main,1.0,1.4,1.5,1.0,245,150.0,16.67,221.56,98.0
huevalue_wp1.0_g1.4_k1.5_s1.0,main,1.0,1.4,1.5,1.0,245,180.0,10.33,250.92,183.1
huevalue_wp1.0_g1.4_k1.5_s1.0,main,1.0,1.4,1.5,1.0,245,210.0,7.65,252.43,
huevalue_wp1.0_g1.4_k1.5_s1.0,main,1.0,1.4,1.5,1.0,245,240.0,83.14,172.8,195.4
huevalue_wp1.0_g1.4_k1.5_s1.0,main,1.0,1.4,1.5,1.0,245,270.0,2.8,254.07,
huevalue_wp1.0_g1.4_k1.5_s1.0,main,1.0,1.4,1.5,1.0,245,300.0,17.68,237.08,170.1
huevalue_wp1.0_g1.4_k1.5_s1.0,main,1.0,1.4,1.5,1.0,245,330.0,3.62,250.77,
huevalue_wp0.64_g1.0_k2.0_s0.7,main,0.64,1.0,2.0,0.7,40,0.0,0.67,206.48,
huevalue_wp0.64_g1.0_k2.0_s0.7,main,0.64,1.0,2.0,0.7,40,30.0,0.17,254.91,
huevalue_wp0.64_g1.0_k2.0_s0.7,main,0.64,1.0,2.0,0.7,40,60.0,2.39,58.72,
huevalue_wp0.64_g1.0_k2.0_s0.7,main,0.64,1.0,2.0,0.7,40,90.0,3.07,68.09,
huevalue_wp0.64_g1.0_k2.0_s0.7,main,0.64,1.0,2.0,0.7,40,120.0,1.64,64.93,
huevalue_wp0.64_g1.0_k2.0_s0.7,main,0.64,1.0,2.0,0.7,40,150.0,3.12,28.23,
huevalue_wp0.64_g1.0_k2.0_s0.7,main,0.64,1.0,2.0,0.7,40,180.0,3.72,20.56,
huevalue_wp0.64_g1.0_k2.0_s0.7,main,0.64,1.0,2.0,0.7,40,210.0,6.68,49.76,
huevalue_wp0.64_g1.0_k2.0_s0.7,main,0.64,1.0,2.0,0.7,40,240.0,10.98,64.59,207.2
huevalue_wp0.64_g1.0_k2.0_s0.7,main,0.64,1.0,2.0,0.7,40,270.0,11.23,66.65,212.8
huevalue_wp0.64_g1.0_k2.0_s0.7,main,0.64,1.0,2.0,0.7,40,300.0,6.13,46.15,
huevalue_wp0.64_g1.0_k2.0_s0.7,main,0.64,1.0,2.0,0.7,40,330.0,3.16,23.28,
huevalue_wp0.64_g1.0_k2.0_s0.7,main,0.64,1.0,2.0,0.7,81,0.0,0.01,255.0,
huevalue_wp0.64_g1.0_k2.0_s0.7,main,0.64,1.0,2.0,0.7,81,30.0,0.59,247.97,
huevalue_wp0.64_g1.0_k2.0_s0.7,main,0.64,1.0,2.0,0.7,81,60.0,18.41,62.15,13.5
huevalue_wp0.64_g1.0_k2.0_s0.7,main,0.64,1.0,2.0,0.7,81,90.0,12.96,58.66,31.7
huevalue_wp0.64_g1.0_k2.0_s0.7,main,0.64,1.0,2.0,0.7,81,120.0,2.44,23.81,
huevalue_wp0.64_g1.0_k2.0_s0.7,main,0.64,1.0,2.0,0.7,81,150.0,0.0,0.0,
huevalue_wp0.64_g1.0_k2.0_s0.7,main,0.64,1.0,2.0,0.7,81,180.0,1.15,5.05,
huevalue_wp0.64_g1.0_k2.0_s0.7,main,0.64,1.0,2.0,0.7,81,210.0,11.76,54.2,204.0
huevalue_wp0.64_g1.0_k2.0_s0.7,main,0.64,1.0,2.0,0.7,81,240.0,27.05,62.35,216.4
huevalue_wp0.64_g1.0_k2.0_s0.7,main,0.64,1.0,2.0,0.7,81,270.0,22.7,63.82,222.6
huevalue_wp0.64_g1.0_k2.0_s0.7,main,0.64,1.0,2.0,0.7,81,300.0,12.94,8.48,252.1
huevalue_wp0.64_g1.0_k2.0_s0.7,main,0.64,1.0,2.0,0.7,81,330.0,1.76,0.59,
huevalue_wp0.64_g1.0_k2.0_s0.7,main,0.64,1.0,2.0,0.7,122,0.0,0.01,255.0,
huevalue_wp0.64_g1.0_k2.0_s0.7,main,0.64,1.0,2.0,0.7,122,30.0,9.6,167.4,10.7
huevalue_wp0.64_g1.0_k2.0_s0.7,main,0.64,1.0,2.0,0.7,122,60.0,41.8,84.78,41.6
huevalue_wp0.64_g1.0_k2.0_s0.7,main,0.64,1.0,2.0,0.7,122,90.0,42.74,46.79,59.6
huevalue_wp0.64_g1.0_k2.0_s0.7,main,0.64,1.0,2.0,0.7,122,120.0,26.47,15.62,72.7
huevalue_wp0.64_g1.0_k2.0_s0.7,main,0.64,1.0,2.0,0.7,122,150.0,29.44,35.99,105.4
huevalue_wp0.64_g1.0_k2.0_s0.7,main,0.64,1.0,2.0,0.7,122,180.0,36.22,98.87,173.6
huevalue_wp0.64_g1.0_k2.0_s0.7,main,0.64,1.0,2.0,0.7,122,210.0,50.15,117.08,189.2
huevalue_wp0.64_g1.0_k2.0_s0.7,main,0.64,1.0,2.0,0.7,122,240.0,54.8,118.14,203.9
huevalue_wp0.64_g1.0_k2.0_s0.7,main,0.64,1.0,2.0,0.7,122,270.0,43.12,112.67,217.8
huevalue_wp0.64_g1.0_k2.0_s0.7,main,0.64,1.0,2.0,0.7,122,300.0,38.71,68.42,231.3
huevalue_wp0.64_g1.0_k2.0_s0.7,main,0.64,1.0,2.0,0.7,122,330.0,20.64,13.04,325.8
huevalue_wp0.64_g1.0_k2.0_s0.7,main,0.64,1.0,2.0,0.7,163,0.0,0.32,254.76,
huevalue_wp0.64_g1.0_k2.0_s0.7,main,0.64,1.0,2.0,0.7,163,30.0,46.09,98.21,26.1
huevalue_wp0.64_g1.0_k2.0_s0.7,main,0.64,1.0,2.0,0.7,163,60.0,67.3,89.31,42.4
huevalue_wp0.64_g1.0_k2.0_s0.7,main,0.64,1.0,2.0,0.7,163,90.0,84.26,104.05,52.8
huevalue_wp0.64_g1.0_k2.0_s0.7,main,0.64,1.0,2.0,0.7,163,120.0,70.49,86.13,65.9
huevalue_wp0.64_g1.0_k2.0_s0.7,main,0.64,1.0,2.0,0.7,163,150.0,36.58,127.7,106.1
huevalue_wp0.64_g1.0_k2.0_s0.7,main,0.64,1.0,2.0,0.7,163,180.0,32.42,158.06,158.6
huevalue_wp0.64_g1.0_k2.0_s0.7,main,0.64,1.0,2.0,0.7,163,210.0,44.05,166.11,186.0
huevalue_wp0.64_g1.0_k2.0_s0.7,main,0.64,1.0,2.0,0.7,163,240.0,63.63,148.27,203.4
huevalue_wp0.64_g1.0_k2.0_s0.7,main,0.64,1.0,2.0,0.7,163,270.0,48.58,130.16,214.6
huevalue_wp0.64_g1.0_k2.0_s0.7,main,0.64,1.0,2.0,0.7,163,300.0,38.02,101.07,226.6
huevalue_wp0.64_g1.0_k2.0_s0.7,main,0.64,1.0,2.0,0.7,163,330.0,15.64,50.87,350.4
huevalue_wp0.64_g1.0_k2.0_s0.7,main,0.64,1.0,2.0,0.7,204,0.0,9.08,249.2,171.1
huevalue_wp0.64_g1.0_k2.0_s0.7,main,0.64,1.0,2.0,0.7,204,30.0,97.48,119.56,21.0
huevalue_wp0.64_g1.0_k2.0_s0.7,main,0.64,1.0,2.0,0.7,204,60.0,94.69,161.85,34.4
huevalue_wp0.64_g1.0_k2.0_s0.7,main,0.64,1.0,2.0,0.7,204,90.0,96.86,184.9,43.9
huevalue_wp0.64_g1.0_k2.0_s0.7,main,0.64,1.0,2.0,0.7,204,120.0,64.19,190.27,57.6
huevalue_wp0.64_g1.0_k2.0_s0.7,main,0.64,1.0,2.0,0.7,204,150.0,49.77,186.46,65.5
huevalue_wp0.64_g1.0_k2.0_s0.7,main,0.64,1.0,2.0,0.7,204,180.0,22.55,205.21,115.6
huevalue_wp0.64_g1.0_k2.0_s0.7,main,0.64,1.0,2.0,0.7,204,210.0,52.4,177.94,186.3
huevalue_wp0.64_g1.0_k2.0_s0.7,main,0.64,1.0,2.0,0.7,204,240.0,84.64,172.83,201.2
huevalue_wp0.64_g1.0_k2.0_s0.7,main,0.64,1.0,2.0,0.7,204,270.0,46.92,179.35,205.7
huevalue_wp0.64_g1.0_k2.0_s0.7,main,0.64,1.0,2.0,0.7,204,300.0,12.91,158.98,219.6
huevalue_wp0.64_g1.0_k2.0_s0.7,main,0.64,1.0,2.0,0.7,204,330.0,30.57,116.7,341.7
huevalue_wp0.64_g1.0_k2.0_s0.7,main,0.64,1.0,2.0,0.7,245,0.0,12.8,247.55,173.7
huevalue_wp0.64_g1.0_k2.0_s0.7,main,0.64,1.0,2.0,0.7,245,30.0,100.49,161.71,16.8
huevalue_wp0.64_g1.0_k2.0_s0.7,main,0.64,1.0,2.0,0.7,245,60.0,78.76,202.64,29.3
huevalue_wp0.64_g1.0_k2.0_s0.7,main,0.64,1.0,2.0,0.7,245,90.0,62.55,229.33,50.4
huevalue_wp0.64_g1.0_k2.0_s0.7,main,0.64,1.0,2.0,0.7,245,120.0,46.17,218.52,56.5
huevalue_wp0.64_g1.0_k2.0_s0.7,main,0.64,1.0,2.0,0.7,245,150.0,35.4,200.62,84.0
huevalue_wp0.64_g1.0_k2.0_s0.7,main,0.64,1.0,2.0,0.7,245,180.0,14.41,236.29,156.4
huevalue_wp0.64_g1.0_k2.0_s0.7,main,0.64,1.0,2.0,0.7,245,210.0,38.58,218.52,193.1
huevalue_wp0.64_g1.0_k2.0_s0.7,main,0.64,1.0,2.0,0.7,245,240.0,94.61,153.01,192.1
huevalue_wp0.64_g1.0_k2.0_s0.7,main,0.64,1.0,2.0,0.7,245,270.0,37.0,222.39,204.0
huevalue_wp0.64_g1.0_k2.0_s0.7,main,0.64,1.0,2.0,0.7,245,300.0,4.21,195.74,
huevalue_wp0.64_g1.0_k2.0_s0.7,main,0.64,1.0,2.0,0.7,245,330.0,75.1,163.49,12.1
huevalue_wp0.75_g1.4_k1.5_s1.15,main,0.75,1.4,1.5,1.15,40,0.0,1.1,219.89,
huevalue_wp0.75_g1.4_k1.5_s1.15,main,0.75,1.4,1.5,1.15,40,30.0,1.01,254.48,
huevalue_wp0.75_g1.4_k1.5_s1.15,main,0.75,1.4,1.5,1.15,40,60.0,3.73,64.03,
huevalue_wp0.75_g1.4_k1.5_s1.15,main,0.75,1.4,1.5,1.15,40,90.0,1.46,61.86,
huevalue_wp0.75_g1.4_k1.5_s1.15,main,0.75,1.4,1.5,1.15,40,120.0,1.42,57.83,
huevalue_wp0.75_g1.4_k1.5_s1.15,main,0.75,1.4,1.5,1.15,40,150.0,1.62,7.85,
huevalue_wp0.75_g1.4_k1.5_s1.15,main,0.75,1.4,1.5,1.15,40,180.0,1.29,5.06,
huevalue_wp0.75_g1.4_k1.5_s1.15,main,0.75,1.4,1.5,1.15,40,210.0,2.69,48.48,
huevalue_wp0.75_g1.4_k1.5_s1.15,main,0.75,1.4,1.5,1.15,40,240.0,6.16,50.41,
huevalue_wp0.75_g1.4_k1.5_s1.15,main,0.75,1.4,1.5,1.15,40,270.0,5.01,51.81,
huevalue_wp0.75_g1.4_k1.5_s1.15,main,0.75,1.4,1.5,1.15,40,300.0,1.08,6.61,
huevalue_wp0.75_g1.4_k1.5_s1.15,main,0.75,1.4,1.5,1.15,40,330.0,0.11,0.1,
huevalue_wp0.75_g1.4_k1.5_s1.15,main,0.75,1.4,1.5,1.15,81,0.0,1.06,254.64,
huevalue_wp0.75_g1.4_k1.5_s1.15,main,0.75,1.4,1.5,1.15,81,30.0,0.67,236.24,
huevalue_wp0.75_g1.4_k1.5_s1.15,main,0.75,1.4,1.5,1.15,81,60.0,13.26,58.82,6.3
huevalue_wp0.75_g1.4_k1.5_s1.15,main,0.75,1.4,1.5,1.15,81,90.0,6.64,54.69,
huevalue_wp0.75_g1.4_k1.5_s1.15,main,0.75,1.4,1.5,1.15,81,120.0,0.69,5.46,
huevalue_wp0.75_g1.4_k1.5_s1.15,main,0.75,1.4,1.5,1.15,81,150.0,0.0,0.0,
huevalue_wp0.75_g1.4_k1.5_s1.15,main,0.75,1.4,1.5,1.15,81,180.0,1.14,23.2,
huevalue_wp0.75_g1.4_k1.5_s1.15,main,0.75,1.4,1.5,1.15,81,210.0,7.55,50.6,
huevalue_wp0.75_g1.4_k1.5_s1.15,main,0.75,1.4,1.5,1.15,81,240.0,23.51,55.89,225.5
huevalue_wp0.75_g1.4_k1.5_s1.15,main,0.75,1.4,1.5,1.15,81,270.0,26.12,54.09,230.3
huevalue_wp0.75_g1.4_k1.5_s1.15,main,0.75,1.4,1.5,1.15,81,300.0,6.78,2.69,
huevalue_wp0.75_g1.4_k1.5_s1.15,main,0.75,1.4,1.5,1.15,81,330.0,0.4,0.13,
huevalue_wp0.75_g1.4_k1.5_s1.15,main,0.75,1.4,1.5,1.15,122,0.0,0.35,254.87,
huevalue_wp0.75_g1.4_k1.5_s1.15,main,0.75,1.4,1.5,1.15,122,30.0,18.63,152.7,5.0
huevalue_wp0.75_g1.4_k1.5_s1.15,main,0.75,1.4,1.5,1.15,122,60.0,44.81,71.1,11.5
huevalue_wp0.75_g1.4_k1.5_s1.15,main,0.75,1.4,1.5,1.15,122,90.0,30.58,25.54,43.5
huevalue_wp0.75_g1.4_k1.5_s1.15,main,0.75,1.4,1.5,1.15,122,120.0,6.32,2.14,
huevalue_wp0.75_g1.4_k1.5_s1.15,main,0.75,1.4,1.5,1.15,122,150.0,21.12,33.31,118.2
huevalue_wp0.75_g1.4_k1.5_s1.15,main,0.75,1.4,1.5,1.15,122,180.0,26.82,85.29,153.4
huevalue_wp0.75_g1.4_k1.5_s1.15,main,0.75,1.4,1.5,1.15,122,210.0,56.33,105.48,201.4
huevalue_wp0.75_g1.4_k1.5_s1.15,main,0.75,1.4,1.5,1.15,122,240.0,74.97,106.34,209.1
huevalue_wp0.75_g1.4_k1.5_s1.15,main,0.75,1.4,1.5,1.15,122,270.0,79.35,88.77,211.1
huevalue_wp0.75_g1.4_k1.5_s1.15,main,0.75,1.4,1.5,1.15,122,300.0,42.11,53.38,243.2
huevalue_wp0.75_g1.4_k1.5_s1.15,main,0.75,1.4,1.5,1.15,122,330.0,35.08,12.2,0.3
huevalue_wp0.75_g1.4_k1.5_s1.15,main,0.75,1.4,1.5,1.15,163,0.0,0.75,254.36,
huevalue_wp0.75_g1.4_k1.5_s1.15,main,0.75,1.4,1.5,1.15,163,30.0,82.3,84.23,1.4
huevalue_wp0.75_g1.4_k1.5_s1.15,main,0.75,1.4,1.5,1.15,163,60.0,102.96,53.93,21.4
huevalue_wp0.75_g1.4_k1.5_s1.15,main,0.75,1.4,1.5,1.15,163,90.0,70.64,57.64,54.2
huevalue_wp0.75_g1.4_k1.5_s1.15,main,0.75,1.4,1.5,1.15,163,120.0,47.87,41.37,117.0
huevalue_wp0.75_g1.4_k1.5_s1.15,main,0.75,1.4,1.5,1.15,163,150.0,46.62,101.12,147.9
huevalue_wp0.75_g1.4_k1.5_s1.15,main,0.75,1.4,1.5,1.15,163,180.0,44.36,127.58,162.4
huevalue_wp0.75_g1.4_k1.5_s1.15,main,0.75,1.4,1.5,1.15,163,210.0,78.21,139.9,198.0
huevalue_wp0.75_g1.4_k1.5_s1.15,main,0.75,1.4,1.5,1.15,163,240.0,101.68,123.01,204.9
huevalue_wp0.75_g1.4_k1.5_s1.15,main,0.75,1.4,1.5,1.15,163,270.0,94.93,107.07,208.1
huevalue_wp0.75_g1.4_k1.5_s1.15,main,0.75,1.4,1.5,1.15,163,300.0,50.22,86.26,227.5
huevalue_wp0.75_g1.4_k1.5_s1.15,main,0.75,1.4,1.5,1.15,163,330.0,66.4,32.68,359.9
huevalue_wp0.75_g1.4_k1.5_s1.15,main,0.75,1.4,1.5,1.15,204,0.0,7.57,243.66,
huevalue_wp0.75_g1.4_k1.5_s1.15,main,0.75,1.4,1.5,1.15,204,30.0,186.45,62.34,0.1
huevalue_wp0.75_g1.4_k1.5_s1.15,main,0.75,1.4,1.5,1.15,204,60.0,167.4,96.02,23.9
huevalue_wp0.75_g1.4_k1.5_s1.15,main,0.75,1.4,1.5,1.15,204,90.0,162.96,154.61,47.8
huevalue_wp0.75_g1.4_k1.5_s1.15,main,0.75,1.4,1.5,1.15,204,120.0,78.23,132.84,73.2
huevalue_wp0.75_g1.4_k1.5_s1.15,main,0.75,1.4,1.5,1.15,204,150.0,39.55,111.31,133.1
huevalue_wp0.75_g1.4_k1.5_s1.15,main,0.75,1.4,1.5,1.15,204,180.0,29.95,184.43,139.0
huevalue_wp0.75_g1.4_k1.5_s1.15,main,0.75,1.4,1.5,1.15,204,210.0,98.45,147.19,196.5
huevalue_wp0.75_g1.4_k1.5_s1.15,main,0.75,1.4,1.5,1.15,204,240.0,126.71,111.53,205.7
huevalue_wp0.75_g1.4_k1.5_s1.15,main,0.75,1.4,1.5,1.15,204,270.0,80.8,157.11,202.4
huevalue_wp0.75_g1.4_k1.5_s1.15,main,0.75,1.4,1.5,1.15,204,300.0,4.49,159.87,
huevalue_wp0.75_g1.4_k1.5_s1.15,main,0.75,1.4,1.5,1.15,204,330.0,122.14,91.65,6.4
huevalue_wp0.75_g1.4_k1.5_s1.15,main,0.75,1.4,1.5,1.15,245,0.0,12.13,236.36,160.1
huevalue_wp0.75_g1.4_k1.5_s1.15,main,0.75,1.4,1.5,1.15,245,30.0,219.38,76.94,2.6
huevalue_wp0.75_g1.4_k1.5_s1.15,main,0.75,1.4,1.5,1.15,245,60.0,190.21,159.48,30.1
huevalue_wp0.75_g1.4_k1.5_s1.15,main,0.75,1.4,1.5,1.15,245,90.0,140.89,201.69,55.1
huevalue_wp0.75_g1.4_k1.5_s1.15,main,0.75,1.4,1.5,1.15,245,120.0,76.82,148.65,60.4
huevalue_wp0.75_g1.4_k1.5_s1.15,main,0.75,1.4,1.5,1.15,245,150.0,40.96,141.39,102.5
huevalue_wp0.75_g1.4_k1.5_s1.15,main,0.75,1.4,1.5,1.15,245,180.0,14.71,243.69,171.7
huevalue_wp0.75_g1.4_k1.5_s1.15,main,0.75,1.4,1.5,1.15,245,210.0,51.27,193.52,193.3
huevalue_wp0.75_g1.4_k1.5_s1.15,main,0.75,1.4,1.5,1.15,245,240.0,146.91,80.92,206.3
huevalue_wp0.75_g1.4_k1.5_s1.15,main,0.75,1.4,1.5,1.15,245,270.0,50.49,206.76,200.1
huevalue_wp0.75_g1.4_k1.5_s1.15,main,0.75,1.4,1.5,1.15,245,300.0,18.01,230.59,165.9
huevalue_wp0.75_g1.4_k1.5_s1.15,main,0.75,1.4,1.5,1.15,245,330.0,130.64,160.83,14.0
huevalue_wp0.75_g1.4_k1.5_s1.0_rep1,main,0.75,1.4,1.5,1.0,40,0.0,0.88,219.35,
huevalue_wp0.75_g1.4_k1.5_s1.0_rep1,main,0.75,1.4,1.5,1.0,40,30.0,1.1,254.38,
huevalue_wp0.75_g1.4_k1.5_s1.0_rep1,main,0.75,1.4,1.5,1.0,40,60.0,4.74,62.3,
huevalue_wp0.75_g1.4_k1.5_s1.0_rep1,main,0.75,1.4,1.5,1.0,40,90.0,2.55,63.52,
huevalue_wp0.75_g1.4_k1.5_s1.0_rep1,main,0.75,1.4,1.5,1.0,40,120.0,2.15,60.11,
huevalue_wp0.75_g1.4_k1.5_s1.0_rep1,main,0.75,1.4,1.5,1.0,40,150.0,2.98,16.26,
huevalue_wp0.75_g1.4_k1.5_s1.0_rep1,main,0.75,1.4,1.5,1.0,40,180.0,2.21,8.06,
huevalue_wp0.75_g1.4_k1.5_s1.0_rep1,main,0.75,1.4,1.5,1.0,40,210.0,4.15,30.11,
huevalue_wp0.75_g1.4_k1.5_s1.0_rep1,main,0.75,1.4,1.5,1.0,40,240.0,7.42,52.17,
huevalue_wp0.75_g1.4_k1.5_s1.0_rep1,main,0.75,1.4,1.5,1.0,40,270.0,6.86,53.73,
huevalue_wp0.75_g1.4_k1.5_s1.0_rep1,main,0.75,1.4,1.5,1.0,40,300.0,3.61,34.4,
huevalue_wp0.75_g1.4_k1.5_s1.0_rep1,main,0.75,1.4,1.5,1.0,40,330.0,0.7,1.91,
huevalue_wp0.75_g1.4_k1.5_s1.0_rep1,main,0.75,1.4,1.5,1.0,81,0.0,0.38,254.85,
huevalue_wp0.75_g1.4_k1.5_s1.0_rep1,main,0.75,1.4,1.5,1.0,81,30.0,1.79,237.23,
huevalue_wp0.75_g1.4_k1.5_s1.0_rep1,main,0.75,1.4,1.5,1.0,81,60.0,8.5,57.13,6.5
huevalue_wp0.75_g1.4_k1.5_s1.0_rep1,main,0.75,1.4,1.5,1.0,81,90.0,5.08,55.33,
huevalue_wp0.75_g1.4_k1.5_s1.0_rep1,main,0.75,1.4,1.5,1.0,81,120.0,1.3,15.73,
huevalue_wp0.75_g1.4_k1.5_s1.0_rep1,main,0.75,1.4,1.5,1.0,81,150.0,0.0,0.0,
huevalue_wp0.75_g1.4_k1.5_s1.0_rep1,main,0.75,1.4,1.5,1.0,81,180.0,0.69,6.91,
huevalue_wp0.75_g1.4_k1.5_s1.0_rep1,main,0.75,1.4,1.5,1.0,81,210.0,8.26,50.37,216.9
huevalue_wp0.75_g1.4_k1.5_s1.0_rep1,main,0.75,1.4,1.5,1.0,81,240.0,16.14,52.59,218.0
huevalue_wp0.75_g1.4_k1.5_s1.0_rep1,main,0.75,1.4,1.5,1.0,81,270.0,22.51,57.37,221.8
huevalue_wp0.75_g1.4_k1.5_s1.0_rep1,main,0.75,1.4,1.5,1.0,81,300.0,4.22,8.2,
huevalue_wp0.75_g1.4_k1.5_s1.0_rep1,main,0.75,1.4,1.5,1.0,81,330.0,0.02,0.01,
huevalue_wp0.75_g1.4_k1.5_s1.0_rep1,main,0.75,1.4,1.5,1.0,122,0.0,0.48,254.83,
huevalue_wp0.75_g1.4_k1.5_s1.0_rep1,main,0.75,1.4,1.5,1.0,122,30.0,10.19,152.98,2.8
huevalue_wp0.75_g1.4_k1.5_s1.0_rep1,main,0.75,1.4,1.5,1.0,122,60.0,40.55,70.48,11.7
huevalue_wp0.75_g1.4_k1.5_s1.0_rep1,main,0.75,1.4,1.5,1.0,122,90.0,28.82,29.99,45.0
huevalue_wp0.75_g1.4_k1.5_s1.0_rep1,main,0.75,1.4,1.5,1.0,122,120.0,2.33,0.78,
huevalue_wp0.75_g1.4_k1.5_s1.0_rep1,main,0.75,1.4,1.5,1.0,122,150.0,20.4,17.8,119.8
huevalue_wp0.75_g1.4_k1.5_s1.0_rep1,main,0.75,1.4,1.5,1.0,122,180.0,24.37,75.71,144.3
huevalue_wp0.75_g1.4_k1.5_s1.0_rep1,main,0.75,1.4,1.5,1.0,122,210.0,52.73,100.31,198.5
huevalue_wp0.75_g1.4_k1.5_s1.0_rep1,main,0.75,1.4,1.5,1.0,122,240.0,73.37,101.51,209.5
huevalue_wp0.75_g1.4_k1.5_s1.0_rep1,main,0.75,1.4,1.5,1.0,122,270.0,69.99,97.9,214.5
huevalue_wp0.75_g1.4_k1.5_s1.0_rep1,main,0.75,1.4,1.5,1.0,122,300.0,38.53,50.54,242.3
huevalue_wp0.75_g1.4_k1.5_s1.0_rep1,main,0.75,1.4,1.5,1.0,122,330.0,24.5,8.17,0.0
huevalue_wp0.75_g1.4_k1.5_s1.0_rep1,main,0.75,1.4,1.5,1.0,163,0.0,1.3,254.29,
huevalue_wp0.75_g1.4_k1.5_s1.0_rep1,main,0.75,1.4,1.5,1.0,163,30.0,70.14,77.79,1.4
huevalue_wp0.75_g1.4_k1.5_s1.0_rep1,main,0.75,1.4,1.5,1.0,163,60.0,93.35,52.54,24.3
huevalue_wp0.75_g1.4_k1.5_s1.0_rep1,main,0.75,1.4,1.5,1.0,163,90.0,73.31,53.65,55.9
huevalue_wp0.75_g1.4_k1.5_s1.0_rep1,main,0.75,1.4,1.5,1.0,163,120.0,51.53,31.4,111.0
huevalue_wp0.75_g1.4_k1.5_s1.0_rep1,main,0.75,1.4,1.5,1.0,163,150.0,49.85,91.87,150.9
huevalue_wp0.75_g1.4_k1.5_s1.0_rep1,main,0.75,1.4,1.5,1.0,163,180.0,46.33,119.99,165.2
huevalue_wp0.75_g1.4_k1.5_s1.0_rep1,main,0.75,1.4,1.5,1.0,163,210.0,75.11,136.09,196.5
huevalue_wp0.75_g1.4_k1.5_s1.0_rep1,main,0.75,1.4,1.5,1.0,163,240.0,101.84,125.98,205.3
huevalue_wp0.75_g1.4_k1.5_s1.0_rep1,main,0.75,1.4,1.5,1.0,163,270.0,98.6,104.05,210.0
huevalue_wp0.75_g1.4_k1.5_s1.0_rep1,main,0.75,1.4,1.5,1.0,163,300.0,52.61,76.12,231.5
huevalue_wp0.75_g1.4_k1.5_s1.0_rep1,main,0.75,1.4,1.5,1.0,163,330.0,58.7,20.36,359.5
huevalue_wp0.75_g1.4_k1.5_s1.0_rep1,main,0.75,1.4,1.5,1.0,204,0.0,5.56,244.78,
huevalue_wp0.75_g1.4_k1.5_s1.0_rep1,main,0.75,1.4,1.5,1.0,204,30.0,170.66,57.16,0.2
huevalue_wp0.75_g1.4_k1.5_s1.0_rep1,main,0.75,1.4,1.5,1.0,204,60.0,161.98,98.46,26.8
huevalue_wp0.75_g1.4_k1.5_s1.0_rep1,main,0.75,1.4,1.5,1.0,204,90.0,164.34,150.58,48.3
huevalue_wp0.75_g1.4_k1.5_s1.0_rep1,main,0.75,1.4,1.5,1.0,204,120.0,83.89,133.23,69.2
huevalue_wp0.75_g1.4_k1.5_s1.0_rep1,main,0.75,1.4,1.5,1.0,204,150.0,40.99,112.01,127.6
huevalue_wp0.75_g1.4_k1.5_s1.0_rep1,main,0.75,1.4,1.5,1.0,204,180.0,32.45,177.61,144.3
huevalue_wp0.75_g1.4_k1.5_s1.0_rep1,main,0.75,1.4,1.5,1.0,204,210.0,91.91,151.19,197.0
huevalue_wp0.75_g1.4_k1.5_s1.0_rep1,main,0.75,1.4,1.5,1.0,204,240.0,122.54,118.98,206.9
huevalue_wp0.75_g1.4_k1.5_s1.0_rep1,main,0.75,1.4,1.5,1.0,204,270.0,86.46,150.34,202.2
huevalue_wp0.75_g1.4_k1.5_s1.0_rep1,main,0.75,1.4,1.5,1.0,204,300.0,8.8,152.12,229.7
huevalue_wp0.75_g1.4_k1.5_s1.0_rep1,main,0.75,1.4,1.5,1.0,204,330.0,103.88,65.22,3.7
huevalue_wp0.75_g1.4_k1.5_s1.0_rep1,main,0.75,1.4,1.5,1.0,245,0.0,10.81,241.6,168.2
huevalue_wp0.75_g1.4_k1.5_s1.0_rep1,main,0.75,1.4,1.5,1.0,245,30.0,222.84,83.25,5.9
huevalue_wp0.75_g1.4_k1.5_s1.0_rep1,main,0.75,1.4,1.5,1.0,245,60.0,177.87,165.71,31.0
huevalue_wp0.75_g1.4_k1.5_s1.0_rep1,main,0.75,1.4,1.5,1.0,245,90.0,128.15,206.2,54.8
huevalue_wp0.75_g1.4_k1.5_s1.0_rep1,main,0.75,1.4,1.5,1.0,245,120.0,73.01,158.38,61.4
huevalue_wp0.75_g1.4_k1.5_s1.0_rep1,main,0.75,1.4,1.5,1.0,245,150.0,35.58,142.84,113.7
huevalue_wp0.75_g1.4_k1.5_s1.0_rep1,main,0.75,1.4,1.5,1.0,245,180.0,17.53,236.37,179.8
huevalue_wp0.75_g1.4_k1.5_s1.0_rep1,main,0.75,1.4,1.5,1.0,245,210.0,54.16,193.36,196.3
huevalue_wp0.75_g1.4_k1.5_s1.0_rep1,main,0.75,1.4,1.5,1.0,245,240.0,148.59,79.0,207.0
huevalue_wp0.75_g1.4_k1.5_s1.0_rep1,main,0.75,1.4,1.5,1.0,245,270.0,54.58,202.64,200.0
huevalue_wp0.75_g1.4_k1.5_s1.0_rep1,main,0.75,1.4,1.5,1.0,245,300.0,5.28,216.66,
huevalue_wp0.75_g1.4_k1.5_s1.0_rep1,main,0.75,1.4,1.5,1.0,245,330.0,147.74,148.9,14.5
huevalue_wp0.88_g1.8_k2.0_s1.3,main,0.88,1.8,2.0,1.3,40,0.0,1.59,234.97,
huevalue_wp0.88_g1.8_k2.0_s1.3,main,0.88,1.8,2.0,1.3,40,30.0,1.84,253.39,
huevalue_wp0.88_g1.8_k2.0_s1.3,main,0.88,1.8,2.0,1.3,40,60.0,6.64,67.23,
huevalue_wp0.88_g1.8_k2.0_s1.3,main,0.88,1.8,2.0,1.3,40,90.0,4.92,67.56,
huevalue_wp0.88_g1.8_k2.0_s1.3,main,0.88,1.8,2.0,1.3,40,120.0,4.64,62.76,
huevalue_wp0.88_g1.8_k2.0_s1.3,main,0.88,1.8,2.0,1.3,40,150.0,3.06,14.97,
huevalue_wp0.88_g1.8_k2.0_s1.3,main,0.88,1.8,2.0,1.3,40,180.0,2.68,15.64,
huevalue_wp0.88_g1.8_k2.0_s1.3,main,0.88,1.8,2.0,1.3,40,210.0,4.72,59.03,
huevalue_wp0.88_g1.8_k2.0_s1.3,main,0.88,1.8,2.0,1.3,40,240.0,6.5,61.67,
huevalue_wp0.88_g1.8_k2.0_s1.3,main,0.88,1.8,2.0,1.3,40,270.0,5.24,59.62,
huevalue_wp0.88_g1.8_k2.0_s1.3,main,0.88,1.8,2.0,1.3,40,300.0,1.78,26.68,
huevalue_wp0.88_g1.8_k2.0_s1.3,main,0.88,1.8,2.0,1.3,40,330.0,2.01,16.09,
huevalue_wp0.88_g1.8_k2.0_s1.3,main,0.88,1.8,2.0,1.3,81,0.0,1.15,254.31,
huevalue_wp0.88_g1.8_k2.0_s1.3,main,0.88,1.8,2.0,1.3,81,30.0,2.41,218.19,
huevalue_wp0.88_g1.8_k2.0_s1.3,main,0.88,1.8,2.0,1.3,81,60.0,3.17,54.87,
huevalue_wp0.88_g1.8_k2.0_s1.3,main,0.88,1.8,2.0,1.3,81,90.0,4.29,53.1,
huevalue_wp0.88_g1.8_k2.0_s1.3,main,0.88,1.8,2.0,1.3,81,120.0,0.4,2.36,
huevalue_wp0.88_g1.8_k2.0_s1.3,main,0.88,1.8,2.0,1.3,81,150.0,0.0,0.0,
huevalue_wp0.88_g1.8_k2.0_s1.3,main,0.88,1.8,2.0,1.3,81,180.0,0.51,19.42,
huevalue_wp0.88_g1.8_k2.0_s1.3,main,0.88,1.8,2.0,1.3,81,210.0,5.82,48.21,
huevalue_wp0.88_g1.8_k2.0_s1.3,main,0.88,1.8,2.0,1.3,81,240.0,12.25,49.98,213.9
huevalue_wp0.88_g1.8_k2.0_s1.3,main,0.88,1.8,2.0,1.3,81,270.0,12.19,51.65,219.9
huevalue_wp0.88_g1.8_k2.0_s1.3,main,0.88,1.8,2.0,1.3,81,300.0,0.3,0.1,
huevalue_wp0.88_g1.8_k2.0_s1.3,main,0.88,1.8,2.0,1.3,81,330.0,0.0,0.0,
huevalue_wp0.88_g1.8_k2.0_s1.3,main,0.88,1.8,2.0,1.3,122,0.0,0.99,254.29,
huevalue_wp0.88_g1.8_k2.0_s1.3,main,0.88,1.8,2.0,1.3,122,30.0,9.19,136.82,12.4
huevalue_wp0.88_g1.8_k2.0_s1.3,main,0.88,1.8,2.0,1.3,122,60.0,35.43,64.92,10.5
huevalue_wp0.88_g1.8_k2.0_s1.3,main,0.88,1.8,2.0,1.3,122,90.0,21.1,14.1,30.2
huevalue_wp0.88_g1.8_k2.0_s1.3,main,0.88,1.8,2.0,1.3,122,120.0,0.26,0.09,
huevalue_wp0.88_g1.8_k2.0_s1.3,main,0.88,1.8,2.0,1.3,122,150.0,12.3,20.3,120.2
huevalue_wp0.88_g1.8_k2.0_s1.3,main,0.88,1.8,2.0,1.3,122,180.0,22.33,71.82,147.9
huevalue_wp0.88_g1.8_k2.0_s1.3,main,0.88,1.8,2.0,1.3,122,210.0,54.64,92.99,202.7
huevalue_wp0.88_g1.8_k2.0_s1.3,main,0.88,1.8,2.0,1.3,122,240.0,76.38,96.47,207.8
huevalue_wp0.88_g1.8_k2.0_s1.3,main,0.88,1.8,2.0,1.3,122,270.0,80.49,83.25,211.4
huevalue_wp0.88_g1.8_k2.0_s1.3,main,0.88,1.8,2.0,1.3,122,300.0,33.74,42.21,242.8
huevalue_wp0.88_g1.8_k2.0_s1.3,main,0.88,1.8,2.0,1.3,122,330.0,22.86,7.62,0.0
huevalue_wp0.88_g1.8_k2.0_s1.3,main,0.88,1.8,2.0,1.3,163,0.0,3.72,252.13,
huevalue_wp0.88_g1.8_k2.0_s1.3,main,0.88,1.8,2.0,1.3,163,30.0,88.13,72.32,1.7
huevalue_wp0.88_g1.8_k2.0_s1.3,main,0.88,1.8,2.0,1.3,163,60.0,101.72,49.97,22.0
huevalue_wp0.88_g1.8_k2.0_s1.3,main,0.88,1.8,2.0,1.3,163,90.0,69.2,50.94,59.3
huevalue_wp0.88_g1.8_k2.0_s1.3,main,0.88,1.8,2.0,1.3,163,120.0,57.9,34.44,113.1
huevalue_wp0.88_g1.8_k2.0_s1.3,main,0.88,1.8,2.0,1.3,163,150.0,51.55,91.72,147.7
huevalue_wp0.88_g1.8_k2.0_s1.3,main,0.88,1.8,2.0,1.3,163,180.0,47.32,118.75,164.0
huevalue_wp0.88_g1.8_k2.0_s1.3,main,0.88,1.8,2.0,1.3,163,210.0,80.24,136.93,197.1
huevalue_wp0.88_g1.8_k2.0_s1.3,main,0.88,1.8,2.0,1.3,163,240.0,108.93,119.98,205.0
huevalue_wp0.88_g1.8_k2.0_s1.3,main,0.88,1.8,2.0,1.3,163,270.0,111.05,107.17,204.3
huevalue_wp0.88_g1.8_k2.0_s1.3,main,0.88,1.8,2.0,1.3,163,300.0,50.82,88.85,224.2
huevalue_wp0.88_g1.8_k2.0_s1.3,main,0.88,1.8,2.0,1.3,163,330.0,70.92,25.8,0.3
huevalue_wp0.88_g1.8_k2.0_s1.3,main,0.88,1.8,2.0,1.3,204,0.0,4.24,239.53,
huevalue_wp0.88_g1.8_k2.0_s1.3,main,0.88,1.8,2.0,1.3,204,30.0,212.85,71.24,0.2
huevalue_wp0.88_g1.8_k2.0_s1.3,main,0.88,1.8,2.0,1.3,204,60.0,208.83,118.73,26.2
huevalue_wp0.88_g1.8_k2.0_s1.3,main,0.88,1.8,2.0,1.3,204,90.0,190.88,171.84,45.4
huevalue_wp0.88_g1.8_k2.0_s1.3,main,0.88,1.8,2.0,1.3,204,120.0,95.93,139.68,66.2
huevalue_wp0.88_g1.8_k2.0_s1.3,main,0.88,1.8,2.0,1.3,204,150.0,38.99,117.67,112.2
huevalue_wp0.88_g1.8_k2.0_s1.3,main,0.88,1.8,2.0,1.3,204,180.0,20.18,207.41,116.0
huevalue_wp0.88_g1.8_k2.0_s1.3,main,0.88,1.8,2.0,1.3,204,210.0,81.85,168.03,193.9
huevalue_wp0.88_g1.8_k2.0_s1.3,main,0.88,1.8,2.0,1.3,204,240.0,120.53,127.33,203.6
huevalue_wp0.88_g1.8_k2.0_s1.3,main,0.88,1.8,2.0,1.3,204,270.0,72.91,170.02,199.4
huevalue_wp0.88_g1.8_k2.0_s1.3,main,0.88,1.8,2.0,1.3,204,300.0,4.56,193.58,
huevalue_wp0.88_g1.8_k2.0_s1.3,main,0.88,1.8,2.0,1.3,204,330.0,170.09,119.29,11.3
huevalue_wp0.88_g1.8_k2.0_s1.3,main,0.88,1.8,2.0,1.3,245,0.0,9.66,236.46,162.4
huevalue_wp0.88_g1.8_k2.0_s1.3,main,0.88,1.8,2.0,1.3,245,30.0,188.76,116.24,13.2
huevalue_wp0.88_g1.8_k2.0_s1.3,main,0.88,1.8,2.0,1.3,245,60.0,144.71,188.39,37.8
huevalue_wp0.88_g1.8_k2.0_s1.3,main,0.88,1.8,2.0,1.3,245,90.0,129.25,209.73,57.8
huevalue_wp0.88_g1.8_k2.0_s1.3,main,0.88,1.8,2.0,1.3,245,120.0,82.8,174.22,56.6
huevalue_wp0.88_g1.8_k2.0_s1.3,main,0.88,1.8,2.0,1.3,245,150.0,35.58,172.35,105.6
huevalue_wp0.88_g1.8_k2.0_s1.3,main,0.88,1.8,2.0,1.3,245,180.0,14.95,242.53,176.1
huevalue_wp0.88_g1.8_k2.0_s1.3,main,0.88,1.8,2.0,1.3,245,210.0,26.74,228.16,190.0
huevalue_wp0.88_g1.8_k2.0_s1.3,main,0.88,1.8,2.0,1.3,245,240.0,130.38,114.07,196.9
huevalue_wp0.88_g1.8_k2.0_s1.3,main,0.88,1.8,2.0,1.3,245,270.0,25.34,238.59,194.0
huevalue_wp0.88_g1.8_k2.0_s1.3,main,0.88,1.8,2.0,1.3,245,300.0,19.98,229.82,167.4
huevalue_wp0.88_g1.8_k2.0_s1.3,main,0.88,1.8,2.0,1.3,245,330.0,71.58,195.47,15.9
huevalue_wp0.75_g1.4_k1.5_s1.0_rep3,main,0.75,1.4,1.5,1.0,40,0.0,0.33,243.56,
huevalue_wp0.75_g1.4_k1.5_s1.0_rep3,main,0.75,1.4,1.5,1.0,40,30.0,6.47,252.01,
huevalue_wp0.75_g1.4_k1.5_s1.0_rep3,main,0.75,1.4,1.5,1.0,40,60.0,3.93,53.85,
huevalue_wp0.75_g1.4_k1.5_s1.0_rep3,main,0.75,1.4,1.5,1.0,40,90.0,3.1,53.54,
huevalue_wp0.75_g1.4_k1.5_s1.0_rep3,main,0.75,1.4,1.5,1.0,40,120.0,1.76,51.09,
huevalue_wp0.75_g1.4_k1.5_s1.0_rep3,main,0.75,1.4,1.5,1.0,40,150.0,1.97,5.14,
huevalue_wp0.75_g1.4_k1.5_s1.0_rep3,main,0.75,1.4,1.5,1.0,40,180.0,2.43,8.82,
huevalue_wp0.75_g1.4_k1.5_s1.0_rep3,main,0.75,1.4,1.5,1.0,40,210.0,5.45,46.88,
huevalue_wp0.75_g1.4_k1.5_s1.0_rep3,main,0.75,1.4,1.5,1.0,40,240.0,9.04,59.31,206.5
huevalue_wp0.75_g1.4_k1.5_s1.0_rep3,main,0.75,1.4,1.5,1.0,40,270.0,8.38,61.07,207.4
huevalue_wp0.75_g1.4_k1.5_s1.0_rep3,main,0.75,1.4,1.5,1.0,40,300.0,4.46,40.96,
huevalue_wp0.75_g1.4_k1.5_s1.0_rep3,main,0.75,1.4,1.5,1.0,40,330.0,2.39,23.63,
huevalue_wp0.75_g1.4_k1.5_s1.0_rep3,main,0.75,1.4,1.5,1.0,81,0.0,3.88,253.19,
huevalue_wp0.75_g1.4_k1.5_s1.0_rep3,main,0.75,1.4,1.5,1.0,81,30.0,2.54,219.97,
huevalue_wp0.75_g1.4_k1.5_s1.0_rep3,main,0.75,1.4,1.5,1.0,81,60.0,6.12,56.01,
huevalue_wp0.75_g1.4_k1.5_s1.0_rep3,main,0.75,1.4,1.5,1.0,81,90.0,4.1,53.19,
huevalue_wp0.75_g1.4_k1.5_s1.0_rep3,main,0.75,1.4,1.5,1.0,81,120.0,0.62,5.95,
huevalue_wp0.75_g1.4_k1.5_s1.0_rep3,main,0.75,1.4,1.5,1.0,81,150.0,0.0,0.0,
huevalue_wp0.75_g1.4_k1.5_s1.0_rep3,main,0.75,1.4,1.5,1.0,81,180.0,1.05,15.46,
huevalue_wp0.75_g1.4_k1.5_s1.0_rep3,main,0.75,1.4,1.5,1.0,81,210.0,7.45,48.64,
huevalue_wp0.75_g1.4_k1.5_s1.0_rep3,main,0.75,1.4,1.5,1.0,81,240.0,15.22,50.98,218.4
huevalue_wp0.75_g1.4_k1.5_s1.0_rep3,main,0.75,1.4,1.5,1.0,81,270.0,19.24,54.58,218.0
huevalue_wp0.75_g1.4_k1.5_s1.0_rep3,main,0.75,1.4,1.5,1.0,81,300.0,1.47,3.75,
huevalue_wp0.75_g1.4_k1.5_s1.0_rep3,main,0.75,1.4,1.5,1.0,81,330.0,0.0,0.0,
huevalue_wp0.75_g1.4_k1.5_s1.0_rep3,main,0.75,1.4,1.5,1.0,122,0.0,4.46,252.87,
huevalue_wp0.75_g1.4_k1.5_s1.0_rep3,main,0.75,1.4,1.5,1.0,122,30.0,9.78,134.16,6.5
huevalue_wp0.75_g1.4_k1.5_s1.0_rep3,main,0.75,1.4,1.5,1.0,122,60.0,39.15,68.76,13.0
huevalue_wp0.75_g1.4_k1.5_s1.0_rep3,main,0.75,1.4,1.5,1.0,122,90.0,25.8,21.88,42.5
huevalue_wp0.75_g1.4_k1.5_s1.0_rep3,main,0.75,1.4,1.5,1.0,122,120.0,1.81,0.6,
huevalue_wp0.75_g1.4_k1.5_s1.0_rep3,main,0.75,1.4,1.5,1.0,122,150.0,15.9,15.27,122.5
huevalue_wp0.75_g1.4_k1.5_s1.0_rep3,main,0.75,1.4,1.5,1.0,122,180.0,22.4,71.67,139.5
huevalue_wp0.75_g1.4_k1.5_s1.0_rep3,main,0.75,1.4,1.5,1.0,122,210.0,56.81,95.51,199.0
huevalue_wp0.75_g1.4_k1.5_s1.0_rep3,main,0.75,1.4,1.5,1.0,122,240.0,74.81,96.66,209.6
huevalue_wp0.75_g1.4_k1.5_s1.0_rep3,main,0.75,1.4,1.5,1.0,122,270.0,69.16,90.15,216.4
huevalue_wp0.75_g1.4_k1.5_s1.0_rep3,main,0.75,1.4,1.5,1.0,122,300.0,41.17,45.71,246.2
huevalue_wp0.75_g1.4_k1.5_s1.0_rep3,main,0.75,1.4,1.5,1.0,122,330.0,16.83,5.61,0.0
huevalue_wp0.75_g1.4_k1.5_s1.0_rep3,main,0.75,1.4,1.5,1.0,163,0.0,6.07,250.35,
huevalue_wp0.75_g1.4_k1.5_s1.0_rep3,main,0.75,1.4,1.5,1.0,163,30.0,72.12,65.3,1.5
huevalue_wp0.75_g1.4_k1.5_s1.0_rep3,main,0.75,1.4,1.5,1.0,163,60.0,92.71,48.17,24.0
huevalue_wp0.75_g1.4_k1.5_s1.0_rep3,main,0.75,1.4,1.5,1.0,163,90.0,66.22,50.7,59.5
huevalue_wp0.75_g1.4_k1.5_s1.0_rep3,main,0.75,1.4,1.5,1.0,163,120.0,50.3,24.98,114.9
huevalue_wp0.75_g1.4_k1.5_s1.0_rep3,main,0.75,1.4,1.5,1.0,163,150.0,51.57,86.93,147.3
huevalue_wp0.75_g1.4_k1.5_s1.0_rep3,main,0.75,1.4,1.5,1.0,163,180.0,47.3,115.06,164.4
huevalue_wp0.75_g1.4_k1.5_s1.0_rep3,main,0.75,1.4,1.5,1.0,163,210.0,79.63,131.88,197.6
huevalue_wp0.75_g1.4_k1.5_s1.0_rep3,main,0.75,1.4,1.5,1.0,163,240.0,107.93,122.49,206.0
huevalue_wp0.75_g1.4_k1.5_s1.0_rep3,main,0.75,1.4,1.5,1.0,163,270.0,102.58,100.31,211.0
huevalue_wp0.75_g1.4_k1.5_s1.0_rep3,main,0.75,1.4,1.5,1.0,163,300.0,51.69,72.61,231.9
huevalue_wp0.75_g1.4_k1.5_s1.0_rep3,main,0.75,1.4,1.5,1.0,163,330.0,59.88,20.35,359.9
huevalue_wp0.75_g1.4_k1.5_s1.0_rep3,main,0.75,1.4,1.5,1.0,204,0.0,9.83,236.37,156.7
huevalue_wp0.75_g1.4_k1.5_s1.0_rep3,main,0.75,1.4,1.5,1.0,204,30.0,166.71,56.09,0.5
huevalue_wp0.75_g1.4_k1.5_s1.0_rep3,main,0.75,1.4,1.5,1.0,204,60.0,160.63,97.66,26.5
huevalue_wp0.75_g1.4_k1.5_s1.0_rep3,main,0.75,1.4,1.5,1.0,204,90.0,164.23,151.65,47.2
huevalue_wp0.75_g1.4_k1.5_s1.0_rep3,main,0.75,1.4,1.5,1.0,204,120.0,88.86,127.13,72.3
huevalue_wp0.75_g1.4_k1.5_s1.0_rep3,main,0.75,1.4,1.5,1.0,204,150.0,37.77,101.98,126.9
huevalue_wp0.75_g1.4_k1.5_s1.0_rep3,main,0.75,1.4,1.5,1.0,204,180.0,39.9,168.77,157.6
huevalue_wp0.75_g1.4_k1.5_s1.0_rep3,main,0.75,1.4,1.5,1.0,204,210.0,94.51,146.6,197.7
huevalue_wp0.75_g1.4_k1.5_s1.0_rep3,main,0.75,1.4,1.5,1.0,204,240.0,127.97,115.6,207.8
huevalue_wp0.75_g1.4_k1.5_s1.0_rep3,main,0.75,1.4,1.5,1.0,204,270.0,94.15,144.98,201.0
huevalue_wp0.75_g1.4_k1.5_s1.0_rep3,main,0.75,1.4,1.5,1.0,204,300.0,13.41,150.97,222.4
huevalue_wp0.75_g1.4_k1.5_s1.0_rep3,main,0.75,1.4,1.5,1.0,204,330.0,99.42,58.5,3.9
huevalue_wp0.75_g1.4_k1.5_s1.0_rep3,main,0.75,1.4,1.5,1.0,245,0.0,8.34,232.18,164.5
huevalue_wp0.75_g1.4_k1.5_s1.0_rep3,main,0.75,1.4,1.5,1.0,245,30.0,222.84,84.38,6.3
huevalue_wp0.75_g1.4_k1.5_s1.0_rep3,main,0.75,1.4,1.5,1.0,245,60.0,178.56,166.17,31.3
huevalue_wp0.75_g1.4_k1.5_s1.0_rep3,main,0.75,1.4,1.5,1.0,245,90.0,134.83,204.1,54.6
huevalue_wp0.75_g1.4_k1.5_s1.0_rep3,main,0.75,1.4,1.5,1.0,245,120.0,74.44,158.54,59.8
huevalue_wp0.75_g1.4_k1.5_s1.0_rep3,main,0.75,1.4,1.5,1.0,245,150.0,36.21,134.32,119.9
huevalue_wp0.75_g1.4_k1.5_s1.0_rep3,main,0.75,1.4,1.5,1.0,245,180.0,16.28,232.62,170.8
huevalue_wp0.75_g1.4_k1.5_s1.0_rep3,main,0.75,1.4,1.5,1.0,245,210.0,58.23,192.18,192.7
huevalue_wp0.75_g1.4_k1.5_s1.0_rep3,main,0.75,1.4,1.5,1.0,245,240.0,143.52,75.07,207.9
huevalue_wp0.75_g1.4_k1.5_s1.0_rep3,main,0.75,1.4,1.5,1.0,245,270.0,58.06,201.42,199.7
huevalue_wp0.75_g1.4_k1.5_s1.0_rep3,main,0.75,1.4,1.5,1.0,245,300.0,7.31,217.09,
huevalue_wp0.75_g1.4_k1.5_s1.0_rep3,main,0.75,1.4,1.5,1.0,245,330.0,161.41,141.36,13.5
huevalue_wp0.88_g1.4_k1.5_s1.0,main,0.88,1.4,1.5,1.0,40,0.0,0.63,219.74,
huevalue_wp0.88_g1.4_k1.5_s1.0,main,0.88,1.4,1.5,1.0,40,30.0,1.39,254.28,
huevalue_wp0.88_g1.4_k1.5_s1.0,main,0.88,1.4,1.5,1.0,40,60.0,3.22,52.8,
huevalue_wp0.88_g1.4_k1.5_s1.0,main,0.88,1.4,1.5,1.0,40,90.0,3.2,54.05,
huevalue_wp0.88_g1.4_k1.5_s1.0,main,0.88,1.4,1.5,1.0,40,120.0,1.47,50.35,
huevalue_wp0.88_g1.4_k1.5_s1.0,main,0.88,1.4,1.5,1.0,40,150.0,2.08,5.39,
huevalue_wp0.88_g1.4_k1.5_s1.0,main,0.88,1.4,1.5,1.0,40,180.0,1.61,5.03,
huevalue_wp0.88_g1.4_k1.5_s1.0,main,0.88,1.4,1.5,1.0,40,210.0,4.57,49.35,
huevalue_wp0.88_g1.4_k1.5_s1.0,main,0.88,1.4,1.5,1.0,40,240.0,9.9,54.66,206.2
huevalue_wp0.88_g1.4_k1.5_s1.0,main,0.88,1.4,1.5,1.0,40,270.0,9.29,56.7,206.9
huevalue_wp0.88_g1.4_k1.5_s1.0,main,0.88,1.4,1.5,1.0,40,300.0,4.03,16.38,
huevalue_wp0.88_g1.4_k1.5_s1.0,main,0.88,1.4,1.5,1.0,40,330.0,2.36,14.93,
huevalue_wp0.88_g1.4_k1.5_s1.0,main,0.88,1.4,1.5,1.0,81,0.0,1.34,254.49,
huevalue_wp0.88_g1.4_k1.5_s1.0,main,0.88,1.4,1.5,1.0,81,30.0,1.05,237.46,
huevalue_wp0.88_g1.4_k1.5_s1.0,main,0.88,1.4,1.5,1.0,81,60.0,14.53,59.03,10.0
huevalue_wp0.88_g1.4_k1.5_s1.0,main,0.88,1.4,1.5,1.0,81,90.0,8.05,56.56,41.9
huevalue_wp0.88_g1.4_k1.5_s1.0,main,0.88,1.4,1.5,1.0,81,120.0,1.02,9.7,
huevalue_wp0.88_g1.4_k1.5_s1.0,main,0.88,1.4,1.5,1.0,81,150.0,0.0,0.0,
huevalue_wp0.88_g1.4_k1.5_s1.0,main,0.88,1.4,1.5,1.0,81,180.0,1.79,17.1,
huevalue_wp0.88_g1.4_k1.5_s1.0,main,0.88,1.4,1.5,1.0,81,210.0,11.74,52.23,198.2
huevalue_wp0.88_g1.4_k1.5_s1.0,main,0.88,1.4,1.5,1.0,81,240.0,33.03,59.62,220.9
huevalue_wp0.88_g1.4_k1.5_s1.0,main,0.88,1.4,1.5,1.0,81,270.0,39.68,60.01,227.4
huevalue_wp0.88_g1.4_k1.5_s1.0,main,0.88,1.4,1.5,1.0,81,300.0,13.88,4.85,239.6
huevalue_wp0.88_g1.4_k1.5_s1.0,main,0.88,1.4,1.5,1.0,81,330.0,0.53,0.18,
huevalue_wp0.88_g1.4_k1.5_s1.0,main,0.88,1.4,1.5,1.0,122,0.0,0.81,254.65,
huevalue_wp0.88_g1.4_k1.5_s1.0,main,0.88,1.4,1.5,1.0,122,30.0,23.34,152.54,3.8
huevalue_wp0.88_g1.4_k1.5_s1.0,main,0.88,1.4,1.5,1.0,122,60.0,56.63,78.26,18.0
huevalue_wp0.88_g1.4_k1.5_s1.0,main,0.88,1.4,1.5,1.0,122,90.0,41.87,38.37,59.5
huevalue_wp0.88_g1.4_k1.5_s1.0,main,0.88,1.4,1.5,1.0,122,120.0,25.99,8.74,120.0
huevalue_wp0.88_g1.4_k1.5_s1.0,main,0.88,1.4,1.5,1.0,122,150.0,39.22,35.8,134.0
huevalue_wp0.88_g1.4_k1.5_s1.0,main,0.88,1.4,1.5,1.0,122,180.0,40.58,92.69,154.6
huevalue_wp0.88_g1.4_k1.5_s1.0,main,0.88,1.4,1.5,1.0,122,210.0,70.4,115.24,198.3
huevalue_wp0.88_g1.4_k1.5_s1.0,main,0.88,1.4,1.5,1.0,122,240.0,87.88,115.0,207.9
huevalue_wp0.88_g1.4_k1.5_s1.0,main,0.88,1.4,1.5,1.0,122,270.0,90.4,98.88,211.4
huevalue_wp0.88_g1.4_k1.5_s1.0,main,0.88,1.4,1.5,1.0,122,300.0,47.81,61.14,234.3
huevalue_wp0.88_g1.4_k1.5_s1.0,main,0.88,1.4,1.5,1.0,122,330.0,39.58,13.9,0.3
huevalue_wp0.88_g1.4_k1.5_s1.0,main,0.88,1.4,1.5,1.0,163,0.0,3.69,252.97,
huevalue_wp0.88_g1.4_k1.5_s1.0,main,0.88,1.4,1.5,1.0,163,30.0,103.69,90.05,1.7
huevalue_wp0.88_g1.4_k1.5_s1.0,main,0.88,1.4,1.5,1.0,163,60.0,124.58,74.48,27.7
huevalue_wp0.88_g1.4_k1.5_s1.0,main,0.88,1.4,1.5,1.0,163,90.0,147.1,119.79,48.2
huevalue_wp0.88_g1.4_k1.5_s1.0,main,0.88,1.4,1.5,1.0,163,120.0,96.25,86.83,78.3
huevalue_wp0.88_g1.4_k1.5_s1.0,main,0.88,1.4,1.5,1.0,163,150.0,52.0,101.96,152.4
huevalue_wp0.88_g1.4_k1.5_s1.0,main,0.88,1.4,1.5,1.0,163,180.0,39.44,160.73,155.1
huevalue_wp0.88_g1.4_k1.5_s1.0,main,0.88,1.4,1.5,1.0,163,210.0,66.9,170.33,195.0
huevalue_wp0.88_g1.4_k1.5_s1.0,main,0.88,1.4,1.5,1.0,163,240.0,108.52,132.51,205.4
huevalue_wp0.88_g1.4_k1.5_s1.0,main,0.88,1.4,1.5,1.0,163,270.0,99.23,137.63,202.4
huevalue_wp0.88_g1.4_k1.5_s1.0,main,0.88,1.4,1.5,1.0,163,300.0,35.71,126.26,215.7
huevalue_wp0.88_g1.4_k1.5_s1.0,main,0.88,1.4,1.5,1.0,163,330.0,67.26,40.74,0.1
huevalue_wp0.88_g1.4_k1.5_s1.0,main,0.88,1.4,1.5,1.0,204,0.0,7.5,240.66,
huevalue_wp0.88_g1.4_k1.5_s1.0,main,0.88,1.4,1.5,1.0,204,30.0,227.54,77.72,1.2
huevalue_wp0.88_g1.4_k1.5_s1.0,main,0.88,1.4,1.5,1.0,204,60.0,209.48,148.32,28.5
huevalue_wp0.88_g1.4_k1.5_s1.0,main,0.88,1.4,1.5,1.0,204,90.0,167.29,191.53,52.7
huevalue_wp0.88_g1.4_k1.5_s1.0,main,0.88,1.4,1.5,1.0,204,120.0,108.26,172.8,54.2
huevalue_wp0.88_g1.4_k1.5_s1.0,main,0.88,1.4,1.5,1.0,204,150.0,42.58,156.95,90.6
huevalue_wp0.88_g1.4_k1.5_s1.0,main,0.88,1.4,1.5,1.0,204,180.0,14.37,233.54,96.7
huevalue_wp0.88_g1.4_k1.5_s1.0,main,0.88,1.4,1.5,1.0,204,210.0,67.51,189.22,192.3
huevalue_wp0.88_g1.4_k1.5_s1.0,main,0.88,1.4,1.5,1.0,204,240.0,118.72,143.12,201.6
huevalue_wp0.88_g1.4_k1.5_s1.0,main,0.88,1.4,1.5,1.0,204,270.0,62.0,188.24,197.7
huevalue_wp0.88_g1.4_k1.5_s1.0,main,0.88,1.4,1.5,1.0,204,300.0,2.85,212.31,
huevalue_wp0.88_g1.4_k1.5_s1.0,main,0.88,1.4,1.5,1.0,204,330.0,154.27,150.99,12.3
huevalue_wp0.88_g1.4_k1.5_s1.0,main,0.88,1.4,1.5,1.0,245,0.0,8.53,233.71,166.3
huevalue_wp0.88_g1.4_k1.5_s1.0,main,0.88,1.4,1.5,1.0,245,30.0,173.71,129.48,12.8
huevalue_wp0.88_g1.4_k1.5_s1.0,main,0.88,1.4,1.5,1.0,245,60.0,121.47,200.13,39.5
huevalue_wp0.88_g1.4_k1.5_s1.0,main,0.88,1.4,1.5,1.0,245,90.0,97.34,222.33,59.7
huevalue_wp0.88_g1.4_k1.5_s1.0,main,0.88,1.4,1.5,1.0,245,120.0,70.96,198.7,55.9
huevalue_wp0.88_g1.4_k1.5_s1.0,main,0.88,1.4,1.5,1.0,245,150.0,26.91,193.11,110.8
huevalue_wp0.88_g1.4_k1.5_s1.0,main,0.88,1.4,1.5,1.0,245,180.0,14.32,247.21,185.0
huevalue_wp0.88_g1.4_k1.5_s1.0,main,0.88,1.4,1.5,1.0,245,210.0,27.21,235.89,191.0
huevalue_wp0.88_g1.4_k1.5_s1.0,main,0.88,1.4,1.5,1.0,245,240.0,128.31,123.86,196.6
huevalue_wp0.88_g1.4_k1.5_s1.0,main,0.88,1.4,1.5,1.0,245,270.0,23.64,242.3,199.2
huevalue_wp0.88_g1.4_k1.5_s1.0,main,0.88,1.4,1.5,1.0,245,300.0,16.2,231.3,172.0
huevalue_wp0.88_g1.4_k1.5_s1.0,main,0.88,1.4,1.5,1.0,245,330.0,52.42,213.39,17.5
huevalue_wp0.64_g1.8_k2.0_s1.3,main,0.64,1.8,2.0,1.3,40,0.0,0.2,196.16,
huevalue_wp0.64_g1.8_k2.0_s1.3,main,0.64,1.8,2.0,1.3,40,30.0,0.4,254.83,
huevalue_wp0.64_g1.8_k2.0_s1.3,main,0.64,1.8,2.0,1.3,40,60.0,3.33,20.27,
huevalue_wp0.64_g1.8_k2.0_s1.3,main,0.64,1.8,2.0,1.3,40,90.0,7.8,29.73,
huevalue_wp0.64_g1.8_k2.0_s1.3,main,0.64,1.8,2.0,1.3,40,120.0,7.78,23.98,
huevalue_wp0.64_g1.8_k2.0_s1.3,main,0.64,1.8,2.0,1.3,40,150.0,2.39,9.2,
huevalue_wp0.64_g1.8_k2.0_s1.3,main,0.64,1.8,2.0,1.3,40,180.0,0.19,0.08,
huevalue_wp0.64_g1.8_k2.0_s1.3,main,0.64,1.8,2.0,1.3,40,210.0,1.23,8.81,
huevalue_wp0.64_g1.8_k2.0_s1.3,main,0.64,1.8,2.0,1.3,40,240.0,0.57,27.74,
huevalue_wp0.64_g1.8_k2.0_s1.3,main,0.64,1.8,2.0,1.3,40,270.0,3.19,31.74,
huevalue_wp0.64_g1.8_k2.0_s1.3,main,0.64,1.8,2.0,1.3,40,300.0,1.03,19.26,
huevalue_wp0.64_g1.8_k2.0_s1.3,main,0.64,1.8,2.0,1.3,40,330.0,0.05,0.02,
huevalue_wp0.64_g1.8_k2.0_s1.3,main,0.64,1.8,2.0,1.3,81,0.0,0.16,254.95,
huevalue_wp0.64_g1.8_k2.0_s1.3,main,0.64,1.8,2.0,1.3,81,30.0,2.17,246.8,
huevalue_wp0.64_g1.8_k2.0_s1.3,main,0.64,1.8,2.0,1.3,81,60.0,16.32,35.67,24.5
huevalue_wp0.64_g1.8_k2.0_s1.3,main,0.64,1.8,2.0,1.3,81,90.0,12.42,34.88,47.1
huevalue_wp0.64_g1.8_k2.0_s1.3,main,0.64,1.8,2.0,1.3,81,120.0,4.46,20.81,
huevalue_wp0.64_g1.8_k2.0_s1.3,main,0.64,1.8,2.0,1.3,81,150.0,2.89,1.45,
huevalue_wp0.64_g1.8_k2.0_s1.3,main,0.64,1.8,2.0,1.3,81,180.0,12.34,15.39,38.4
huevalue_wp0.64_g1.8_k2.0_s1.3,main,0.64,1.8,2.0,1.3,81,210.0,18.31,66.94,219.1
huevalue_wp0.64_g1.8_k2.0_s1.3,main,0.64,1.8,2.0,1.3,81,240.0,36.32,76.17,217.9
huevalue_wp0.64_g1.8_k2.0_s1.3,main,0.64,1.8,2.0,1.3,81,270.0,39.7,86.5,217.9
huevalue_wp0.64_g1.8_k2.0_s1.3,main,0.64,1.8,2.0,1.3,81,300.0,23.89,45.38,261.8
huevalue_wp0.64_g1.8_k2.0_s1.3,main,0.64,1.8,2.0,1.3,81,330.0,0.87,0.29,
huevalue_wp0.64_g1.8_k2.0_s1.3,main,0.64,1.8,2.0,1.3,122,0.0,2.8,252.55,
huevalue_wp0.64_g1.8_k2.0_s1.3,main,0.64,1.8,2.0,1.3,122,30.0,6.54,164.84,
huevalue_wp0.64_g1.8_k2.0_s1.3,main,0.64,1.8,2.0,1.3,122,60.0,41.63,47.45,23.7
huevalue_wp0.64_g1.8_k2.0_s1.3,main,0.64,1.8,2.0,1.3,122,90.0,34.57,39.87,42.3
huevalue_wp0.64_g1.8_k2.0_s1.3,main,0.64,1.8,2.0,1.3,122,120.0,15.74,5.52,117.5
huevalue_wp0.64_g1.8_k2.0_s1.3,main,0.64,1.8,2.0,1.3,122,150.0,19.65,24.46,89.1
huevalue_wp0.64_g1.8_k2.0_s1.3,main,0.64,1.8,2.0,1.3,122,180.0,11.22,70.27,126.9
huevalue_wp0.64_g1.8_k2.0_s1.3,main,0.64,1.8,2.0,1.3,122,210.0,44.74,98.04,200.4
huevalue_wp0.64_g1.8_k2.0_s1.3,main,0.64,1.8,2.0,1.3,122,240.0,64.36,104.32,210.1
huevalue_wp0.64_g1.8_k2.0_s1.3,main,0.64,1.8,2.0,1.3,122,270.0,59.33,108.65,212.6
huevalue_wp0.64_g1.8_k2.0_s1.3,main,0.64,1.8,2.0,1.3,122,300.0,31.49,64.29,244.1
huevalue_wp0.64_g1.8_k2.0_s1.3,main,0.64,1.8,2.0,1.3,122,330.0,21.99,7.33,0.0
huevalue_wp0.64_g1.8_k2.0_s1.3,main,0.64,1.8,2.0,1.3,163,0.0,6.49,242.81,
huevalue_wp0.64_g1.8_k2.0_s1.3,main,0.64,1.8,2.0,1.3,163,30.0,62.38,92.22,3.7
huevalue_wp0.64_g1.8_k2.0_s1.3,main,0.64,1.8,2.0,1.3,163,60.0,83.11,58.99,21.7
huevalue_wp0.64_g1.8_k2.0_s1.3,main,0.64,1.8,2.0,1.3,163,90.0,48.91,47.02,57.6
huevalue_wp0.64_g1.8_k2.0_s1.3,main,0.64,1.8,2.0,1.3,163,120.0,46.22,26.15,126.8
huevalue_wp0.64_g1.8_k2.0_s1.3,main,0.64,1.8,2.0,1.3,163,150.0,37.91,48.77,139.0
huevalue_wp0.64_g1.8_k2.0_s1.3,main,0.64,1.8,2.0,1.3,163,180.0,38.93,53.16,167.4
huevalue_wp0.64_g1.8_k2.0_s1.3,main,0.64,1.8,2.0,1.3,163,210.0,78.17,72.05,202.1
huevalue_wp0.64_g1.8_k2.0_s1.3,main,0.64,1.8,2.0,1.3,163,240.0,100.12,121.29,209.6
huevalue_wp0.64_g1.8_k2.0_s1.3,main,0.64,1.8,2.0,1.3,163,270.0,98.32,123.44,207.4
huevalue_wp0.64_g1.8_k2.0_s1.3,main,0.64,1.8,2.0,1.3,163,300.0,50.16,82.27,230.4
huevalue_wp0.64_g1.8_k2.0_s1.3,main,0.64,1.8,2.0,1.3,163,330.0,61.58,20.53,0.0
huevalue_wp0.64_g1.8_k2.0_s1.3,main,0.64,1.8,2.0,1.3,204,0.0,10.06,239.1,168.6
huevalue_wp0.64_g1.8_k2.0_s1.3,main,0.64,1.8,2.0,1.3,204,30.0,155.11,56.12,0.8
huevalue_wp0.64_g1.8_k2.0_s1.3,main,0.64,1.8,2.0,1.3,204,60.0,125.34,74.55,22.5
huevalue_wp0.64_g1.8_k2.0_s1.3,main,0.64,1.8,2.0,1.3,204,90.0,113.11,118.08,51.6
huevalue_wp0.64_g1.8_k2.0_s1.3,main,0.64,1.8,2.0,1.3,204,120.0,69.05,84.66,96.1
huevalue_wp0.64_g1.8_k2.0_s1.3,main,0.64,1.8,2.0,1.3,204,150.0,38.08,37.44,134.2
huevalue_wp0.64_g1.8_k2.0_s1.3,main,0.64,1.8,2.0,1.3,204,180.0,49.98,103.41,162.7
huevalue_wp0.64_g1.8_k2.0_s1.3,main,0.64,1.8,2.0,1.3,204,210.0,79.66,145.77,196.0
huevalue_wp0.64_g1.8_k2.0_s1.3,main,0.64,1.8,2.0,1.3,204,240.0,107.32,60.96,221.9
huevalue_wp0.64_g1.8_k2.0_s1.3,main,0.64,1.8,2.0,1.3,204,270.0,96.17,156.66,203.6
huevalue_wp0.64_g1.8_k2.0_s1.3,main,0.64,1.8,2.0,1.3,204,300.0,28.66,142.88,209.2
huevalue_wp0.64_g1.8_k2.0_s1.3,main,0.64,1.8,2.0,1.3,204,330.0,98.72,33.62,1.1
huevalue_wp0.64_g1.8_k2.0_s1.3,main,0.64,1.8,2.0,1.3,245,0.0,12.49,239.08,166.0
huevalue_wp0.64_g1.8_k2.0_s1.3,main,0.64,1.8,2.0,1.3,245,30.0,0.12,0.33,
huevalue_wp0.64_g1.8_k2.0_s1.3,main,0.64,1.8,2.0,1.3,245,60.0,1.0,4.13,
huevalue_wp0.64_g1.8_k2.0_s1.3,main,0.64,1.8,2.0,1.3,245,90.0,141.85,73.24,206.8
huevalue_wp0.64_g1.8_k2.0_s1.3,main,0.64,1.8,2.0,1.3,245,120.0,106.94,88.25,201.6
huevalue_wp0.64_g1.8_k2.0_s1.3,main,0.64,1.8,2.0,1.3,245,150.0,55.75,87.14,152.9
huevalue_wp0.64_g1.8_k2.0_s1.3,main,0.64,1.8,2.0,1.3,245,180.0,109.18,131.98,8.8
huevalue_wp0.64_g1.8_k2.0_s1.3,main,0.64,1.8,2.0,1.3,245,210.0,196.29,109.97,5.7
huevalue_wp0.64_g1.8_k2.0_s1.3,main,0.64,1.8,2.0,1.3,245,240.0,193.54,189.5,59.2
huevalue_wp0.64_g1.8_k2.0_s1.3,main,0.64,1.8,2.0,1.3,245,270.0,92.32,224.23,60.0
huevalue_wp0.64_g1.8_k2.0_s1.3,main,0.64,1.8,2.0,1.3,245,300.0,13.43,234.45,176.7
huevalue_wp0.64_g1.8_k2.0_s1.3,main,0.64,1.8,2.0,1.3,245,330.0,9.84,240.93,161.0
huevalue_wp0.64_g1.0_k2.0_s1.3,main,0.64,1.0,2.0,1.3,40,0.0,1.37,234.22,
huevalue_wp0.64_g1.0_k2.0_s1.3,main,0.64,1.0,2.0,1.3,40,30.0,0.26,254.9,
huevalue_wp0.64_g1.0_k2.0_s1.3,main,0.64,1.0,2.0,1.3,40,60.0,1.34,68.3,
huevalue_wp0.64_g1.0_k2.0_s1.3,main,0.64,1.0,2.0,1.3,40,90.0,3.57,66.97,
huevalue_wp0.64_g1.0_k2.0_s1.3,main,0.64,1.0,2.0,1.3,40,120.0,3.0,60.32,
huevalue_wp0.64_g1.0_k2.0_s1.3,main,0.64,1.0,2.0,1.3,40,150.0,1.75,9.22,
huevalue_wp0.64_g1.0_k2.0_s1.3,main,0.64,1.0,2.0,1.3,40,180.0,1.68,4.95,
huevalue_wp0.64_g1.0_k2.0_s1.3,main,0.64,1.0,2.0,1.3,40,210.0,3.88,36.26,
huevalue_wp0.64_g1.0_k2.0_s1.3,main,0.64,1.0,2.0,1.3,40,240.0,9.62,52.59,217.2
huevalue_wp0.64_g1.0_k2.0_s1.3,main,0.64,1.0,2.0,1.3,40,270.0,10.21,52.99,226.8
huevalue_wp0.64_g1.0_k2.0_s1.3,main,0.64,1.0,2.0,1.3,40,300.0,2.29,35.14,
huevalue_wp0.64_g1.0_k2.0_s1.3,main,0.64,1.0,2.0,1.3,40,330.0,0.04,0.04,
huevalue_wp0.64_g1.0_k2.0_s1.3,main,0.64,1.0,2.0,1.3,81,0.0,0.12,254.96,
huevalue_wp0.64_g1.0_k2.0_s1.3,main,0.64,1.0,2.0,1.3,81,30.0,1.13,228.54,
huevalue_wp0.64_g1.0_k2.0_s1.3,main,0.64,1.0,2.0,1.3,81,60.0,25.5,64.27,10.1
huevalue_wp0.64_g1.0_k2.0_s1.3,main,0.64,1.0,2.0,1.3,81,90.0,17.42,61.74,38.0
huevalue_wp0.64_g1.0_k2.0_s1.3,main,0.64,1.0,2.0,1.3,81,120.0,2.13,10.3,
huevalue_wp0.64_g1.0_k2.0_s1.3,main,0.64,1.0,2.0,1.3,81,150.0,0.06,0.02,
huevalue_wp0.64_g1.0_k2.0_s1.3,main,0.64,1.0,2.0,1.3,81,180.0,3.04,11.07,
huevalue_wp0.64_g1.0_k2.0_s1.3,main,0.64,1.0,2.0,1.3,81,210.0,19.92,60.72,188.3
huevalue_wp0.64_g1.0_k2.0_s1.3,main,0.64,1.0,2.0,1.3,81,240.0,49.57,72.84,212.0
huevalue_wp0.64_g1.0_k2.0_s1.3,main,0.64,1.0,2.0,1.3,81,270.0,51.72,75.6,216.8
huevalue_wp0.64_g1.0_k2.0_s1.3,main,0.64,1.0,2.0,1.3,81,300.0,26.14,26.31,241.9
huevalue_wp0.64_g1.0_k2.0_s1.3,main,0.64,1.0,2.0,1.3,81,330.0,12.11,4.06,359.7
huevalue_wp0.64_g1.0_k2.0_s1.3,main,0.64,1.0,2.0,1.3,122,0.0,0.1,254.97,
huevalue_wp0.64_g1.0_k2.0_s1.3,main,0.64,1.0,2.0,1.3,122,30.0,29.9,148.15,4.7
huevalue_wp0.64_g1.0_k2.0_s1.3,main,0.64,1.0,2.0,1.3,122,60.0,58.26,84.36,27.8
huevalue_wp0.64_g1.0_k2.0_s1.3,main,0.64,1.0,2.0,1.3,122,90.0,48.48,43.86,54.2
huevalue_wp0.64_g1.0_k2.0_s1.3,main,0.64,1.0,2.0,1.3,122,120.0,34.47,15.69,101.3
huevalue_wp0.64_g1.0_k2.0_s1.3,main,0.64,1.0,2.0,1.3,122,150.0,44.75,47.19,139.6
huevalue_wp0.64_g1.0_k2.0_s1.3,main,0.64,1.0,2.0,1.3,122,180.0,39.96,106.71,163.2
huevalue_wp0.64_g1.0_k2.0_s1.3,main,0.64,1.0,2.0,1.3,122,210.0,61.85,127.83,193.8
huevalue_wp0.64_g1.0_k2.0_s1.3,main,0.64,1.0,2.0,1.3,122,240.0,87.59,129.6,206.3
huevalue_wp0.64_g1.0_k2.0_s1.3,main,0.64,1.0,2.0,1.3,122,270.0,70.7,127.93,216.7
huevalue_wp0.64_g1.0_k2.0_s1.3,main,0.64,1.0,2.0,1.3,122,300.0,47.02,79.63,237.0
huevalue_wp0.64_g1.0_k2.0_s1.3,main,0.64,1.0,2.0,1.3,122,330.0,35.43,18.55,349.2
huevalue_wp0.64_g1.0_k2.0_s1.3,main,0.64,1.0,2.0,1.3,163,0.0,0.13,254.93,
huevalue_wp0.64_g1.0_k2.0_s1.3,main,0.64,1.0,2.0,1.3,163,30.0,92.35,84.34,8.1
huevalue_wp0.64_g1.0_k2.0_s1.3,main,0.64,1.0,2.0,1.3,163,60.0,112.85,80.01,36.1
huevalue_wp0.64_g1.0_k2.0_s1.3,main,0.64,1.0,2.0,1.3,163,90.0,124.68,106.88,48.7
huevalue_wp0.64_g1.0_k2.0_s1.3,main,0.64,1.0,2.0,1.3,163,120.0,92.14,87.47,72.0
huevalue_wp0.64_g1.0_k2.0_s1.3,main,0.64,1.0,2.0,1.3,163,150.0,40.01,121.54,115.6
huevalue_wp0.64_g1.0_k2.0_s1.3,main,0.64,1.0,2.0,1.3,163,180.0,34.98,165.3,147.8
huevalue_wp0.64_g1.0_k2.0_s1.3,main,0.64,1.0,2.0,1.3,163,210.0,52.57,179.29,191.4
huevalue_wp0.64_g1.0_k2.0_s1.3,main,0.64,1.0,2.0,1.3,163,240.0,90.39,159.98,202.9
huevalue_wp0.64_g1.0_k2.0_s1.3,main,0.64,1.0,2.0,1.3,163,270.0,71.42,155.81,207.7
huevalue_wp0.64_g1.0_k2.0_s1.3,main,0.64,1.0,2.0,1.3,163,300.0,33.35,131.38,224.7
huevalue_wp0.64_g1.0_k2.0_s1.3,main,0.64,1.0,2.0,1.3,163,330.0,50.31,46.33,342.5
huevalue_wp0.64_g1.0_k2.0_s1.3,main,0.64,1.0,2.0,1.3,204,0.0,2.94,248.99,
huevalue_wp0.64_g1.0_k2.0_s1.3,main,0.64,1.0,2.0,1.3,204,30.0,185.82,95.88,13.5
huevalue_wp0.64_g1.0_k2.0_s1.3,main,0.64,1.0,2.0,1.3,204,60.0,159.5,152.93,30.4
huevalue_wp0.64_g1.0_k2.0_s1.3,main,0.64,1.0,2.0,1.3,204,90.0,158.06,181.14,43.9
huevalue_wp0.64_g1.0_k2.0_s1.3,main,0.64,1.0,2.0,1.3,204,120.0,85.46,176.03,58.0
huevalue_wp0.64_g1.0_k2.0_s1.3,main,0.64,1.0,2.0,1.3,204,150.0,45.61,165.88,82.4
huevalue_wp0.64_g1.0_k2.0_s1.3,main,0.64,1.0,2.0,1.3,204,180.0,21.49,210.61,130.7
huevalue_wp0.64_g1.0_k2.0_s1.3,main,0.64,1.0,2.0,1.3,204,210.0,65.77,189.59,192.3
huevalue_wp0.64_g1.0_k2.0_s1.3,main,0.64,1.0,2.0,1.3,204,240.0,88.44,176.39,201.9
huevalue_wp0.64_g1.0_k2.0_s1.3,main,0.64,1.0,2.0,1.3,204,270.0,54.17,200.71,199.3
huevalue_wp0.64_g1.0_k2.0_s1.3,main,0.64,1.0,2.0,1.3,204,300.0,6.74,182.81,
huevalue_wp0.64_g1.0_k2.0_s1.3,main,0.64,1.0,2.0,1.3,204,330.0,88.86,128.88,11.5
huevalue_wp0.64_g1.0_k2.0_s1.3,main,0.64,1.0,2.0,1.3,245,0.0,3.09,242.9,
huevalue_wp0.64_g1.0_k2.0_s1.3,main,0.64,1.0,2.0,1.3,245,30.0,157.67,148.77,13.1
huevalue_wp0.64_g1.0_k2.0_s1.3,main,0.64,1.0,2.0,1.3,245,60.0,119.86,195.7,31.1
huevalue_wp0.64_g1.0_k2.0_s1.3,main,0.64,1.0,2.0,1.3,245,90.0,93.89,220.94,55.5
huevalue_wp0.64_g1.0_k2.0_s1.3,main,0.64,1.0,2.0,1.3,245,120.0,62.85,201.0,51.9
huevalue_wp0.64_g1.0_k2.0_s1.3,main,0.64,1.0,2.0,1.3,245,150.0,36.55,183.56,95.0
huevalue_wp0.64_g1.0_k2.0_s1.3,main,0.64,1.0,2.0,1.3,245,180.0,8.21,245.57,150.0
huevalue_wp0.64_g1.0_k2.0_s1.3,main,0.64,1.0,2.0,1.3,245,210.0,30.72,229.01,193.0
huevalue_wp0.64_g1.0_k2.0_s1.3,main,0.64,1.0,2.0,1.3,245,240.0,105.25,148.7,194.5
huevalue_wp0.64_g1.0_k2.0_s1.3,main,0.64,1.0,2.0,1.3,245,270.0,27.44,240.07,198.6
huevalue_wp0.64_g1.0_k2.0_s1.3,main,0.64,1.0,2.0,1.3,245,300.0,11.73,238.91,159.8
huevalue_wp0.64_g1.0_k2.0_s1.3,main,0.64,1.0,2.0,1.3,245,330.0,92.24,183.13,14.8
huevalue_wp0.75_g1.4_k1.5_s1.0,main,0.75,1.4,1.5,1.0,40,0.0,1.69,214.2,
huevalue_wp0.75_g1.4_k1.5_s1.0,main,0.75,1.4,1.5,1.0,40,30.0,0.32,254.88,
huevalue_wp0.75_g1.4_k1.5_s1.0,main,0.75,1.4,1.5,1.0,40,60.0,1.24,61.09,
huevalue_wp0.75_g1.4_k1.5_s1.0,main,0.75,1.4,1.5,1.0,40,90.0,0.96,64.4,
huevalue_wp0.75_g1.4_k1.5_s1.0,main,0.75,1.4,1.5,1.0,40,120.0,2.22,58.44,
huevalue_wp0.75_g1.4_k1.5_s1.0,main,0.75,1.4,1.5,1.0,40,150.0,1.41,8.06,
huevalue_wp0.75_g1.4_k1.5_s1.0,main,0.75,1.4,1.5,1.0,40,180.0,1.81,8.99,
huevalue_wp0.75_g1.4_k1.5_s1.0,main,0.75,1.4,1.5,1.0,40,210.0,3.89,55.36,
huevalue_wp0.75_g1.4_k1.5_s1.0,main,0.75,1.4,1.5,1.0,40,240.0,8.15,54.3,210.9
huevalue_wp0.75_g1.4_k1.5_s1.0,main,0.75,1.4,1.5,1.0,40,270.0,5.67,54.01,
huevalue_wp0.75_g1.4_k1.5_s1.0,main,0.75,1.4,1.5,1.0,40,300.0,2.03,4.62,
huevalue_wp0.75_g1.4_k1.5_s1.0,main,0.75,1.4,1.5,1.0,40,330.0,0.81,3.4,
huevalue_wp0.75_g1.4_k1.5_s1.0,main,0.75,1.4,1.5,1.0,81,0.0,0.06,254.98,
huevalue_wp0.75_g1.4_k1.5_s1.0,main,0.75,1.4,1.5,1.0,81,30.0,0.47,243.09,
huevalue_wp0.75_g1.4_k1.5_s1.0,main,0.75,1.4,1.5,1.0,81,60.0,10.46,58.13,11.3
huevalue_wp0.75_g1.4_k1.5_s1.0,main,0.75,1.4,1.5,1.0,81,90.0,7.1,56.99,
huevalue_wp0.75_g1.4_k1.5_s1.0,main,0.75,1.4,1.5,1.0,81,120.0,0.9,9.93,
huevalue_wp0.75_g1.4_k1.5_s1.0,main,0.75,1.4,1.5,1.0,81,150.0,0.0,0.0,
huevalue_wp0.75_g1.4_k1.5_s1.0,main,0.75,1.4,1.5,1.0,81,180.0,0.91,22.13,
huevalue_wp0.75_g1.4_k1.5_s1.0,main,0.75,1.4,1.5,1.0,81,210.0,8.16,53.0,208.6
huevalue_wp0.75_g1.4_k1.5_s1.0,main,0.75,1.4,1.5,1.0,81,240.0,26.29,61.01,223.8
huevalue_wp0.75_g1.4_k1.5_s1.0,main,0.75,1.4,1.5,1.0,81,270.0,29.45,53.48,228.8
huevalue_wp0.75_g1.4_k1.5_s1.0,main,0.75,1.4,1.5,1.0,81,300.0,6.88,3.44,
huevalue_wp0.75_g1.4_k1.5_s1.0,main,0.75,1.4,1.5,1.0,81,330.0,0.39,0.15,
huevalue_wp0.75_g1.4_k1.5_s1.0,main,0.75,1.4,1.5,1.0,122,0.0,0.07,254.98,
huevalue_wp0.75_g1.4_k1.5_s1.0,main,0.75,1.4,1.5,1.0,122,30.0,12.72,159.25,2.2
huevalue_wp0.75_g1.4_k1.5_s1.0,main,0.75,1.4,1.5,1.0,122,60.0,43.53,73.23,13.2
huevalue_wp0.75_g1.4_k1.5_s1.0,main,0.75,1.4,1.5,1.0,122,90.0,32.18,34.72,47.0
huevalue_wp0.75_g1.4_k1.5_s1.0,main,0.75,1.4,1.5,1.0,122,120.0,17.33,6.98,109.0
huevalue_wp0.75_g1.4_k1.5_s1.0,main,0.75,1.4,1.5,1.0,122,150.0,20.27,35.29,99.3
huevalue_wp0.75_g1.4_k1.5_s1.0,main,0.75,1.4,1.5,1.0,122,180.0,16.06,96.29,161.0
huevalue_wp0.75_g1.4_k1.5_s1.0,main,0.75,1.4,1.5,1.0,122,210.0,52.71,119.08,208.4
huevalue_wp0.75_g1.4_k1.5_s1.0,main,0.75,1.4,1.5,1.0,122,240.0,68.76,120.71,214.3
huevalue_wp0.75_g1.4_k1.5_s1.0,main,0.75,1.4,1.5,1.0,122,270.0,68.16,101.34,219.8
huevalue_wp0.75_g1.4_k1.5_s1.0,main,0.75,1.4,1.5,1.0,122,300.0,39.07,54.84,249.8
huevalue_wp0.75_g1.4_k1.5_s1.0,main,0.75,1.4,1.5,1.0,122,330.0,24.1,12.57,0.4
huevalue_wp0.75_g1.4_k1.5_s1.0,main,0.75,1.4,1.5,1.0,163,0.0,0.43,254.83,
huevalue_wp0.75_g1.4_k1.5_s1.0,main,0.75,1.4,1.5,1.0,163,30.0,70.72,93.19,1.5
huevalue_wp0.75_g1.4_k1.5_s1.0,main,0.75,1.4,1.5,1.0,163,60.0,94.03,54.78,19.9
huevalue_wp0.75_g1.4_k1.5_s1.0,main,0.75,1.4,1.5,1.0,163,90.0,72.24,61.79,49.6
huevalue_wp0.75_g1.4_k1.5_s1.0,main,0.75,1.4,1.5,1.0,163,120.0,47.58,38.89,102.5
huevalue_wp0.75_g1.4_k1.5_s1.0,main,0.75,1.4,1.5,1.0,163,150.0,42.62,109.74,150.6
huevalue_wp0.75_g1.4_k1.5_s1.0,main,0.75,1.4,1.5,1.0,163,180.0,37.38,138.09,174.0
huevalue_wp0.75_g1.4_k1.5_s1.0,main,0.75,1.4,1.5,1.0,163,210.0,77.01,151.95,202.7
huevalue_wp0.75_g1.4_k1.5_s1.0,main,0.75,1.4,1.5,1.0,163,240.0,95.77,138.85,211.0
huevalue_wp0.75_g1.4_k1.5_s1.0,main,0.75,1.4,1.5,1.0,163,270.0,98.71,118.57,213.2
huevalue_wp0.75_g1.4_k1.5_s1.0,main,0.75,1.4,1.5,1.0,163,300.0,48.87,81.04,236.6
huevalue_wp0.75_g1.4_k1.5_s1.0,main,0.75,1.4,1.5,1.0,163,330.0,57.4,39.83,0.2
huevalue_wp0.75_g1.4_k1.5_s1.0,main,0.75,1.4,1.5,1.0,204,0.0,1.19,249.81,
huevalue_wp0.75_g1.4_k1.5_s1.0,main,0.75,1.4,1.5,1.0,204,30.0,169.76,57.78,0.6
huevalue_wp0.75_g1.4_k1.5_s1.0,main,0.75,1.4,1.5,1.0,204,60.0,167.94,98.59,24.6
huevalue_wp0.75_g1.4_k1.5_s1.0,main,0.75,1.4,1.5,1.0,204,90.0,174.01,158.17,45.3
huevalue_wp0.75_g1.4_k1.5_s1.0,main,0.75,1.4,1.5,1.0,204,120.0,83.32,138.43,67.7
huevalue_wp0.75_g1.4_k1.5_s1.0,main,0.75,1.4,1.5,1.0,204,150.0,33.16,116.52,130.2
huevalue_wp0.75_g1.4_k1.5_s1.0,main,0.75,1.4,1.5,1.0,204,180.0,35.14,180.79,163.3
huevalue_wp0.75_g1.4_k1.5_s1.0,main,0.75,1.4,1.5,1.0,204,210.0,95.06,153.76,201.9
huevalue_wp0.75_g1.4_k1.5_s1.0,main,0.75,1.4,1.5,1.0,204,240.0,120.13,127.57,210.9
huevalue_wp0.75_g1.4_k1.5_s1.0,main,0.75,1.4,1.5,1.0,204,270.0,90.34,168.09,204.2
huevalue_wp0.75_g1.4_k1.5_s1.0,main,0.75,1.4,1.5,1.0,204,300.0,13.3,157.58,231.2
huevalue_wp0.75_g1.4_k1.5_s1.0,main,0.75,1.4,1.5,1.0,204,330.0,91.04,79.74,5.4
huevalue_wp0.75_g1.4_k1.5_s1.0,main,0.75,1.4,1.5,1.0,245,0.0,0.45,244.75,
huevalue_wp0.75_g1.4_k1.5_s1.0,main,0.75,1.4,1.5,1.0,245,30.0,231.87,84.75,4.9
huevalue_wp0.75_g1.4_k1.5_s1.0,main,0.75,1.4,1.5,1.0,245,60.0,186.23,163.46,31.7
huevalue_wp0.75_g1.4_k1.5_s1.0,main,0.75,1.4,1.5,1.0,245,90.0,128.33,210.0,57.4
huevalue_wp0.75_g1.4_k1.5_s1.0,main,0.75,1.4,1.5,1.0,245,120.0,77.31,172.48,56.2
huevalue_wp0.75_g1.4_k1.5_s1.0,main,0.75,1.4,1.5,1.0,245,150.0,32.48,147.36,122.4
huevalue_wp0.75_g1.4_k1.5_s1.0,main,0.75,1.4,1.5,1.0,245,180.0,9.38,244.98,177.0
huevalue_wp0.75_g1.4_k1.5_s1.0,main,0.75,1.4,1.5,1.0,245,210.0,58.27,205.89,198.4
huevalue_wp0.75_g1.4_k1.5_s1.0,main,0.75,1.4,1.5,1.0,245,240.0,151.16,87.58,206.8
huevalue_wp0.75_g1.4_k1.5_s1.0,main,0.75,1.4,1.5,1.0,245,270.0,50.23,217.52,202.3
huevalue_wp0.75_g1.4_k1.5_s1.0,main,0.75,1.4,1.5,1.0,245,300.0,8.15,225.26,22.5
huevalue_wp0.75_g1.4_k1.5_s1.0,main,0.75,1.4,1.5,1.0,245,330.0,134.82,156.59,12.4
huevalue_wp0.75_g1.4_k1.5_s1.3,main,0.75,1.4,1.5,1.3,40,0.0,2.09,219.29,
huevalue_wp0.75_g1.4_k1.5_s1.3,main,0.75,1.4,1.5,1.3,40,30.0,0.21,254.93,
huevalue_wp0.75_g1.4_k1.5_s1.3,main,0.75,1.4,1.5,1.3,40,60.0,0.75,57.95,
huevalue_wp0.75_g1.4_k1.5_s1.3,main,0.75,1.4,1.5,1.3,40,90.0,1.13,58.88,
huevalue_wp0.75_g1.4_k1.5_s1.3,main,0.75,1.4,1.5,1.3,40,120.0,1.97,53.89,
huevalue_wp0.75_g1.4_k1.5_s1.3,main,0.75,1.4,1.5,1.3,40,150.0,0.61,3.09,
huevalue_wp0.75_g1.4_k1.5_s1.3,main,0.75,1.4,1.5,1.3,40,180.0,0.73,1.94,
huevalue_wp0.75_g1.4_k1.5_s1.3,main,0.75,1.4,1.5,1.3,40,210.0,3.14,51.21,
huevalue_wp0.75_g1.4_k1.5_s1.3,main,0.75,1.4,1.5,1.3,40,240.0,4.92,52.06,
huevalue_wp0.75_g1.4_k1.5_s1.3,main,0.75,1.4,1.5,1.3,40,270.0,4.45,52.21,
huevalue_wp0.75_g1.4_k1.5_s1.3,main,0.75,1.4,1.5,1.3,40,300.0,0.3,0.43,
huevalue_wp0.75_g1.4_k1.5_s1.3,main,0.75,1.4,1.5,1.3,40,330.0,0.1,0.13,
huevalue_wp0.75_g1.4_k1.5_s1.3,main,0.75,1.4,1.5,1.3,81,0.0,0.05,254.98,
huevalue_wp0.75_g1.4_k1.5_s1.3,main,0.75,1.4,1.5,1.3,81,30.0,0.65,244.94,
huevalue_wp0.75_g1.4_k1.5_s1.3,main,0.75,1.4,1.5,1.3,81,60.0,15.89,59.61,2.9
huevalue_wp0.75_g1.4_k1.5_s1.3,main,0.75,1.4,1.5,1.3,81,90.0,6.74,57.37,
huevalue_wp0.75_g1.4_k1.5_s1.3,main,0.75,1.4,1.5,1.3,81,120.0,1.13,8.81,
huevalue_wp0.75_g1.4_k1.5_s1.3,main,0.75,1.4,1.5,1.3,81,150.0,0.0,0.0,
huevalue_wp0.75_g1.4_k1.5_s1.3,main,0.75,1.4,1.5,1.3,81,180.0,1.08,18.37,
huevalue_wp0.75_g1.4_k1.5_s1.3,main,0.75,1.4,1.5,1.3,81,210.0,9.69,54.74,216.4
huevalue_wp0.75_g1.4_k1.5_s1.3,main,0.75,1.4,1.5,1.3,81,240.0,32.41,65.1,218.6
huevalue_wp0.75_g1.4_k1.5_s1.3,main,0.75,1.4,1.5,1.3,81,270.0,31.93,55.06,222.2
huevalue_wp0.75_g1.4_k1.5_s1.3,main,0.75,1.4,1.5,1.3,81,300.0,8.29,5.67,272.9
huevalue_wp0.75_g1.4_k1.5_s1.3,main,0.75,1.4,1.5,1.3,81,330.0,3.53,1.24,
huevalue_wp0.75_g1.4_k1.5_s1.3,main,0.75,1.4,1.5,1.3,122,0.0,0.12,254.96,
huevalue_wp0.75_g1.4_k1.5_s1.3,main,0.75,1.4,1.5,1.3,122,30.0,20.26,169.32,5.1
huevalue_wp0.75_g1.4_k1.5_s1.3,main,0.75,1.4,1.5,1.3,122,60.0,48.45,72.13,8.9
huevalue_wp0.75_g1.4_k1.5_s1.3,main,0.75,1.4,1.5,1.3,122,90.0,32.3,38.99,50.0
huevalue_wp0.75_g1.4_k1.5_s1.3,main,0.75,1.4,1.5,1.3,122,120.0,24.86,9.11,118.5
huevalue_wp0.75_g1.4_k1.5_s1.3,main,0.75,1.4,1.5,1.3,122,150.0,19.56,35.0,122.0
huevalue_wp0.75_g1.4_k1.5_s1.3,main,0.75,1.4,1.5,1.3,122,180.0,16.72,95.3,154.4
huevalue_wp0.75_g1.4_k1.5_s1.3,main,0.75,1.4,1.5,1.3,122,210.0,57.46,120.82,208.2
huevalue_wp0.75_g1.4_k1.5_s1.3,main,0.75,1.4,1.5,1.3,122,240.0,78.81,126.06,215.3
huevalue_wp0.75_g1.4_k1.5_s1.3,main,0.75,1.4,1.5,1.3,122,270.0,84.85,109.8,219.5
huevalue_wp0.75_g1.4_k1.5_s1.3,main,0.75,1.4,1.5,1.3,122,300.0,42.1,59.32,250.9
huevalue_wp0.75_g1.4_k1.5_s1.3,main,0.75,1.4,1.5,1.3,122,330.0,40.86,16.77,0.1
huevalue_wp0.75_g1.4_k1.5_s1.3,main,0.75,1.4,1.5,1.3,163,0.0,0.26,254.91,
huevalue_wp0.75_g1.4_k1.5_s1.3,main,0.75,1.4,1.5,1.3,163,30.0,78.68,105.33,0.9
huevalue_wp0.75_g1.4_k1.5_s1.3,main,0.75,1.4,1.5,1.3,163,60.0,97.12,63.08,17.3
huevalue_wp0.75_g1.4_k1.5_s1.3,main,0.75,1.4,1.5,1.3,163,90.0,72.6,64.09,47.1
huevalue_wp0.75_g1.4_k1.5_s1.3,main,0.75,1.4,1.5,1.3,163,120.0,45.71,42.1,120.3
huevalue_wp0.75_g1.4_k1.5_s1.3,main,0.75,1.4,1.5,1.3,163,150.0,37.14,105.5,149.0
huevalue_wp0.75_g1.4_k1.5_s1.3,main,0.75,1.4,1.5,1.3,163,180.0,33.59,139.44,170.8
huevalue_wp0.75_g1.4_k1.5_s1.3,main,0.75,1.4,1.5,1.3,163,210.0,70.56,161.05,204.1
huevalue_wp0.75_g1.4_k1.5_s1.3,main,0.75,1.4,1.5,1.3,163,240.0,96.76,146.61,212.6
huevalue_wp0.75_g1.4_k1.5_s1.3,main,0.75,1.4,1.5,1.3,163,270.0,108.0,134.7,211.6
huevalue_wp0.75_g1.4_k1.5_s1.3,main,0.75,1.4,1.5,1.3,163,300.0,41.18,101.89,238.0
huevalue_wp0.75_g1.4_k1.5_s1.3,main,0.75,1.4,1.5,1.3,163,330.0,82.92,40.36,1.1
huevalue_wp0.75_g1.4_k1.5_s1.3,main,0.75,1.4,1.5,1.3,204,0.0,3.19,253.49,
huevalue_wp0.75_g1.4_k1.5_s1.3,main,0.75,1.4,1.5,1.3,204,30.0,194.61,69.04,0.4
huevalue_wp0.75_g1.4_k1.5_s1.3,main,0.75,1.4,1.5,1.3,204,60.0,187.93,95.08,17.9
huevalue_wp0.75_g1.4_k1.5_s1.3,main,0.75,1.4,1.5,1.3,204,90.0,185.93,161.35,46.7
huevalue_wp0.75_g1.4_k1.5_s1.3,main,0.75,1.4,1.5,1.3,204,120.0,75.82,122.81,72.2
huevalue_wp0.75_g1.4_k1.5_s1.3,main,0.75,1.4,1.5,1.3,204,150.0,35.11,108.38,143.5
huevalue_wp0.75_g1.4_k1.5_s1.3,main,0.75,1.4,1.5,1.3,204,180.0,30.78,181.21,159.2
huevalue_wp0.75_g1.4_k1.5_s1.3,main,0.75,1.4,1.5,1.3,204,210.0,83.82,165.16,203.1
huevalue_wp0.75_g1.4_k1.5_s1.3,main,0.75,1.4,1.5,1.3,204,240.0,117.05,135.92,213.3
huevalue_wp0.75_g1.4_k1.5_s1.3,main,0.75,1.4,1.5,1.3,204,270.0,89.29,178.22,204.2
huevalue_wp0.75_g1.4_k1.5_s1.3,main,0.75,1.4,1.5,1.3,204,300.0,11.49,179.59,342.2
huevalue_wp0.75_g1.4_k1.5_s1.3,main,0.75,1.4,1.5,1.3,204,330.0,157.48,90.22,10.3
huevalue_wp0.75_g1.4_k1.5_s1.3,main,0.75,1.4,1.5,1.3,245,0.0,3.47,251.12,
huevalue_wp0.75_g1.4_k1.5_s1.3,main,0.75,1.4,1.5,1.3,245,30.0,232.48,79.89,1.6
huevalue_wp0.75_g1.4_k1.5_s1.3,main,0.75,1.4,1.5,1.3,245,60.0,217.15,145.0,28.7
huevalue_wp0.75_g1.4_k1.5_s1.3,main,0.75,1.4,1.5,1.3,245,90.0,151.35,203.49,58.9
huevalue_wp0.75_g1.4_k1.5_s1.3,main,0.75,1.4,1.5,1.3,245,120.0,83.61,161.69,59.4
huevalue_wp0.75_g1.4_k1.5_s1.3,main,0.75,1.4,1.5,1.3,245,150.0,35.5,120.7,126.2
huevalue_wp0.75_g1.4_k1.5_s1.3,main,0.75,1.4,1.5,1.3,245,180.0,9.94,241.93,164.2
huevalue_wp0.75_g1.4_k1.5_s1.3,main,0.75,1.4,1.5,1.3,245,210.0,53.76,215.31,198.2
huevalue_wp0.75_g1.4_k1.5_s1.3,main,0.75,1.4,1.5,1.3,245,240.0,144.97,77.73,211.0
huevalue_wp0.75_g1.4_k1.5_s1.3,main,0.75,1.4,1.5,1.3,245,270.0,42.47,233.43,197.2
huevalue_wp0.75_g1.4_k1.5_s1.3,main,0.75,1.4,1.5,1.3,245,300.0,10.23,246.27,170.7
huevalue_wp0.75_g1.4_k1.5_s1.3,main,0.75,1.4,1.5,1.3,245,330.0,143.8,151.63,13.4
huevalue_wp0.75_g1.8_k1.5_s1.0,main,0.75,1.8,1.5,1.0,40,0.0,2.1,217.65,
huevalue_wp0.75_g1.8_k1.5_s1.0,main,0.75,1.8,1.5,1.0,40,30.0,0.0,255.0,
huevalue_wp0.75_g1.8_k1.5_s1.0,main,0.75,1.8,1.5,1.0,40,60.0,2.25,73.33,
huevalue_wp0.75_g1.8_k1.5_s1.0,main,0.75,1.8,1.5,1.0,40,90.0,3.38,73.35,
huevalue_wp0.75_g1.8_k1.5_s1.0,main,0.75,1.8,1.5,1.0,40,120.0,2.63,64.69,
huevalue_wp0.75_g1.8_k1.5_s1.0,main,0.75,1.8,1.5,1.0,40,150.0,1.23,22.69,
huevalue_wp0.75_g1.8_k1.5_s1.0,main,0.75,1.8,1.5,1.0,40,180.0,1.25,17.92,
huevalue_wp0.75_g1.8_k1.5_s1.0,main,0.75,1.8,1.5,1.0,40,210.0,0.66,46.35,
huevalue_wp0.75_g1.8_k1.5_s1.0,main,0.75,1.8,1.5,1.0,40,240.0,1.27,51.91,
huevalue_wp0.75_g1.8_k1.5_s1.0,main,0.75,1.8,1.5,1.0,40,270.0,1.72,50.46,
huevalue_wp0.75_g1.8_k1.5_s1.0,main,0.75,1.8,1.5,1.0,40,300.0,4.42,21.16,
huevalue_wp0.75_g1.8_k1.5_s1.0,main,0.75,1.8,1.5,1.0,40,330.0,0.97,2.43,
huevalue_wp0.75_g1.8_k1.5_s1.0,main,0.75,1.8,1.5,1.0,81,0.0,0.0,255.0,
huevalue_wp0.75_g1.8_k1.5_s1.0,main,0.75,1.8,1.5,1.0,81,30.0,0.91,244.99,
huevalue_wp0.75_g1.8_k1.5_s1.0,main,0.75,1.8,1.5,1.0,81,60.0,6.02,49.67,
huevalue_wp0.75_g1.8_k1.5_s1.0,main,0.75,1.8,1.5,1.0,81,90.0,6.13,49.32,
huevalue_wp0.75_g1.8_k1.5_s1.0,main,0.75,1.8,1.5,1.0,81,120.0,1.42,17.24,
huevalue_wp0.75_g1.8_k1.5_s1.0,main,0.75,1.8,1.5,1.0,81,150.0,0.0,0.0,
huevalue_wp0.75_g1.8_k1.5_s1.0,main,0.75,1.8,1.5,1.0,81,180.0,0.6,7.08,
huevalue_wp0.75_g1.8_k1.5_s1.0,main,0.75,1.8,1.5,1.0,81,210.0,1.3,47.18,
huevalue_wp0.75_g1.8_k1.5_s1.0,main,0.75,1.8,1.5,1.0,81,240.0,4.45,50.69,
huevalue_wp0.75_g1.8_k1.5_s1.0,main,0.75,1.8,1.5,1.0,81,270.0,5.33,53.67,
huevalue_wp0.75_g1.8_k1.5_s1.0,main,0.75,1.8,1.5,1.0,81,300.0,3.92,3.88,
huevalue_wp0.75_g1.8_k1.5_s1.0,main,0.75,1.8,1.5,1.0,81,330.0,0.02,0.01,
huevalue_wp0.75_g1.8_k1.5_s1.0,main,0.75,1.8,1.5,1.0,122,0.0,0.0,255.0,
huevalue_wp0.75_g1.8_k1.5_s1.0,main,0.75,1.8,1.5,1.0,122,30.0,3.52,164.27,
huevalue_wp0.75_g1.8_k1.5_s1.0,main,0.75,1.8,1.5,1.0,122,60.0,24.6,56.8,5.9
huevalue_wp0.75_g1.8_k1.5_s1.0,main,0.75,1.8,1.5,1.0,122,90.0,19.14,26.85,20.9
huevalue_wp0.75_g1.8_k1.5_s1.0,main,0.75,1.8,1.5,1.0,122,120.0,1.21,0.79,
huevalue_wp0.75_g1.8_k1.5_s1.0,main,0.75,1.8,1.5,1.0,122,150.0,13.46,20.37,62.1
huevalue_wp0.75_g1.8_k1.5_s1.0,main,0.75,1.8,1.5,1.0,122,180.0,5.93,79.01,
huevalue_wp0.75_g1.8_k1.5_s1.0,main,0.75,1.8,1.5,1.0,122,210.0,28.58,102.41,225.7
huevalue_wp0.75_g1.8_k1.5_s1.0,main,0.75,1.8,1.5,1.0,122,240.0,43.09,111.27,230.1
huevalue_wp0.75_g1.8_k1.5_s1.0,main,0.75,1.8,1.5,1.0,122,270.0,44.63,110.55,232.6
huevalue_wp0.75_g1.8_k1.5_s1.0,main,0.75,1.8,1.5,1.0,122,300.0,23.09,47.69,272.7
huevalue_wp0.75_g1.8_k1.5_s1.0,main,0.75,1.8,1.5,1.0,122,330.0,4.1,1.37,
huevalue_wp0.75_g1.8_k1.5_s1.0,main,0.75,1.8,1.5,1.0,163,0.0,0.03,254.99,
huevalue_wp0.75_g1.8_k1.5_s1.0,main,0.75,1.8,1.5,1.0,163,30.0,38.5,91.3,1.1
huevalue_wp0.75_g1.8_k1.5_s1.0,main,0.75,1.8,1.5,1.0,163,60.0,64.0,42.78,12.2
huevalue_wp0.75_g1.8_k1.5_s1.0,main,0.75,1.8,1.5,1.0,163,90.0,49.55,33.18,42.9
huevalue_wp0.75_g1.8_k1.5_s1.0,main,0.75,1.8,1.5,1.0,163,120.0,33.37,21.04,107.8
huevalue_wp0.75_g1.8_k1.5_s1.0,main,0.75,1.8,1.5,1.0,163,150.0,17.12,81.27,119.8
huevalue_wp0.75_g1.8_k1.5_s1.0,main,0.75,1.8,1.5,1.0,163,180.0,12.46,118.99,178.0
huevalue_wp0.75_g1.8_k1.5_s1.0,main,0.75,1.8,1.5,1.0,163,210.0,57.61,139.16,213.0
huevalue_wp0.75_g1.8_k1.5_s1.0,main,0.75,1.8,1.5,1.0,163,240.0,69.1,142.61,219.6
huevalue_wp0.75_g1.8_k1.5_s1.0,main,0.75,1.8,1.5,1.0,163,270.0,75.46,125.01,218.7
huevalue_wp0.75_g1.8_k1.5_s1.0,main,0.75,1.8,1.5,1.0,163,300.0,39.63,74.49,253.2
huevalue_wp0.75_g1.8_k1.5_s1.0,main,0.75,1.8,1.5,1.0,163,330.0,41.42,13.81,0.0
huevalue_wp0.75_g1.8_k1.5_s1.0,main,0.75,1.8,1.5,1.0,204,0.0,0.38,254.87,
huevalue_wp0.75_g1.8_k1.5_s1.0,main,0.75,1.8,1.5,1.0,204,30.0,124.74,44.96,0.5
huevalue_wp0.75_g1.8_k1.5_s1.0,main,0.75,1.8,1.5,1.0,204,60.0,120.06,54.34,16.7
huevalue_wp0.75_g1.8_k1.5_s1.0,main,0.75,1.8,1.5,1.0,204,90.0,108.35,97.43,51.0
huevalue_wp0.75_g1.8_k1.5_s1.0,main,0.75,1.8,1.5,1.0,204,120.0,52.11,85.75,102.3
huevalue_wp0.75_g1.8_k1.5_s1.0,main,0.75,1.8,1.5,1.0,204,150.0,37.82,95.67,140.0
huevalue_wp0.75_g1.8_k1.5_s1.0,main,0.75,1.8,1.5,1.0,204,180.0,47.53,116.98,178.4
huevalue_wp0.75_g1.8_k1.5_s1.0,main,0.75,1.8,1.5,1.0,204,210.0,99.43,120.67,209.3
huevalue_wp0.75_g1.8_k1.5_s1.0,main,0.75,1.8,1.5,1.0,204,240.0,110.25,147.29,214.0
huevalue_wp0.75_g1.8_k1.5_s1.0,main,0.75,1.8,1.5,1.0,204,270.0,108.92,147.47,210.9
huevalue_wp0.75_g1.8_k1.5_s1.0,main,0.75,1.8,1.5,1.0,204,300.0,38.62,116.85,238.4
huevalue_wp0.75_g1.8_k1.5_s1.0,main,0.75,1.8,1.5,1.0,204,330.0,95.68,32.06,0.2
huevalue_wp0.75_g1.8_k1.5_s1.0,main,0.75,1.8,1.5,1.0,245,0.0,0.14,254.95,
huevalue_wp0.75_g1.8_k1.5_s1.0,main,0.75,1.8,1.5,1.0,245,30.0,211.37,71.67,0.9
huevalue_wp0.75_g1.8_k1.5_s1.0,main,0.75,1.8,1.5,1.0,245,60.0,212.3,118.71,21.3
huevalue_wp0.75_g1.8_k1.5_s1.0,main,0.75,1.8,1.5,1.0,245,90.0,157.16,195.97,53.4
huevalue_wp0.75_g1.8_k1.5_s1.0,main,0.75,1.8,1.5,1.0,245,120.0,72.92,138.76,73.7
huevalue_wp0.75_g1.8_k1.5_s1.0,main,0.75,1.8,1.5,1.0,245,150.0,32.82,85.37,128.8
huevalue_wp0.75_g1.8_k1.5_s1.0,main,0.75,1.8,1.5,1.0,245,180.0,31.12,210.47,176.5
huevalue_wp0.75_g1.8_k1.5_s1.0,main,0.75,1.8,1.5,1.0,245,210.0,83.18,185.44,201.7
huevalue_wp0.75_g1.8_k1.5_s1.0,main,0.75,1.8,1.5,1.0,245,240.0,119.66,58.38,220.3
huevalue_wp0.75_g1.8_k1.5_s1.0,main,0.75,1.8,1.5,1.0,245,270.0,89.35,195.69,203.5
huevalue_wp0.75_g1.8_k1.5_s1.0,main,0.75,1.8,1.5,1.0,245,300.0,10.17,198.23,344.3
huevalue_wp0.75_g1.8_k1.5_s1.0,main,0.75,1.8,1.5,1.0,245,330.0,175.1,71.47,8.1
huevalue_wp0.88_g1.8_k1.0_s1.3,main,0.88,1.8,1.0,1.3,40,0.0,1.26,212.23,
huevalue_wp0.88_g1.8_k1.0_s1.3,main,0.88,1.8,1.0,1.3,40,30.0,0.0,255.0,
huevalue_wp0.88_g1.8_k1.0_s1.3,main,0.88,1.8,1.0,1.3,40,60.0,3.88,75.0,
huevalue_wp0.88_g1.8_k1.0_s1.3,main,0.88,1.8,1.0,1.3,40,90.0,4.5,78.14,
huevalue_wp0.88_g1.8_k1.0_s1.3,main,0.88,1.8,1.0,1.3,40,120.0,2.02,73.25,
huevalue_wp0.88_g1.8_k1.0_s1.3,main,0.88,1.8,1.0,1.3,40,150.0,3.13,27.56,
huevalue_wp0.88_g1.8_k1.0_s1.3,main,0.88,1.8,1.0,1.3,40,180.0,2.33,25.17,
huevalue_wp0.88_g1.8_k1.0_s1.3,main,0.88,1.8,1.0,1.3,40,210.0,2.46,73.52,
huevalue_wp0.88_g1.8_k1.0_s1.3,main,0.88,1.8,1.0,1.3,40,240.0,5.53,70.25,
huevalue_wp0.88_g1.8_k1.0_s1.3,main,0.88,1.8,1.0,1.3,40,270.0,5.08,71.91,
huevalue_wp0.88_g1.8_k1.0_s1.3,main,0.88,1.8,1.0,1.3,40,300.0,1.49,25.65,
huevalue_wp0.88_g1.8_k1.0_s1.3,main,0.88,1.8,1.0,1.3,40,330.0,1.39,23.46,
huevalue_wp0.88_g1.8_k1.0_s1.3,main,0.88,1.8,1.0,1.3,81,0.0,0.0,255.0,
huevalue_wp0.88_g1.8_k1.0_s1.3,main,0.88,1.8,1.0,1.3,81,30.0,0.48,248.46,
huevalue_wp0.88_g1.8_k1.0_s1.3,main,0.88,1.8,1.0,1.3,81,60.0,8.77,57.66,6.5
huevalue_wp0.88_g1.8_k1.0_s1.3,main,0.88,1.8,1.0,1.3,81,90.0,4.68,56.74,
huevalue_wp0.88_g1.8_k1.0_s1.3,main,0.88,1.8,1.0,1.3,81,120.0,0.87,11.53,
huevalue_wp0.88_g1.8_k1.0_s1.3,main,0.88,1.8,1.0,1.3,81,150.0,0.0,0.0,
huevalue_wp0.88_g1.8_k1.0_s1.3,main,0.88,1.8,1.0,1.3,81,180.0,0.67,21.97,
huevalue_wp0.88_g1.8_k1.0_s1.3,main,0.88,1.8,1.0,1.3,81,210.0,7.19,54.31,
huevalue_wp0.88_g1.8_k1.0_s1.3,main,0.88,1.8,1.0,1.3,81,240.0,24.12,63.53,221.8
huevalue_wp0.88_g1.8_k1.0_s1.3,main,0.88,1.8,1.0,1.3,81,270.0,21.69,53.47,226.1
huevalue_wp0.88_g1.8_k1.0_s1.3,main,0.88,1.8,1.0,1.3,81,300.0,2.48,1.62,
huevalue_wp0.88_g1.8_k1.0_s1.3,main,0.88,1.8,1.0,1.3,81,330.0,1.38,1.26,
huevalue_wp0.88_g1.8_k1.0_s1.3,main,0.88,1.8,1.0,1.3,122,0.0,0.0,255.0,
huevalue_wp0.88_g1.8_k1.0_s1.3,main,0.88,1.8,1.0,1.3,122,30.0,18.3,178.52,3.1
huevalue_wp0.88_g1.8_k1.0_s1.3,main,0.88,1.8,1.0,1.3,122,60.0,46.09,70.28,2.9
huevalue_wp0.88_g1.8_k1.0_s1.3,main,0.88,1.8,1.0,1.3,122,90.0,24.49,40.94,51.8
huevalue_wp0.88_g1.8_k1.0_s1.3,main,0.88,1.8,1.0,1.3,122,120.0,18.48,6.76,116.3
huevalue_wp0.88_g1.8_k1.0_s1.3,main,0.88,1.8,1.0,1.3,122,150.0,20.74,32.05,110.3
huevalue_wp0.88_g1.8_k1.0_s1.3,main,0.88,1.8,1.0,1.3,122,180.0,11.38,96.78,130.9
huevalue_wp0.88_g1.8_k1.0_s1.3,main,0.88,1.8,1.0,1.3,122,210.0,52.35,120.9,212.5
huevalue_wp0.88_g1.8_k1.0_s1.3,main,0.88,1.8,1.0,1.3,122,240.0,73.27,130.01,217.6
huevalue_wp0.88_g1.8_k1.0_s1.3,main,0.88,1.8,1.0,1.3,122,270.0,78.82,113.97,220.7
huevalue_wp0.88_g1.8_k1.0_s1.3,main,0.88,1.8,1.0,1.3,122,300.0,36.28,58.48,256.4
huevalue_wp0.88_g1.8_k1.0_s1.3,main,0.88,1.8,1.0,1.3,122,330.0,43.34,17.58,0.7
huevalue_wp0.88_g1.8_k1.0_s1.3,main,0.88,1.8,1.0,1.3,163,0.0,0.0,255.0,
huevalue_wp0.88_g1.8_k1.0_s1.3,main,0.88,1.8,1.0,1.3,163,30.0,85.23,121.0,1.0
huevalue_wp0.88_g1.8_k1.0_s1.3,main,0.88,1.8,1.0,1.3,163,60.0,111.55,68.96,1.7
huevalue_wp0.88_g1.8_k1.0_s1.3,main,0.88,1.8,1.0,1.3,163,90.0,82.41,67.98,44.5
huevalue_wp0.88_g1.8_k1.0_s1.3,main,0.88,1.8,1.0,1.3,163,120.0,57.8,35.14,137.7
huevalue_wp0.88_g1.8_k1.0_s1.3,main,0.88,1.8,1.0,1.3,163,150.0,42.18,100.81,149.0
huevalue_wp0.88_g1.8_k1.0_s1.3,main,0.88,1.8,1.0,1.3,163,180.0,32.97,145.1,166.0
huevalue_wp0.88_g1.8_k1.0_s1.3,main,0.88,1.8,1.0,1.3,163,210.0,71.67,163.04,204.7
huevalue_wp0.88_g1.8_k1.0_s1.3,main,0.88,1.8,1.0,1.3,163,240.0,92.78,154.37,213.1
huevalue_wp0.88_g1.8_k1.0_s1.3,main,0.88,1.8,1.0,1.3,163,270.0,108.11,132.71,214.1
huevalue_wp0.88_g1.8_k1.0_s1.3,main,0.88,1.8,1.0,1.3,163,300.0,31.19,121.36,241.1
huevalue_wp0.88_g1.8_k1.0_s1.3,main,0.88,1.8,1.0,1.3,163,330.0,135.03,48.92,0.7
huevalue_wp0.88_g1.8_k1.0_s1.3,main,0.88,1.8,1.0,1.3,204,0.0,0.11,254.96,
huevalue_wp0.88_g1.8_k1.0_s1.3,main,0.88,1.8,1.0,1.3,204,30.0,220.57,89.03,0.5
huevalue_wp0.88_g1.8_k1.0_s1.3,main,0.88,1.8,1.0,1.3,204,60.0,232.91,82.07,2.9
huevalue_wp0.88_g1.8_k1.0_s1.3,main,0.88,1.8,1.0,1.3,204,90.0,197.11,178.54,51.2
huevalue_wp0.88_g1.8_k1.0_s1.3,main,0.88,1.8,1.0,1.3,204,120.0,53.31,81.84,107.4
huevalue_wp0.88_g1.8_k1.0_s1.3,main,0.88,1.8,1.0,1.3,204,150.0,37.99,103.34,147.5
huevalue_wp0.88_g1.8_k1.0_s1.3,main,0.88,1.8,1.0,1.3,204,180.0,27.07,175.73,168.5
huevalue_wp0.88_g1.8_k1.0_s1.3,main,0.88,1.8,1.0,1.3,204,210.0,90.99,157.96,209.4
huevalue_wp0.88_g1.8_k1.0_s1.3,main,0.88,1.8,1.0,1.3,204,240.0,110.26,146.96,212.7
huevalue_wp0.88_g1.8_k1.0_s1.3,main,0.88,1.8,1.0,1.3,204,270.0,96.43,173.4,206.3
huevalue_wp0.88_g1.8_k1.0_s1.3,main,0.88,1.8,1.0,1.3,204,300.0,15.97,237.58,8.1
huevalue_wp0.88_g1.8_k1.0_s1.3,main,0.88,1.8,1.0,1.3,204,330.0,227.44,84.66,1.0
huevalue_wp0.88_g1.8_k1.0_s1.3,main,0.88,1.8,1.0,1.3,245,0.0,0.01,255.0,
huevalue_wp0.88_g1.8_k1.0_s1.3,main,0.88,1.8,1.0,1.3,245,30.0,246.75,84.09,1.1
huevalue_wp0.88_g1.8_k1.0_s1.3,main,0.88,1.8,1.0,1.3,245,60.0,239.93,124.89,21.7
huevalue_wp0.88_g1.8_k1.0_s1.3,main,0.88,1.8,1.0,1.3,245,90.0,161.08,201.31,60.0
huevalue_wp0.88_g1.8_k1.0_s1.3,main,0.88,1.8,1.0,1.3,245,120.0,72.97,150.95,66.2
huevalue_wp0.88_g1.8_k1.0_s1.3,main,0.88,1.8,1.0,1.3,245,150.0,34.04,99.08,130.6
huevalue_wp0.88_g1.8_k1.0_s1.3,main,0.88,1.8,1.0,1.3,245,180.0,11.52,229.92,156.0
huevalue_wp0.88_g1.8_k1.0_s1.3,main,0.88,1.8,1.0,1.3,245,210.0,61.18,208.32,200.4
huevalue_wp0.88_g1.8_k1.0_s1.3,main,0.88,1.8,1.0,1.3,245,240.0,122.85,59.63,219.4
huevalue_wp0.88_g1.8_k1.0_s1.3,main,0.88,1.8,1.0,1.3,245,270.0,46.55,232.04,201.0
huevalue_wp0.88_g1.8_k1.0_s1.3,main,0.88,1.8,1.0,1.3,245,300.0,3.77,249.98,
huevalue_wp0.88_g1.8_k1.0_s1.3,main,0.88,1.8,1.0,1.3,245,330.0,200.87,122.46,12.9
huevalue_wp0.88_g1.8_k1.0_s0.7,main,0.88,1.8,1.0,0.7,40,0.0,0.76,204.0,
huevalue_wp0.88_g1.8_k1.0_s0.7,main,0.88,1.8,1.0,0.7,40,30.0,0.0,255.0,
huevalue_wp0.88_g1.8_k1.0_s0.7,main,0.88,1.8,1.0,0.7,40,60.0,4.95,77.69,
huevalue_wp0.88_g1.8_k1.0_s0.7,main,0.88,1.8,1.0,0.7,40,90.0,3.87,76.0,
huevalue_wp0.88_g1.8_k1.0_s0.7,main,0.88,1.8,1.0,0.7,40,120.0,3.52,70.43,
huevalue_wp0.88_g1.8_k1.0_s0.7,main,0.88,1.8,1.0,0.7,40,150.0,3.15,20.63,
huevalue_wp0.88_g1.8_k1.0_s0.7,main,0.88,1.8,1.0,0.7,40,180.0,2.54,18.1,
huevalue_wp0.88_g1.8_k1.0_s0.7,main,0.88,1.8,1.0,0.7,40,210.0,3.8,64.61,
huevalue_wp0.88_g1.8_k1.0_s0.7,main,0.88,1.8,1.0,0.7,40,240.0,6.12,61.39,
huevalue_wp0.88_g1.8_k1.0_s0.7,main,0.88,1.8,1.0,0.7,40,270.0,3.89,59.53,
huevalue_wp0.88_g1.8_k1.0_s0.7,main,0.88,1.8,1.0,0.7,40,300.0,0.98,4.28,
huevalue_wp0.88_g1.8_k1.0_s0.7,main,0.88,1.8,1.0,0.7,40,330.0,0.76,3.83,
huevalue_wp0.88_g1.8_k1.0_s0.7,main,0.88,1.8,1.0,0.7,81,0.0,0.0,255.0,
huevalue_wp0.88_g1.8_k1.0_s0.7,main,0.88,1.8,1.0,0.7,81,30.0,1.22,250.65,
huevalue_wp0.88_g1.8_k1.0_s0.7,main,0.88,1.8,1.0,0.7,81,60.0,1.22,56.92,
huevalue_wp0.88_g1.8_k1.0_s0.7,main,0.88,1.8,1.0,0.7,81,90.0,1.69,56.5,
huevalue_wp0.88_g1.8_k1.0_s0.7,main,0.88,1.8,1.0,0.7,81,120.0,1.21,9.9,
huevalue_wp0.88_g1.8_k1.0_s0.7,main,0.88,1.8,1.0,0.7,81,150.0,0.0,0.0,
huevalue_wp0.88_g1.8_k1.0_s0.7,main,0.88,1.8,1.0,0.7,81,180.0,1.21,28.01,
huevalue_wp0.88_g1.8_k1.0_s0.7,main,0.88,1.8,1.0,0.7,81,210.0,4.1,53.65,
huevalue_wp0.88_g1.8_k1.0_s0.7,main,0.88,1.8,1.0,0.7,81,240.0,10.83,58.07,231.2
huevalue_wp0.88_g1.8_k1.0_s0.7,main,0.88,1.8,1.0,0.7,81,270.0,7.56,32.25,
huevalue_wp0.88_g1.8_k1.0_s0.7,main,0.88,1.8,1.0,0.7,81,300.0,0.92,0.88,
huevalue_wp0.88_g1.8_k1.0_s0.7,main,0.88,1.8,1.0,0.7,81,330.0,1.43,5.98,
huevalue_wp0.88_g1.8_k1.0_s0.7,main,0.88,1.8,1.0,0.7,122,0.0,0.0,255.0,
huevalue_wp0.88_g1.8_k1.0_s0.7,main,0.88,1.8,1.0,0.7,122,30.0,4.21,170.15,
huevalue_wp0.88_g1.8_k1.0_s0.7,main,0.88,1.8,1.0,0.7,122,60.0,26.89,65.62,4.7
huevalue_wp0.88_g1.8_k1.0_s0.7,main,0.88,1.8,1.0,0.7,122,90.0,27.64,33.75,33.9
huevalue_wp0.88_g1.8_k1.0_s0.7,main,0.88,1.8,1.0,0.7,122,120.0,8.59,3.56,106.8
huevalue_wp0.88_g1.8_k1.0_s0.7,main,0.88,1.8,1.0,0.7,122,150.0,13.66,30.82,76.6
huevalue_wp0.88_g1.8_k1.0_s0.7,main,0.88,1.8,1.0,0.7,122,180.0,3.86,92.4,
huevalue_wp0.88_g1.8_k1.0_s0.7,main,0.88,1.8,1.0,0.7,122,210.0,39.95,113.13,224.8
huevalue_wp0.88_g1.8_k1.0_s0.7,main,0.88,1.8,1.0,0.7,122,240.0,44.27,116.56,227.6
huevalue_wp0.88_g1.8_k1.0_s0.7,main,0.88,1.8,1.0,0.7,122,270.0,50.35,89.61,233.2
huevalue_wp0.88_g1.8_k1.0_s0.7,main,0.88,1.8,1.0,0.7,122,300.0,24.05,38.92,271.3
huevalue_wp0.88_g1.8_k1.0_s0.7,main,0.88,1.8,1.0,0.7,122,330.0,2.97,22.49,
huevalue_wp0.88_g1.8_k1.0_s0.7,main,0.88,1.8,1.0,0.7,163,0.0,0.0,255.0,
huevalue_wp0.88_g1.8_k1.0_s0.7,main,0.88,1.8,1.0,0.7,163,30.0,43.03,98.15,1.3
huevalue_wp0.88_g1.8_k1.0_s0.7,main,0.88,1.8,1.0,0.7,163,60.0,81.39,52.08,14.3
huevalue_wp0.88_g1.8_k1.0_s0.7,main,0.88,1.8,1.0,0.7,163,90.0,57.81,47.72,44.9
huevalue_wp0.88_g1.8_k1.0_s0.7,main,0.88,1.8,1.0,0.7,163,120.0,39.48,29.98,126.6
huevalue_wp0.88_g1.8_k1.0_s0.7,main,0.88,1.8,1.0,0.7,163,150.0,24.53,103.26,138.6
huevalue_wp0.88_g1.8_k1.0_s0.7,main,0.88,1.8,1.0,0.7,163,180.0,25.93,134.5,177.7
huevalue_wp0.88_g1.8_k1.0_s0.7,main,0.88,1.8,1.0,0.7,163,210.0,73.14,146.65,210.1
huevalue_wp0.88_g1.8_k1.0_s0.7,main,0.88,1.8,1.0,0.7,163,240.0,77.07,135.32,217.5
huevalue_wp0.88_g1.8_k1.0_s0.7,main,0.88,1.8,1.0,0.7,163,270.0,87.38,120.23,218.1
huevalue_wp0.88_g1.8_k1.0_s0.7,main,0.88,1.8,1.0,0.7,163,300.0,42.58,67.32,251.1
huevalue_wp0.88_g1.8_k1.0_s0.7,main,0.88,1.8,1.0,0.7,163,330.0,42.85,47.83,1.4
huevalue_wp0.88_g1.8_k1.0_s0.7,main,0.88,1.8,1.0,0.7,204,0.0,0.5,254.83,
huevalue_wp0.88_g1.8_k1.0_s0.7,main,0.88,1.8,1.0,0.7,204,30.0,142.17,53.15,0.6
huevalue_wp0.88_g1.8_k1.0_s0.7,main,0.88,1.8,1.0,0.7,204,60.0,150.31,72.52,15.6
huevalue_wp0.88_g1.8_k1.0_s0.7,main,0.88,1.8,1.0,0.7,204,90.0,195.3,171.82,46.2
huevalue_wp0.88_g1.8_k1.0_s0.7,main,0.88,1.8,1.0,0.7,204,120.0,68.71,128.43,73.5
huevalue_wp0.88_g1.8_k1.0_s0.7,main,0.88,1.8,1.0,0.7,204,150.0,34.9,110.64,144.4
huevalue_wp0.88_g1.8_k1.0_s0.7,main,0.88,1.8,1.0,0.7,204,180.0,31.82,176.47,164.0
huevalue_wp0.88_g1.8_k1.0_s0.7,main,0.88,1.8,1.0,0.7,204,210.0,108.52,133.47,210.4
huevalue_wp0.88_g1.8_k1.0_s0.7,main,0.88,1.8,1.0,0.7,204,240.0,121.65,134.74,213.9
huevalue_wp0.88_g1.8_k1.0_s0.7,main,0.88,1.8,1.0,0.7,204,270.0,108.06,150.16,210.3
huevalue_wp0.88_g1.8_k1.0_s0.7,main,0.88,1.8,1.0,0.7,204,300.0,29.08,129.37,229.1
huevalue_wp0.88_g1.8_k1.0_s0.7,main,0.88,1.8,1.0,0.7,204,330.0,92.57,76.55,1.4
huevalue_wp0.88_g1.8_k1.0_s0.7,main,0.88,1.8,1.0,0.7,245,0.0,0.05,254.97,
huevalue_wp0.88_g1.8_k1.0_s0.7,main,0.88,1.8,1.0,0.7,245,30.0,236.06,80.62,1.2
huevalue_wp0.88_g1.8_k1.0_s0.7,main,0.88,1.8,1.0,0.7,245,60.0,221.79,141.81,28.0
huevalue_wp0.88_g1.8_k1.0_s0.7,main,0.88,1.8,1.0,0.7,245,90.0,137.49,209.14,60.0
huevalue_wp0.88_g1.8_k1.0_s0.7,main,0.88,1.8,1.0,0.7,245,120.0,87.34,166.27,54.9
huevalue_wp0.88_g1.8_k1.0_s0.7,main,0.88,1.8,1.0,0.7,245,150.0,31.58,129.81,122.4
huevalue_wp0.88_g1.8_k1.0_s0.7,main,0.88,1.8,1.0,0.7,245,180.0,6.25,247.2,
huevalue_wp0.88_g1.8_k1.0_s0.7,main,0.88,1.8,1.0,0.7,245,210.0,86.08,182.0,200.9
huevalue_wp0.88_g1.8_k1.0_s0.7,main,0.88,1.8,1.0,0.7,245,240.0,131.76,60.47,219.7
huevalue_wp0.88_g1.8_k1.0_s0.7,main,0.88,1.8,1.0,0.7,245,270.0,80.46,195.67,205.5
huevalue_wp0.88_g1.8_k1.0_s0.7,main,0.88,1.8,1.0,0.7,245,300.0,23.23,213.96,14.1
huevalue_wp0.88_g1.8_k1.0_s0.7,main,0.88,1.8,1.0,0.7,245,330.0,173.76,128.31,10.7
huevalue_wp0.64_g1.0_k1.0_s1.3,main,0.64,1.0,1.0,1.3,40,0.0,0.8,241.76,
huevalue_wp0.64_g1.0_k1.0_s1.3,main,0.64,1.0,1.0,1.3,40,30.0,0.02,254.99,
huevalue_wp0.64_g1.0_k1.0_s1.3,main,0.64,1.0,1.0,1.3,40,60.0,9.55,55.7,13.9
huevalue_wp0.64_g1.0_k1.0_s1.3,main,0.64,1.0,1.0,1.3,40,90.0,3.52,54.22,
huevalue_wp0.64_g1.0_k1.0_s1.3,main,0.64,1.0,1.0,1.3,40,120.0,2.3,48.02,
huevalue_wp0.64_g1.0_k1.0_s1.3,main,0.64,1.0,1.0,1.3,40,150.0,0.07,0.03,
huevalue_wp0.64_g1.0_k1.0_s1.3,main,0.64,1.0,1.0,1.3,40,180.0,0.12,0.18,
huevalue_wp0.64_g1.0_k1.0_s1.3,main,0.64,1.0,1.0,1.3,40,210.0,3.97,51.82,
huevalue_wp0.64_g1.0_k1.0_s1.3,main,0.64,1.0,1.0,1.3,40,240.0,8.68,52.0,232.7
huevalue_wp0.64_g1.0_k1.0_s1.3,main,0.64,1.0,1.0,1.3,40,270.0,10.78,53.76,224.6
huevalue_wp0.64_g1.0_k1.0_s1.3,main,0.64,1.0,1.0,1.3,40,300.0,0.07,0.24,
huevalue_wp0.64_g1.0_k1.0_s1.3,main,0.64,1.0,1.0,1.3,40,330.0,0.2,0.07,
huevalue_wp0.64_g1.0_k1.0_s1.3,main,0.64,1.0,1.0,1.3,81,0.0,0.0,255.0,
huevalue_wp0.64_g1.0_k1.0_s1.3,main,0.64,1.0,1.0,1.3,81,30.0,5.73,228.44,
huevalue_wp0.64_g1.0_k1.0_s1.3,main,0.64,1.0,1.0,1.3,81,60.0,38.31,66.06,4.5
huevalue_wp0.64_g1.0_k1.0_s1.3,main,0.64,1.0,1.0,1.3,81,90.0,13.64,59.43,35.6
huevalue_wp0.64_g1.0_k1.0_s1.3,main,0.64,1.0,1.0,1.3,81,120.0,2.31,4.32,
huevalue_wp0.64_g1.0_k1.0_s1.3,main,0.64,1.0,1.0,1.3,81,150.0,0.67,0.22,
huevalue_wp0.64_g1.0_k1.0_s1.3,main,0.64,1.0,1.0,1.3,81,180.0,5.6,29.86,
huevalue_wp0.64_g1.0_k1.0_s1.3,main,0.64,1.0,1.0,1.3,81,210.0,29.28,64.96,197.1
huevalue_wp0.64_g1.0_k1.0_s1.3,main,0.64,1.0,1.0,1.3,81,240.0,65.29,78.74,215.6
huevalue_wp0.64_g1.0_k1.0_s1.3,main,0.64,1.0,1.0,1.3,81,270.0,64.22,74.6,218.9
huevalue_wp0.64_g1.0_k1.0_s1.3,main,0.64,1.0,1.0,1.3,81,300.0,26.18,18.61,242.2
huevalue_wp0.64_g1.0_k1.0_s1.3,main,0.64,1.0,1.0,1.3,81,330.0,24.97,8.33,0.0
huevalue_wp0.64_g1.0_k1.0_s1.3,main,0.64,1.0,1.0,1.3,122,0.0,0.02,254.99,
huevalue_wp0.64_g1.0_k1.0_s1.3,main,0.64,1.0,1.0,1.3,122,30.0,39.31,161.12,2.9
huevalue_wp0.64_g1.0_k1.0_s1.3,main,0.64,1.0,1.0,1.3,122,60.0,73.34,81.77,11.7
huevalue_wp0.64_g1.0_k1.0_s1.3,main,0.64,1.0,1.0,1.3,122,90.0,43.2,39.96,56.8
huevalue_wp0.64_g1.0_k1.0_s1.3,main,0.64,1.0,1.0,1.3,122,120.0,42.03,16.19,125.0
huevalue_wp0.64_g1.0_k1.0_s1.3,main,0.64,1.0,1.0,1.3,122,150.0,42.73,52.72,146.1
huevalue_wp0.64_g1.0_k1.0_s1.3,main,0.64,1.0,1.0,1.3,122,180.0,37.26,109.98,157.3
huevalue_wp0.64_g1.0_k1.0_s1.3,main,0.64,1.0,1.0,1.3,122,210.0,73.16,132.41,202.7
huevalue_wp0.64_g1.0_k1.0_s1.3,main,0.64,1.0,1.0,1.3,122,240.0,92.67,134.88,210.7
huevalue_wp0.64_g1.0_k1.0_s1.3,main,0.64,1.0,1.0,1.3,122,270.0,99.18,119.95,214.1
huevalue_wp0.64_g1.0_k1.0_s1.3,main,0.64,1.0,1.0,1.3,122,300.0,50.28,77.14,244.7
huevalue_wp0.64_g1.0_k1.0_s1.3,main,0.64,1.0,1.0,1.3,122,330.0,66.83,22.46,0.1
huevalue_wp0.64_g1.0_k1.0_s1.3,main,0.64,1.0,1.0,1.3,163,0.0,0.01,255.0,
huevalue_wp0.64_g1.0_k1.0_s1.3,main,0.64,1.0,1.0,1.3,163,30.0,110.6,101.86,0.9
huevalue_wp0.64_g1.0_k1.0_s1.3,main,0.64,1.0,1.0,1.3,163,60.0,122.68,68.0,18.9
huevalue_wp0.64_g1.0_k1.0_s1.3,main,0.64,1.0,1.0,1.3,163,90.0,123.99,103.96,48.1
huevalue_wp0.64_g1.0_k1.0_s1.3,main,0.64,1.0,1.0,1.3,163,120.0,73.99,73.02,86.9
huevalue_wp0.64_g1.0_k1.0_s1.3,main,0.64,1.0,1.0,1.3,163,150.0,43.88,108.86,150.4
huevalue_wp0.64_g1.0_k1.0_s1.3,main,0.64,1.0,1.0,1.3,163,180.0,32.71,155.0,162.1
huevalue_wp0.64_g1.0_k1.0_s1.3,main,0.64,1.0,1.0,1.3,163,210.0,67.55,177.99,200.7
huevalue_wp0.64_g1.0_k1.0_s1.3,main,0.64,1.0,1.0,1.3,163,240.0,99.08,148.95,209.1
huevalue_wp0.64_g1.0_k1.0_s1.3,main,0.64,1.0,1.0,1.3,163,270.0,99.67,150.74,204.3
huevalue_wp0.64_g1.0_k1.0_s1.3,main,0.64,1.0,1.0,1.3,163,300.0,31.27,137.0,230.6
huevalue_wp0.64_g1.0_k1.0_s1.3,main,0.64,1.0,1.0,1.3,163,330.0,107.88,39.73,1.7
huevalue_wp0.64_g1.0_k1.0_s1.3,main,0.64,1.0,1.0,1.3,204,0.0,0.59,254.36,
huevalue_wp0.64_g1.0_k1.0_s1.3,main,0.64,1.0,1.0,1.3,204,30.0,214.77,74.15,0.5
huevalue_wp0.64_g1.0_k1.0_s1.3,main,0.64,1.0,1.0,1.3,204,60.0,214.31,108.55,21.0
huevalue_wp0.64_g1.0_k1.0_s1.3,main,0.64,1.0,1.0,1.3,204,90.0,193.77,172.08,45.2
huevalue_wp0.64_g1.0_k1.0_s1.3,main,0.64,1.0,1.0,1.3,204,120.0,81.84,129.17,70.7
huevalue_wp0.64_g1.0_k1.0_s1.3,main,0.64,1.0,1.0,1.3,204,150.0,35.33,115.34,140.1
huevalue_wp0.64_g1.0_k1.0_s1.3,main,0.64,1.0,1.0,1.3,204,180.0,25.3,196.65,147.7
huevalue_wp0.64_g1.0_k1.0_s1.3,main,0.64,1.0,1.0,1.3,204,210.0,80.76,171.89,199.8
huevalue_wp0.64_g1.0_k1.0_s1.3,main,0.64,1.0,1.0,1.3,204,240.0,119.92,138.79,209.5
huevalue_wp0.64_g1.0_k1.0_s1.3,main,0.64,1.0,1.0,1.3,204,270.0,73.25,188.68,204.5
huevalue_wp0.64_g1.0_k1.0_s1.3,main,0.64,1.0,1.0,1.3,204,300.0,9.9,196.81,346.8
huevalue_wp0.64_g1.0_k1.0_s1.3,main,0.64,1.0,1.0,1.3,204,330.0,183.22,92.83,10.2
huevalue_wp0.64_g1.0_k1.0_s1.3,main,0.64,1.0,1.0,1.3,245,0.0,0.58,254.28,
huevalue_wp0.64_g1.0_k1.0_s1.3,main,0.64,1.0,1.0,1.3,245,30.0,235.98,82.12,2.2
huevalue_wp0.64_g1.0_k1.0_s1.3,main,0.64,1.0,1.0,1.3,245,60.0,217.51,144.55,28.5
huevalue_wp0.64_g1.0_k1.0_s1.3,main,0.64,1.0,1.0,1.3,245,90.0,147.88,202.89,57.1
huevalue_wp0.64_g1.0_k1.0_s1.3,main,0.64,1.0,1.0,1.3,245,120.0,76.55,151.97,62.7
huevalue_wp0.64_g1.0_k1.0_s1.3,main,0.64,1.0,1.0,1.3,245,150.0,35.15,110.61,136.0
huevalue_wp0.64_g1.0_k1.0_s1.3,main,0.64,1.0,1.0,1.3,245,180.0,10.15,237.2,157.4
huevalue_wp0.64_g1.0_k1.0_s1.3,main,0.64,1.0,1.0,1.3,245,210.0,57.8,207.57,201.1
huevalue_wp0.64_g1.0_k1.0_s1.3,main,0.64,1.0,1.0,1.3,245,240.0,141.38,70.68,214.1
huevalue_wp0.64_g1.0_k1.0_s1.3,main,0.64,1.0,1.0,1.3,245,270.0,43.49,227.52,203.2
huevalue_wp0.64_g1.0_k1.0_s1.3,main,0.64,1.0,1.0,1.3,245,300.0,7.37,242.83,
huevalue_wp0.64_g1.0_k1.0_s1.3,main,0.64,1.0,1.0,1.3,245,330.0,167.04,137.4,12.1
huevalue_wp0.64_g1.8_k1.0_s1.3,main,0.64,1.8,1.0,1.3,40,0.0,1.39,227.98,
huevalue_wp0.64_g1.8_k1.0_s1.3,main,0.64,1.8,1.0,1.3,40,30.0,0.13,254.96,
huevalue_wp0.64_g1.8_k1.0_s1.3,main,0.64,1.8,1.0,1.3,40,60.0,8.16,30.28,44.5
huevalue_wp0.64_g1.8_k1.0_s1.3,main,0.64,1.8,1.0,1.3,40,90.0,7.67,29.16,
huevalue_wp0.64_g1.8_k1.0_s1.3,main,0.64,1.8,1.0,1.3,40,120.0,6.79,24.7,
huevalue_wp0.64_g1.8_k1.0_s1.3,main,0.64,1.8,1.0,1.3,40,150.0,0.48,0.59,
huevalue_wp0.64_g1.8_k1.0_s1.3,main,0.64,1.8,1.0,1.3,40,180.0,0.4,0.29,
huevalue_wp0.64_g1.8_k1.0_s1.3,main,0.64,1.8,1.0,1.3,40,210.0,2.65,23.5,
huevalue_wp0.64_g1.8_k1.0_s1.3,main,0.64,1.8,1.0,1.3,40,240.0,2.84,29.7,
huevalue_wp0.64_g1.8_k1.0_s1.3,main,0.64,1.8,1.0,1.3,40,270.0,2.71,35.0,
huevalue_wp0.64_g1.8_k1.0_s1.3,main,0.64,1.8,1.0,1.3,40,300.0,1.12,9.17,
huevalue_wp0.64_g1.8_k1.0_s1.3,main,0.64,1.8,1.0,1.3,40,330.0,1.82,3.48,
huevalue_wp0.64_g1.8_k1.0_s1.3,main,0.64,1.8,1.0,1.3,81,0.0,0.02,254.99,
huevalue_wp0.64_g1.8_k1.0_s1.3,main,0.64,1.8,1.0,1.3,81,30.0,2.23,232.21,
huevalue_wp0.64_g1.8_k1.0_s1.3,main,0.64,1.8,1.0,1.3,81,60.0,22.61,37.24,19.0
huevalue_wp0.64_g1.8_k1.0_s1.3,main,0.64,1.8,1.0,1.3,81,90.0,13.41,35.1,44.0
huevalue_wp0.64_g1.8_k1.0_s1.3,main,0.64,1.8,1.0,1.3,81,120.0,3.46,11.19,
huevalue_wp0.64_g1.8_k1.0_s1.3,main,0.64,1.8,1.0,1.3,81,150.0,8.14,5.92,59.5
huevalue_wp0.64_g1.8_k1.0_s1.3,main,0.64,1.8,1.0,1.3,81,180.0,13.33,26.72,46.6
huevalue_wp0.64_g1.8_k1.0_s1.3,main,0.64,1.8,1.0,1.3,81,210.0,15.21,74.49,228.0
huevalue_wp0.64_g1.8_k1.0_s1.3,main,0.64,1.8,1.0,1.3,81,240.0,38.51,86.37,226.0
huevalue_wp0.64_g1.8_k1.0_s1.3,main,0.64,1.8,1.0,1.3,81,270.0,38.97,96.12,226.0
huevalue_wp0.64_g1.8_k1.0_s1.3,main,0.64,1.8,1.0,1.3,81,300.0,22.08,46.11,255.3
huevalue_wp0.64_g1.8_k1.0_s1.3,main,0.64,1.8,1.0,1.3,81,330.0,4.59,1.53,
huevalue_wp0.64_g1.8_k1.0_s1.3,main,0.64,1.8,1.0,1.3,122,0.0,0.05,254.56,
huevalue_wp0.64_g1.8_k1.0_s1.3,main,0.64,1.8,1.0,1.3,122,30.0,18.85,161.91,11.2
huevalue_wp0.64_g1.8_k1.0_s1.3,main,0.64,1.8,1.0,1.3,122,60.0,55.4,49.81,12.0
huevalue_wp0.64_g1.8_k1.0_s1.3,main,0.64,1.8,1.0,1.3,122,90.0,34.17,33.86,41.5
huevalue_wp0.64_g1.8_k1.0_s1.3,main,0.64,1.8,1.0,1.3,122,120.0,22.33,8.13,115.3
huevalue_wp0.64_g1.8_k1.0_s1.3,main,0.64,1.8,1.0,1.3,122,150.0,22.95,34.26,87.9
huevalue_wp0.64_g1.8_k1.0_s1.3,main,0.64,1.8,1.0,1.3,122,180.0,11.7,80.65,93.2
huevalue_wp0.64_g1.8_k1.0_s1.3,main,0.64,1.8,1.0,1.3,122,210.0,43.84,108.31,206.6
huevalue_wp0.64_g1.8_k1.0_s1.3,main,0.64,1.8,1.0,1.3,122,240.0,67.01,115.82,213.3
huevalue_wp0.64_g1.8_k1.0_s1.3,main,0.64,1.8,1.0,1.3,122,270.0,62.89,120.24,215.9
huevalue_wp0.64_g1.8_k1.0_s1.3,main,0.64,1.8,1.0,1.3,122,300.0,33.75,71.8,252.2
huevalue_wp0.64_g1.8_k1.0_s1.3,main,0.64,1.8,1.0,1.3,122,330.0,48.17,16.06,0.0
huevalue_wp0.64_g1.8_k1.0_s1.3,main,0.64,1.8,1.0,1.3,163,0.0,2.31,252.19,
huevalue_wp0.64_g1.8_k1.0_s1.3,main,0.64,1.8,1.0,1.3,163,30.0,77.49,100.23,3.0
huevalue_wp0.64_g1.8_k1.0_s1.3,main,0.64,1.8,1.0,1.3,163,60.0,100.87,54.15,6.7
huevalue_wp0.64_g1.8_k1.0_s1.3,main,0.64,1.8,1.0,1.3,163,90.0,54.5,47.91,49.6
huevalue_wp0.64_g1.8_k1.0_s1.3,main,0.64,1.8,1.0,1.3,163,120.0,47.77,26.41,130.6
huevalue_wp0.64_g1.8_k1.0_s1.3,main,0.64,1.8,1.0,1.3,163,150.0,42.36,51.17,141.2
huevalue_wp0.64_g1.8_k1.0_s1.3,main,0.64,1.8,1.0,1.3,163,180.0,42.97,56.21,168.9
huevalue_wp0.64_g1.8_k1.0_s1.3,main,0.64,1.8,1.0,1.3,163,210.0,85.0,77.85,203.2
huevalue_wp0.64_g1.8_k1.0_s1.3,main,0.64,1.8,1.0,1.3,163,240.0,106.43,129.02,210.0
huevalue_wp0.64_g1.8_k1.0_s1.3,main,0.64,1.8,1.0,1.3,163,270.0,100.01,137.56,208.8
huevalue_wp0.64_g1.8_k1.0_s1.3,main,0.64,1.8,1.0,1.3,163,300.0,43.89,92.42,238.3
huevalue_wp0.64_g1.8_k1.0_s1.3,main,0.64,1.8,1.0,1.3,163,330.0,103.59,34.53,0.0
huevalue_wp0.64_g1.8_k1.0_s1.3,main,0.64,1.8,1.0,1.3,204,0.0,2.48,251.75,
huevalue_wp0.64_g1.8_k1.0_s1.3,main,0.64,1.8,1.0,1.3,204,30.0,183.51,68.94,1.3
huevalue_wp0.64_g1.8_k1.0_s1.3,main,0.64,1.8,1.0,1.3,204,60.0,171.33,62.12,4.5
huevalue_wp0.64_g1.8_k1.0_s1.3,main,0.64,1.8,1.0,1.3,204,90.0,127.87,123.7,51.4
huevalue_wp0.64_g1.8_k1.0_s1.3,main,0.64,1.8,1.0,1.3,204,120.0,58.26,48.88,143.0
huevalue_wp0.64_g1.8_k1.0_s1.3,main,0.64,1.8,1.0,1.3,204,150.0,40.16,42.39,140.7
huevalue_wp0.64_g1.8_k1.0_s1.3,main,0.64,1.8,1.0,1.3,204,180.0,41.93,98.68,159.6
huevalue_wp0.64_g1.8_k1.0_s1.3,main,0.64,1.8,1.0,1.3,204,210.0,75.16,144.99,202.5
huevalue_wp0.64_g1.8_k1.0_s1.3,main,0.64,1.8,1.0,1.3,204,240.0,106.54,67.2,218.3
huevalue_wp0.64_g1.8_k1.0_s1.3,main,0.64,1.8,1.0,1.3,204,270.0,105.66,149.98,206.7
huevalue_wp0.64_g1.8_k1.0_s1.3,main,0.64,1.8,1.0,1.3,204,300.0,6.46,166.12,
huevalue_wp0.64_g1.8_k1.0_s1.3,main,0.64,1.8,1.0,1.3,204,330.0,168.25,56.08,0.0
huevalue_wp0.64_g1.8_k1.0_s1.3,main,0.64,1.8,1.0,1.3,245,0.0,5.18,251.52,
huevalue_wp0.64_g1.8_k1.0_s1.3,main,0.64,1.8,1.0,1.3,245,30.0,0.3,0.25,
huevalue_wp0.64_g1.8_k1.0_s1.3,main,0.64,1.8,1.0,1.3,245,60.0,1.42,1.52,
huevalue_wp0.64_g1.8_k1.0_s1.3,main,0.64,1.8,1.0,1.3,245,90.0,141.68,72.88,207.1
huevalue_wp0.64_g1.8_k1.0_s1.3,main,0.64,1.8,1.0,1.3,245,120.0,120.36,92.66,204.1
huevalue_wp0.64_g1.8_k1.0_s1.3,main,0.64,1.8,1.0,1.3,245,150.0,44.71,95.56,148.7
huevalue_wp0.64_g1.8_k1.0_s1.3,main,0.64,1.8,1.0,1.3,245,180.0,89.64,138.37,8.7
huevalue_wp0.64_g1.8_k1.0_s1.3,main,0.64,1.8,1.0,1.3,245,210.0,199.47,121.32,5.4
huevalue_wp0.64_g1.8_k1.0_s1.3,main,0.64,1.8,1.0,1.3,245,240.0,187.03,188.98,57.6
huevalue_wp0.64_g1.8_k1.0_s1.3,main,0.64,1.8,1.0,1.3,245,270.0,83.59,227.14,60.0
huevalue_wp0.64_g1.8_k1.0_s1.3,main,0.64,1.8,1.0,1.3,245,300.0,4.04,243.54,
huevalue_wp0.64_g1.8_k1.0_s1.3,main,0.64,1.8,1.0,1.3,245,330.0,6.93,239.17,
huevalue_wp0.75_g1.4_k2.5_s1.0,main,0.75,1.4,2.5,1.0,40,0.0,0.71,208.36,
huevalue_wp0.75_g1.4_k2.5_s1.0,main,0.75,1.4,2.5,1.0,40,30.0,0.57,254.8,
huevalue_wp0.75_g1.4_k2.5_s1.0,main,0.75,1.4,2.5,1.0,40,60.0,4.79,55.76,
huevalue_wp0.75_g1.4_k2.5_s1.0,main,0.75,1.4,2.5,1.0,40,90.0,3.55,58.12,
huevalue_wp0.75_g1.4_k2.5_s1.0,main,0.75,1.4,2.5,1.0,40,120.0,3.2,53.69,
huevalue_wp0.75_g1.4_k2.5_s1.0,main,0.75,1.4,2.5,1.0,40,150.0,1.89,7.41,
huevalue_wp0.75_g1.4_k2.5_s1.0,main,0.75,1.4,2.5,1.0,40,180.0,1.52,4.46,
huevalue_wp0.75_g1.4_k2.5_s1.0,main,0.75,1.4,2.5,1.0,40,210.0,4.21,51.39,
huevalue_wp0.75_g1.4_k2.5_s1.0,main,0.75,1.4,2.5,1.0,40,240.0,6.98,53.78,
huevalue_wp0.75_g1.4_k2.5_s1.0,main,0.75,1.4,2.5,1.0,40,270.0,7.23,53.97,
huevalue_wp0.75_g1.4_k2.5_s1.0,main,0.75,1.4,2.5,1.0,40,300.0,1.73,6.12,
huevalue_wp0.75_g1.4_k2.5_s1.0,main,0.75,1.4,2.5,1.0,40,330.0,1.85,6.44,
huevalue_wp0.75_g1.4_k2.5_s1.0,main,0.75,1.4,2.5,1.0,81,0.0,0.58,254.8,
huevalue_wp0.75_g1.4_k2.5_s1.0,main,0.75,1.4,2.5,1.0,81,30.0,2.85,243.69,
huevalue_wp0.75_g1.4_k2.5_s1.0,main,0.75,1.4,2.5,1.0,81,60.0,4.46,59.02,
huevalue_wp0.75_g1.4_k2.5_s1.0,main,0.75,1.4,2.5,1.0,81,90.0,3.24,56.33,
huevalue_wp0.75_g1.4_k2.5_s1.0,main,0.75,1.4,2.5,1.0,81,120.0,0.79,6.52,
huevalue_wp0.75_g1.4_k2.5_s1.0,main,0.75,1.4,2.5,1.0,81,150.0,0.0,0.0,
huevalue_wp0.75_g1.4_k2.5_s1.0,main,0.75,1.4,2.5,1.0,81,180.0,1.87,22.07,
huevalue_wp0.75_g1.4_k2.5_s1.0,main,0.75,1.4,2.5,1.0,81,210.0,9.34,51.96,202.0
huevalue_wp0.75_g1.4_k2.5_s1.0,main,0.75,1.4,2.5,1.0,81,240.0,28.48,59.62,220.0
huevalue_wp0.75_g1.4_k2.5_s1.0,main,0.75,1.4,2.5,1.0,81,270.0,24.74,51.05,225.9
huevalue_wp0.75_g1.4_k2.5_s1.0,main,0.75,1.4,2.5,1.0,81,300.0,7.71,3.16,
huevalue_wp0.75_g1.4_k2.5_s1.0,main,0.75,1.4,2.5,1.0,81,330.0,0.16,0.16,
huevalue_wp0.75_g1.4_k2.5_s1.0,main,0.75,1.4,2.5,1.0,122,0.0,0.06,254.98,
huevalue_wp0.75_g1.4_k2.5_s1.0,main,0.75,1.4,2.5,1.0,122,30.0,8.16,155.52,10.9
huevalue_wp0.75_g1.4_k2.5_s1.0,main,0.75,1.4,2.5,1.0,122,60.0,32.79,74.92,33.1
huevalue_wp0.75_g1.4_k2.5_s1.0,main,0.75,1.4,2.5,1.0,122,90.0,30.77,26.63,49.4
huevalue_wp0.75_g1.4_k2.5_s1.0,main,0.75,1.4,2.5,1.0,122,120.0,10.34,4.8,97.0
huevalue_wp0.75_g1.4_k2.5_s1.0,main,0.75,1.4,2.5,1.0,122,150.0,19.53,36.92,109.5
huevalue_wp0.75_g1.4_k2.5_s1.0,main,0.75,1.4,2.5,1.0,122,180.0,29.17,96.78,175.7
huevalue_wp0.75_g1.4_k2.5_s1.0,main,0.75,1.4,2.5,1.0,122,210.0,52.87,114.86,199.4
huevalue_wp0.75_g1.4_k2.5_s1.0,main,0.75,1.4,2.5,1.0,122,240.0,64.08,117.09,206.7
huevalue_wp0.75_g1.4_k2.5_s1.0,main,0.75,1.4,2.5,1.0,122,270.0,59.39,91.26,219.5
huevalue_wp0.75_g1.4_k2.5_s1.0,main,0.75,1.4,2.5,1.0,122,300.0,40.11,50.36,243.0
huevalue_wp0.75_g1.4_k2.5_s1.0,main,0.75,1.4,2.5,1.0,122,330.0,12.02,15.23,1.1
huevalue_wp0.75_g1.4_k2.5_s1.0,main,0.75,1.4,2.5,1.0,163,0.0,1.56,254.17,
huevalue_wp0.75_g1.4_k2.5_s1.0,main,0.75,1.4,2.5,1.0,163,30.0,54.28,80.1,12.5
huevalue_wp0.75_g1.4_k2.5_s1.0,main,0.75,1.4,2.5,1.0,163,60.0,69.03,58.96,39.3
huevalue_wp0.75_g1.4_k2.5_s1.0,main,0.75,1.4,2.5,1.0,163,90.0,70.17,59.48,58.7
huevalue_wp0.75_g1.4_k2.5_s1.0,main,0.75,1.4,2.5,1.0,163,120.0,53.2,47.72,75.6
huevalue_wp0.75_g1.4_k2.5_s1.0,main,0.75,1.4,2.5,1.0,163,150.0,37.51,109.55,139.0
huevalue_wp0.75_g1.4_k2.5_s1.0,main,0.75,1.4,2.5,1.0,163,180.0,46.59,142.23,176.4
huevalue_wp0.75_g1.4_k2.5_s1.0,main,0.75,1.4,2.5,1.0,163,210.0,68.86,153.25,192.8
huevalue_wp0.75_g1.4_k2.5_s1.0,main,0.75,1.4,2.5,1.0,163,240.0,93.53,132.54,207.2
huevalue_wp0.75_g1.4_k2.5_s1.0,main,0.75,1.4,2.5,1.0,163,270.0,76.35,114.99,213.7
huevalue_wp0.75_g1.4_k2.5_s1.0,main,0.75,1.4,2.5,1.0,163,300.0,50.25,75.8,231.5
huevalue_wp0.75_g1.4_k2.5_s1.0,main,0.75,1.4,2.5,1.0,163,330.0,17.56,52.69,3.3
huevalue_wp0.75_g1.4_k2.5_s1.0,main,0.75,1.4,2.5,1.0,204,0.0,7.38,244.58,
huevalue_wp0.75_g1.4_k2.5_s1.0,main,0.75,1.4,2.5,1.0,204,30.0,125.26,95.72,19.0
huevalue_wp0.75_g1.4_k2.5_s1.0,main,0.75,1.4,2.5,1.0,204,60.0,117.99,145.14,33.8
huevalue_wp0.75_g1.4_k2.5_s1.0,main,0.75,1.4,2.5,1.0,204,90.0,121.02,172.02,44.6
huevalue_wp0.75_g1.4_k2.5_s1.0,main,0.75,1.4,2.5,1.0,204,120.0,69.01,176.49,64.1
huevalue_wp0.75_g1.4_k2.5_s1.0,main,0.75,1.4,2.5,1.0,204,150.0,43.82,171.9,83.7
huevalue_wp0.75_g1.4_k2.5_s1.0,main,0.75,1.4,2.5,1.0,204,180.0,31.66,199.12,148.6
huevalue_wp0.75_g1.4_k2.5_s1.0,main,0.75,1.4,2.5,1.0,204,210.0,81.15,172.58,194.7
huevalue_wp0.75_g1.4_k2.5_s1.0,main,0.75,1.4,2.5,1.0,204,240.0,105.47,163.74,202.0
huevalue_wp0.75_g1.4_k2.5_s1.0,main,0.75,1.4,2.5,1.0,204,270.0,67.13,182.06,201.6
huevalue_wp0.75_g1.4_k2.5_s1.0,main,0.75,1.4,2.5,1.0,204,300.0,15.94,152.17,208.1
huevalue_wp0.75_g1.4_k2.5_s1.0,main,0.75,1.4,2.5,1.0,204,330.0,36.52,129.81,357.7
huevalue_wp0.75_g1.4_k2.5_s1.0,main,0.75,1.4,2.5,1.0,245,0.0,6.25,240.47,
huevalue_wp0.75_g1.4_k2.5_s1.0,main,0.75,1.4,2.5,1.0,245,30.0,123.01,160.7,12.7
huevalue_wp0.75_g1.4_k2.5_s1.0,main,0.75,1.4,2.5,1.0,245,60.0,93.05,206.39,28.0
huevalue_wp0.75_g1.4_k2.5_s1.0,main,0.75,1.4,2.5,1.0,245,90.0,66.74,230.76,55.9
huevalue_wp0.75_g1.4_k2.5_s1.0,main,0.75,1.4,2.5,1.0,245,120.0,42.35,215.37,56.7
huevalue_wp0.75_g1.4_k2.5_s1.0,main,0.75,1.4,2.5,1.0,245,150.0,25.9,204.73,97.8
huevalue_wp0.75_g1.4_k2.5_s1.0,main,0.75,1.4,2.5,1.0,245,180.0,10.49,249.85,178.7
huevalue_wp0.75_g1.4_k2.5_s1.0,main,0.75,1.4,2.5,1.0,245,210.0,38.48,224.45,192.2
huevalue_wp0.75_g1.4_k2.5_s1.0,main,0.75,1.4,2.5,1.0,245,240.0,98.01,164.23,193.7
huevalue_wp0.75_g1.4_k2.5_s1.0,main,0.75,1.4,2.5,1.0,245,270.0,32.81,236.56,196.0
huevalue_wp0.75_g1.4_k2.5_s1.0,main,0.75,1.4,2.5,1.0,245,300.0,4.72,219.46,
huevalue_wp0.75_g1.4_k2.5_s1.0,main,0.75,1.4,2.5,1.0,245,330.0,65.24,199.26,14.1
huevalue_wp0.75_g1.4_k1.5_s0.7,main,0.75,1.4,1.5,0.7,40,0.0,0.85,198.98,
huevalue_wp0.75_g1.4_k1.5_s0.7,main,0.75,1.4,1.5,0.7,40,30.0,0.3,254.87,
huevalue_wp0.75_g1.4_k1.5_s0.7,main,0.75,1.4,1.5,0.7,40,60.0,3.22,39.11,
huevalue_wp0.75_g1.4_k1.5_s0.7,main,0.75,1.4,1.5,0.7,40,90.0,4.0,60.34,
huevalue_wp0.75_g1.4_k1.5_s0.7,main,0.75,1.4,1.5,0.7,40,120.0,2.99,56.7,
huevalue_wp0.75_g1.4_k1.5_s0.7,main,0.75,1.4,1.5,0.7,40,150.0,3.16,39.12,
huevalue_wp0.75_g1.4_k1.5_s0.7,main,0.75,1.4,1.5,0.7,40,180.0,2.73,15.55,
huevalue_wp0.75_g1.4_k1.5_s0.7,main,0.75,1.4,1.5,0.7,40,210.0,5.17,27.59,
huevalue_wp0.75_g1.4_k1.5_s0.7,main,0.75,1.4,1.5,0.7,40,240.0,7.43,66.62,
huevalue_wp0.75_g1.4_k1.5_s0.7,main,0.75,1.4,1.5,0.7,40,270.0,6.96,72.07,
huevalue_wp0.75_g1.4_k1.5_s0.7,main,0.75,1.4,1.5,0.7,40,300.0,5.71,71.87,
huevalue_wp0.75_g1.4_k1.5_s0.7,main,0.75,1.4,1.5,0.7,40,330.0,4.02,35.93,
huevalue_wp0.75_g1.4_k1.5_s0.7,main,0.75,1.4,1.5,0.7,81,0.0,0.26,254.91,
huevalue_wp0.75_g1.4_k1.5_s0.7,main,0.75,1.4,1.5,0.7,81,30.0,1.1,250.63,
huevalue_wp0.75_g1.4_k1.5_s0.7,main,0.75,1.4,1.5,0.7,81,60.0,5.44,57.62,
huevalue_wp0.75_g1.4_k1.5_s0.7,main,0.75,1.4,1.5,0.7,81,90.0,5.83,56.42,
huevalue_wp0.75_g1.4_k1.5_s0.7,main,0.75,1.4,1.5,0.7,81,120.0,1.18,32.0,
huevalue_wp0.75_g1.4_k1.5_s0.7,main,0.75,1.4,1.5,0.7,81,150.0,0.0,0.0,
huevalue_wp0.75_g1.4_k1.5_s0.7,main,0.75,1.4,1.5,0.7,81,180.0,0.21,0.39,
huevalue_wp0.75_g1.4_k1.5_s0.7,main,0.75,1.4,1.5,0.7,81,210.0,6.14,50.75,
huevalue_wp0.75_g1.4_k1.5_s0.7,main,0.75,1.4,1.5,0.7,81,240.0,15.32,54.43,220.1
huevalue_wp0.75_g1.4_k1.5_s0.7,main,0.75,1.4,1.5,0.7,81,270.0,23.03,60.24,220.1
huevalue_wp0.75_g1.4_k1.5_s0.7,main,0.75,1.4,1.5,0.7,81,300.0,5.1,21.04,
huevalue_wp0.75_g1.4_k1.5_s0.7,main,0.75,1.4,1.5,0.7,81,330.0,0.05,0.11,
huevalue_wp0.75_g1.4_k1.5_s0.7,main,0.75,1.4,1.5,0.7,122,0.0,0.14,254.95,
huevalue_wp0.75_g1.4_k1.5_s0.7,main,0.75,1.4,1.5,0.7,122,30.0,4.33,166.9,
huevalue_wp0.75_g1.4_k1.5_s0.7,main,0.75,1.4,1.5,0.7,122,60.0,32.81,71.25,25.6
huevalue_wp0.75_g1.4_k1.5_s0.7,main,0.75,1.4,1.5,0.7,122,90.0,29.94,44.93,45.1
huevalue_wp0.75_g1.4_k1.5_s0.7,main,0.75,1.4,1.5,0.7,122,120.0,9.81,3.83,110.8
huevalue_wp0.75_g1.4_k1.5_s0.7,main,0.75,1.4,1.5,0.7,122,150.0,20.45,17.07,111.5
huevalue_wp0.75_g1.4_k1.5_s0.7,main,0.75,1.4,1.5,0.7,122,180.0,23.28,76.4,157.0
huevalue_wp0.75_g1.4_k1.5_s0.7,main,0.75,1.4,1.5,0.7,122,210.0,47.51,108.24,200.4
huevalue_wp0.75_g1.4_k1.5_s0.7,main,0.75,1.4,1.5,0.7,122,240.0,59.94,110.34,214.0
huevalue_wp0.75_g1.4_k1.5_s0.7,main,0.75,1.4,1.5,0.7,122,270.0,51.76,112.88,222.9
huevalue_wp0.75_g1.4_k1.5_s0.7,main,0.75,1.4,1.5,0.7,122,300.0,36.72,53.92,247.5
huevalue_wp0.75_g1.4_k1.5_s0.7,main,0.75,1.4,1.5,0.7,122,330.0,9.63,3.21,360.0
huevalue_wp0.75_g1.4_k1.5_s0.7,main,0.75,1.4,1.5,0.7,163,0.0,2.22,253.97,
huevalue_wp0.75_g1.4_k1.5_s0.7,main,0.75,1.4,1.5,0.7,163,30.0,47.04,85.47,3.0
huevalue_wp0.75_g1.4_k1.5_s0.7,main,0.75,1.4,1.5,0.7,163,60.0,75.55,57.11,30.5
huevalue_wp0.75_g1.4_k1.5_s0.7,main,0.75,1.4,1.5,0.7,163,90.0,63.36,53.29,53.3
huevalue_wp0.75_g1.4_k1.5_s0.7,main,0.75,1.4,1.5,0.7,163,120.0,44.45,26.97,95.2
huevalue_wp0.75_g1.4_k1.5_s0.7,main,0.75,1.4,1.5,0.7,163,150.0,43.04,93.02,149.7
huevalue_wp0.75_g1.4_k1.5_s0.7,main,0.75,1.4,1.5,0.7,163,180.0,41.4,125.58,173.6
huevalue_wp0.75_g1.4_k1.5_s0.7,main,0.75,1.4,1.5,0.7,163,210.0,67.89,142.41,196.6
huevalue_wp0.75_g1.4_k1.5_s0.7,main,0.75,1.4,1.5,0.7,163,240.0,87.69,135.06,209.9
huevalue_wp0.75_g1.4_k1.5_s0.7,main,0.75,1.4,1.5,0.7,163,270.0,78.49,115.33,215.6
huevalue_wp0.75_g1.4_k1.5_s0.7,main,0.75,1.4,1.5,0.7,163,300.0,50.31,76.74,236.4
huevalue_wp0.75_g1.4_k1.5_s0.7,main,0.75,1.4,1.5,0.7,163,330.0,39.33,15.08,356.3
huevalue_wp0.75_g1.4_k1.5_s0.7,main,0.75,1.4,1.5,0.7,204,0.0,3.85,243.88,
huevalue_wp0.75_g1.4_k1.5_s0.7,main,0.75,1.4,1.5,0.7,204,30.0,126.82,49.69,8.1
huevalue_wp0.75_g1.4_k1.5_s0.7,main,0.75,1.4,1.5,0.7,204,60.0,136.92,98.29,32.4
huevalue_wp0.75_g1.4_k1.5_s0.7,main,0.75,1.4,1.5,0.7,204,90.0,145.6,150.66,46.8
huevalue_wp0.75_g1.4_k1.5_s0.7,main,0.75,1.4,1.5,0.7,204,120.0,85.27,142.16,66.6
huevalue_wp0.75_g1.4_k1.5_s0.7,main,0.75,1.4,1.5,0.7,204,150.0,41.77,128.22,97.0
huevalue_wp0.75_g1.4_k1.5_s0.7,main,0.75,1.4,1.5,0.7,204,180.0,38.08,171.44,158.8
huevalue_wp0.75_g1.4_k1.5_s0.7,main,0.75,1.4,1.5,0.7,204,210.0,87.28,149.74,198.3
huevalue_wp0.75_g1.4_k1.5_s0.7,main,0.75,1.4,1.5,0.7,204,240.0,116.27,134.89,207.9
huevalue_wp0.75_g1.4_k1.5_s0.7,main,0.75,1.4,1.5,0.7,204,270.0,95.12,150.41,204.6
huevalue_wp0.75_g1.4_k1.5_s0.7,main,0.75,1.4,1.5,0.7,204,300.0,35.56,125.55,218.9
huevalue_wp0.75_g1.4_k1.5_s0.7,main,0.75,1.4,1.5,0.7,204,330.0,55.87,41.2,357.4
huevalue_wp0.75_g1.4_k1.5_s0.7,main,0.75,1.4,1.5,0.7,245,0.0,4.4,240.1,
huevalue_wp0.75_g1.4_k1.5_s0.7,main,0.75,1.4,1.5,0.7,245,30.0,186.24,92.7,12.0
huevalue_wp0.75_g1.4_k1.5_s0.7,main,0.75,1.4,1.5,0.7,245,60.0,141.24,179.39,29.3
huevalue_wp0.75_g1.4_k1.5_s0.7,main,0.75,1.4,1.5,0.7,245,90.0,93.53,221.22,56.2
huevalue_wp0.75_g1.4_k1.5_s0.7,main,0.75,1.4,1.5,0.7,245,120.0,63.26,188.04,57.8
huevalue_wp0.75_g1.4_k1.5_s0.7,main,0.75,1.4,1.5,0.7,245,150.0,39.0,164.22,106.3
huevalue_wp0.75_g1.4_k1.5_s0.7,main,0.75,1.4,1.5,0.7,245,180.0,16.85,236.58,168.8
huevalue_wp0.75_g1.4_k1.5_s0.7,main,0.75,1.4,1.5,0.7,245,210.0,62.49,196.54,195.9
huevalue_wp0.75_g1.4_k1.5_s0.7,main,0.75,1.4,1.5,0.7,245,240.0,152.69,85.67,206.6
huevalue_wp0.75_g1.4_k1.5_s0.7,main,0.75,1.4,1.5,0.7,245,270.0,61.48,204.1,200.0
huevalue_wp0.75_g1.4_k1.5_s0.7,main,0.75,1.4,1.5,0.7,245,300.0,4.95,189.37,
huevalue_wp0.75_g1.4_k1.5_s0.7,main,0.75,1.4,1.5,0.7,245,330.0,103.83,131.28,12.4
huevalue_wp0.88_g1.8_k2.0_s0.7,main,0.88,1.8,2.0,0.7,40,0.0,0.97,222.24,
huevalue_wp0.88_g1.8_k2.0_s0.7,main,0.88,1.8,2.0,0.7,40,30.0,1.15,254.59,
huevalue_wp0.88_g1.8_k2.0_s0.7,main,0.88,1.8,2.0,0.7,40,60.0,4.54,52.21,
huevalue_wp0.88_g1.8_k2.0_s0.7,main,0.88,1.8,2.0,0.7,40,90.0,4.65,57.12,
huevalue_wp0.88_g1.8_k2.0_s0.7,main,0.88,1.8,2.0,0.7,40,120.0,5.11,56.97,
huevalue_wp0.88_g1.8_k2.0_s0.7,main,0.88,1.8,2.0,0.7,40,150.0,2.81,13.48,
huevalue_wp0.88_g1.8_k2.0_s0.7,main,0.88,1.8,2.0,0.7,40,180.0,2.72,15.65,
huevalue_wp0.88_g1.8_k2.0_s0.7,main,0.88,1.8,2.0,0.7,40,210.0,5.68,52.44,
huevalue_wp0.88_g1.8_k2.0_s0.7,main,0.88,1.8,2.0,0.7,40,240.0,6.74,70.22,
huevalue_wp0.88_g1.8_k2.0_s0.7,main,0.88,1.8,2.0,0.7,40,270.0,6.13,75.48,
huevalue_wp0.88_g1.8_k2.0_s0.7,main,0.88,1.8,2.0,0.7,40,300.0,3.4,56.69,
huevalue_wp0.88_g1.8_k2.0_s0.7,main,0.88,1.8,2.0,0.7,40,330.0,2.66,40.35,
huevalue_wp0.88_g1.8_k2.0_s0.7,main,0.88,1.8,2.0,0.7,81,0.0,1.26,254.57,
huevalue_wp0.88_g1.8_k2.0_s0.7,main,0.88,1.8,2.0,0.7,81,30.0,4.96,240.89,
huevalue_wp0.88_g1.8_k2.0_s0.7,main,0.88,1.8,2.0,0.7,81,60.0,1.04,56.51,
huevalue_wp0.88_g1.8_k2.0_s0.7,main,0.88,1.8,2.0,0.7,81,90.0,1.56,54.96,
huevalue_wp0.88_g1.8_k2.0_s0.7,main,0.88,1.8,2.0,0.7,81,120.0,2.14,13.56,
huevalue_wp0.88_g1.8_k2.0_s0.7,main,0.88,1.8,2.0,0.7,81,150.0,0.0,0.0,
huevalue_wp0.88_g1.8_k2.0_s0.7,main,0.88,1.8,2.0,0.7,81,180.0,0.87,7.04,
huevalue_wp0.88_g1.8_k2.0_s0.7,main,0.88,1.8,2.0,0.7,81,210.0,4.85,50.34,
huevalue_wp0.88_g1.8_k2.0_s0.7,main,0.88,1.8,2.0,0.7,81,240.0,9.43,52.07,214.6
huevalue_wp0.88_g1.8_k2.0_s0.7,main,0.88,1.8,2.0,0.7,81,270.0,10.33,55.15,223.8
huevalue_wp0.88_g1.8_k2.0_s0.7,main,0.88,1.8,2.0,0.7,81,300.0,0.88,0.7,
huevalue_wp0.88_g1.8_k2.0_s0.7,main,0.88,1.8,2.0,0.7,81,330.0,0.63,0.97,
huevalue_wp0.88_g1.8_k2.0_s0.7,main,0.88,1.8,2.0,0.7,122,0.0,0.54,254.81,
huevalue_wp0.88_g1.8_k2.0_s0.7,main,0.88,1.8,2.0,0.7,122,30.0,0.55,154.2,
huevalue_wp0.88_g1.8_k2.0_s0.7,main,0.88,1.8,2.0,0.7,122,60.0,25.29,69.36,18.3
huevalue_wp0.88_g1.8_k2.0_s0.7,main,0.88,1.8,2.0,0.7,122,90.0,24.23,26.61,37.8
huevalue_wp0.88_g1.8_k2.0_s0.7,main,0.88,1.8,2.0,0.7,122,120.0,1.69,0.92,
huevalue_wp0.88_g1.8_k2.0_s0.7,main,0.88,1.8,2.0,0.7,122,150.0,15.08,16.75,104.7
huevalue_wp0.88_g1.8_k2.0_s0.7,main,0.88,1.8,2.0,0.7,122,180.0,13.76,79.9,157.3
huevalue_wp0.88_g1.8_k2.0_s0.7,main,0.88,1.8,2.0,0.7,122,210.0,43.27,102.78,205.5
huevalue_wp0.88_g1.8_k2.0_s0.7,main,0.88,1.8,2.0,0.7,122,240.0,53.47,105.41,215.6
huevalue_wp0.88_g1.8_k2.0_s0.7,main,0.88,1.8,2.0,0.7,122,270.0,41.81,95.44,230.8
huevalue_wp0.88_g1.8_k2.0_s0.7,main,0.88,1.8,2.0,0.7,122,300.0,32.49,42.63,251.1
huevalue_wp0.88_g1.8_k2.0_s0.7,main,0.88,1.8,2.0,0.7,122,330.0,0.76,0.27,
huevalue_wp0.88_g1.8_k2.0_s0.7,main,0.88,1.8,2.0,0.7,163,0.0,1.77,253.96,
huevalue_wp0.88_g1.8_k2.0_s0.7,main,0.88,1.8,2.0,0.7,163,30.0,47.38,74.04,2.7
huevalue_wp0.88_g1.8_k2.0_s0.7,main,0.88,1.8,2.0,0.7,163,60.0,71.5,52.39,32.3
huevalue_wp0.88_g1.8_k2.0_s0.7,main,0.88,1.8,2.0,0.7,163,90.0,62.83,48.63,50.4
huevalue_wp0.88_g1.8_k2.0_s0.7,main,0.88,1.8,2.0,0.7,163,120.0,43.25,26.62,86.0
huevalue_wp0.88_g1.8_k2.0_s0.7,main,0.88,1.8,2.0,0.7,163,150.0,38.93,96.16,147.8
huevalue_wp0.88_g1.8_k2.0_s0.7,main,0.88,1.8,2.0,0.7,163,180.0,39.31,125.31,174.7
huevalue_wp0.88_g1.8_k2.0_s0.7,main,0.88,1.8,2.0,0.7,163,210.0,64.15,140.83,197.0
huevalue_wp0.88_g1.8_k2.0_s0.7,main,0.88,1.8,2.0,0.7,163,240.0,86.01,132.8,211.2
huevalue_wp0.88_g1.8_k2.0_s0.7,main,0.88,1.8,2.0,0.7,163,270.0,75.12,107.71,217.9
huevalue_wp0.88_g1.8_k2.0_s0.7,main,0.88,1.8,2.0,0.7,163,300.0,47.97,70.55,237.9
huevalue_wp0.88_g1.8_k2.0_s0.7,main,0.88,1.8,2.0,0.7,163,330.0,33.99,16.89,354.5
huevalue_wp0.88_g1.8_k2.0_s0.7,main,0.88,1.8,2.0,0.7,204,0.0,6.03,241.41,
huevalue_wp0.88_g1.8_k2.0_s0.7,main,0.88,1.8,2.0,0.7,204,30.0,139.42,61.0,12.3
huevalue_wp0.88_g1.8_k2.0_s0.7,main,0.88,1.8,2.0,0.7,204,60.0,142.43,129.23,30.4
huevalue_wp0.88_g1.8_k2.0_s0.7,main,0.88,1.8,2.0,0.7,204,90.0,145.32,180.17,44.5
huevalue_wp0.88_g1.8_k2.0_s0.7,main,0.88,1.8,2.0,0.7,204,120.0,79.99,167.95,62.7
huevalue_wp0.88_g1.8_k2.0_s0.7,main,0.88,1.8,2.0,0.7,204,150.0,42.61,153.6,87.4
huevalue_wp0.88_g1.8_k2.0_s0.7,main,0.88,1.8,2.0,0.7,204,180.0,29.98,198.56,144.2
huevalue_wp0.88_g1.8_k2.0_s0.7,main,0.88,1.8,2.0,0.7,204,210.0,80.44,169.83,197.5
huevalue_wp0.88_g1.8_k2.0_s0.7,main,0.88,1.8,2.0,0.7,204,240.0,112.6,148.65,206.2
huevalue_wp0.88_g1.8_k2.0_s0.7,main,0.88,1.8,2.0,0.7,204,270.0,86.97,168.62,202.1
huevalue_wp0.88_g1.8_k2.0_s0.7,main,0.88,1.8,2.0,0.7,204,300.0,27.12,152.12,207.7
huevalue_wp0.88_g1.8_k2.0_s0.7,main,0.88,1.8,2.0,0.7,204,330.0,54.95,85.34,358.3
huevalue_wp0.88_g1.8_k2.0_s0.7,main,0.88,1.8,2.0,0.7,245,0.0,5.85,237.79,
huevalue_wp0.88_g1.8_k2.0_s0.7,main,0.88,1.8,2.0,0.7,245,30.0,150.1,145.41,13.9
huevalue_wp0.88_g1.8_k2.0_s0.7,main,0.88,1.8,2.0,0.7,245,60.0,94.3,208.13,30.8
huevalue_wp0.88_g1.8_k2.0_s0.7,main,0.88,1.8,2.0,0.7,245,90.0,57.63,235.7,59.8
huevalue_wp0.88_g1.8_k2.0_s0.7,main,0.88,1.8,2.0,0.7,245,120.0,47.17,221.78,53.3
huevalue_wp0.88_g1.8_k2.0_s0.7,main,0.88,1.8,2.0,0.7,245,150.0,24.61,206.7,100.8
huevalue_wp0.88_g1.8_k2.0_s0.7,main,0.88,1.8,2.0,0.7,245,180.0,10.74,249.26,177.8
huevalue_wp0.88_g1.8_k2.0_s0.7,main,0.88,1.8,2.0,0.7,245,210.0,32.16,230.63,189.0
huevalue_wp0.88_g1.8_k2.0_s0.7,main,0.88,1.8,2.0,0.7,245,240.0,115.99,135.05,198.7
huevalue_wp0.88_g1.8_k2.0_s0.7,main,0.88,1.8,2.0,0.7,245,270.0,35.57,234.92,193.7
huevalue_wp0.88_g1.8_k2.0_s0.7,main,0.88,1.8,2.0,0.7,245,300.0,17.56,234.48,171.0
huevalue_wp0.88_g1.8_k2.0_s0.7,main,0.88,1.8,2.0,0.7,245,330.0,91.37,182.75,14.8
huevalue_wp0.75_g1.4_k1.5_s0.85,main,0.75,1.4,1.5,0.85,40,0.0,1.05,192.02,
huevalue_wp0.75_g1.4_k1.5_s0.85,main,0.75,1.4,1.5,0.85,40,30.0,0.13,254.83,
huevalue_wp0.75_g1.4_k1.5_s0.85,main,0.75,1.4,1.5,0.85,40,60.0,2.74,46.09,
huevalue_wp0.75_g1.4_k1.5_s0.85,main,0.75,1.4,1.5,0.85,40,90.0,4.12,62.57,
huevalue_wp0.75_g1.4_k1.5_s0.85,main,0.75,1.4,1.5,0.85,40,120.0,1.54,56.06,
huevalue_wp0.75_g1.4_k1.5_s0.85,main,0.75,1.4,1.5,0.85,40,150.0,2.58,21.35,
huevalue_wp0.75_g1.4_k1.5_s0.85,main,0.75,1.4,1.5,0.85,40,180.0,1.99,7.61,
huevalue_wp0.75_g1.4_k1.5_s0.85,main,0.75,1.4,1.5,0.85,40,210.0,3.63,36.21,
huevalue_wp0.75_g1.4_k1.5_s0.85,main,0.75,1.4,1.5,0.85,40,240.0,7.86,53.98,
huevalue_wp0.75_g1.4_k1.5_s0.85,main,0.75,1.4,1.5,0.85,40,270.0,4.96,53.25,
huevalue_wp0.75_g1.4_k1.5_s0.85,main,0.75,1.4,1.5,0.85,40,300.0,1.73,20.8,
huevalue_wp0.75_g1.4_k1.5_s0.85,main,0.75,1.4,1.5,0.85,40,330.0,0.97,3.89,
huevalue_wp0.75_g1.4_k1.5_s0.85,main,0.75,1.4,1.5,0.85,81,0.0,0.09,254.73,
huevalue_wp0.75_g1.4_k1.5_s0.85,main,0.75,1.4,1.5,0.85,81,30.0,0.57,254.46,
huevalue_wp0.75_g1.4_k1.5_s0.85,main,0.75,1.4,1.5,0.85,81,60.0,6.81,56.64,
huevalue_wp0.75_g1.4_k1.5_s0.85,main,0.75,1.4,1.5,0.85,81,90.0,6.22,55.31,
huevalue_wp0.75_g1.4_k1.5_s0.85,main,0.75,1.4,1.5,0.85,81,120.0,1.35,36.57,
huevalue_wp0.75_g1.4_k1.5_s0.85,main,0.75,1.4,1.5,0.85,81,150.0,0.0,0.0,
huevalue_wp0.75_g1.4_k1.5_s0.85,main,0.75,1.4,1.5,0.85,81,180.0,0.39,2.88,
huevalue_wp0.75_g1.4_k1.5_s0.85,main,0.75,1.4,1.5,0.85,81,210.0,8.09,50.84,208.8
huevalue_wp0.75_g1.4_k1.5_s0.85,main,0.75,1.4,1.5,0.85,81,240.0,16.7,55.32,229.1
huevalue_wp0.75_g1.4_k1.5_s0.85,main,0.75,1.4,1.5,0.85,81,270.0,22.37,59.17,225.9
huevalue_wp0.75_g1.4_k1.5_s0.85,main,0.75,1.4,1.5,0.85,81,300.0,3.12,1.62,
huevalue_wp0.75_g1.4_k1.5_s0.85,main,0.75,1.4,1.5,0.85,81,330.0,0.03,0.01,
huevalue_wp0.75_g1.4_k1.5_s0.85,main,0.75,1.4,1.5,0.85,122,0.0,0.02,254.99,
huevalue_wp0.75_g1.4_k1.5_s0.85,main,0.75,1.4,1.5,0.85,122,30.0,4.86,195.97,
huevalue_wp0.75_g1.4_k1.5_s0.85,main,0.75,1.4,1.5,0.85,122,60.0,35.04,70.47,16.3
huevalue_wp0.75_g1.4_k1.5_s0.85,main,0.75,1.4,1.5,0.85,122,90.0,26.01,58.09,46.2
huevalue_wp0.75_g1.4_k1.5_s0.85,main,0.75,1.4,1.5,0.85,122,120.0,9.81,3.83,110.9
huevalue_wp0.75_g1.4_k1.5_s0.85,main,0.75,1.4,1.5,0.85,122,150.0,20.51,15.3,110.3
huevalue_wp0.75_g1.4_k1.5_s0.85,main,0.75,1.4,1.5,0.85,122,180.0,11.89,74.47,124.3
huevalue_wp0.75_g1.4_k1.5_s0.85,main,0.75,1.4,1.5,0.85,122,210.0,46.38,108.86,203.1
huevalue_wp0.75_g1.4_k1.5_s0.85,main,0.75,1.4,1.5,0.85,122,240.0,63.7,110.43,213.7
huevalue_wp0.75_g1.4_k1.5_s0.85,main,0.75,1.4,1.5,0.85,122,270.0,60.09,104.8,220.2
huevalue_wp0.75_g1.4_k1.5_s0.85,main,0.75,1.4,1.5,0.85,122,300.0,35.81,50.35,247.1
huevalue_wp0.75_g1.4_k1.5_s0.85,main,0.75,1.4,1.5,0.85,122,330.0,13.47,4.5,359.9
huevalue_wp0.75_g1.4_k1.5_s0.85,main,0.75,1.4,1.5,0.85,163,0.0,0.8,253.73,
huevalue_wp0.75_g1.4_k1.5_s0.85,main,0.75,1.4,1.5,0.85,163,30.0,44.9,118.23,2.7
huevalue_wp0.75_g1.4_k1.5_s0.85,main,0.75,1.4,1.5,0.85,163,60.0,73.42,78.68,23.7
huevalue_wp0.75_g1.4_k1.5_s0.85,main,0.75,1.4,1.5,0.85,163,90.0,64.81,54.52,53.5
huevalue_wp0.75_g1.4_k1.5_s0.85,main,0.75,1.4,1.5,0.85,163,120.0,45.39,25.22,106.0
huevalue_wp0.75_g1.4_k1.5_s0.85,main,0.75,1.4,1.5,0.85,163,150.0,41.01,81.24,144.2
huevalue_wp0.75_g1.4_k1.5_s0.85,main,0.75,1.4,1.5,0.85,163,180.0,38.66,123.58,167.3
huevalue_wp0.75_g1.4_k1.5_s0.85,main,0.75,1.4,1.5,0.85,163,210.0,69.65,144.26,198.6
huevalue_wp0.75_g1.4_k1.5_s0.85,main,0.75,1.4,1.5,0.85,163,240.0,89.43,136.69,210.4
huevalue_wp0.75_g1.4_k1.5_s0.85,main,0.75,1.4,1.5,0.85,163,270.0,86.24,114.84,215.2
huevalue_wp0.75_g1.4_k1.5_s0.85,main,0.75,1.4,1.5,0.85,163,300.0,51.41,74.94,236.3
huevalue_wp0.75_g1.4_k1.5_s0.85,main,0.75,1.4,1.5,0.85,163,330.0,50.73,19.32,358.8
huevalue_wp0.75_g1.4_k1.5_s0.85,main,0.75,1.4,1.5,0.85,204,0.0,3.46,243.76,
huevalue_wp0.75_g1.4_k1.5_s0.85,main,0.75,1.4,1.5,0.85,204,30.0,135.55,67.86,2.5
huevalue_wp0.75_g1.4_k1.5_s0.85,main,0.75,1.4,1.5,0.85,204,60.0,149.58,96.84,28.3
huevalue_wp0.75_g1.4_k1.5_s0.85,main,0.75,1.4,1.5,0.85,204,90.0,172.98,145.11,46.2
huevalue_wp0.75_g1.4_k1.5_s0.85,main,0.75,1.4,1.5,0.85,204,120.0,97.04,119.24,66.9
huevalue_wp0.75_g1.4_k1.5_s0.85,main,0.75,1.4,1.5,0.85,204,150.0,38.74,114.48,107.3
huevalue_wp0.75_g1.4_k1.5_s0.85,main,0.75,1.4,1.5,0.85,204,180.0,33.34,168.29,155.2
huevalue_wp0.75_g1.4_k1.5_s0.85,main,0.75,1.4,1.5,0.85,204,210.0,82.21,156.96,199.4
huevalue_wp0.75_g1.4_k1.5_s0.85,main,0.75,1.4,1.5,0.85,204,240.0,113.49,137.62,210.5
huevalue_wp0.75_g1.4_k1.5_s0.85,main,0.75,1.4,1.5,0.85,204,270.0,95.43,156.76,205.2
huevalue_wp0.75_g1.4_k1.5_s0.85,main,0.75,1.4,1.5,0.85,204,300.0,27.6,140.55,219.7
huevalue_wp0.75_g1.4_k1.5_s0.85,main,0.75,1.4,1.5,0.85,204,330.0,83.87,49.66,5.7
huevalue_wp0.75_g1.4_k1.5_s0.85,main,0.75,1.4,1.5,0.85,245,0.0,3.67,237.85,
huevalue_wp0.75_g1.4_k1.5_s0.85,main,0.75,1.4,1.5,0.85,245,30.0,219.96,83.34,6.7
huevalue_wp0.75_g1.4_k1.5_s0.85,main,0.75,1.4,1.5,0.85,245,60.0,181.88,163.59,29.8
huevalue_wp0.75_g1.4_k1.5_s0.85,main,0.75,1.4,1.5,0.85,245,90.0,130.6,207.34,55.1
huevalue_wp0.75_g1.4_k1.5_s0.85,main,0.75,1.4,1.5,0.85,245,120.0,87.04,184.36,53.9
huevalue_wp0.75_g1.4_k1.5_s0.85,main,0.75,1.4,1.5,0.85,245,150.0,39.93,138.57,109.6
huevalue_wp0.75_g1.4_k1.5_s0.85,main,0.75,1.4,1.5,0.85,245,180.0,15.21,231.81,165.3
huevalue_wp0.75_g1.4_k1.5_s0.85,main,0.75,1.4,1.5,0.85,245,210.0,56.84,203.49,198.2
huevalue_wp0.75_g1.4_k1.5_s0.85,main,0.75,1.4,1.5,0.85,245,240.0,145.76,83.98,208.0
huevalue_wp0.75_g1.4_k1.5_s0.85,main,0.75,1.4,1.5,0.85,245,270.0,58.21,209.28,201.1
huevalue_wp0.75_g1.4_k1.5_s0.85,main,0.75,1.4,1.5,0.85,245,300.0,11.82,203.08,8.8
huevalue_wp0.75_g1.4_k1.5_s0.85,main,0.75,1.4,1.5,0.85,245,330.0,143.08,133.43,13.5
huevalue_wp0.64_g1.8_k2.0_s0.7,main,0.64,1.8,2.0,0.7,40,0.0,1.35,192.44,
huevalue_wp0.64_g1.8_k2.0_s0.7,main,0.64,1.8,2.0,0.7,40,30.0,0.02,254.99,
huevalue_wp0.64_g1.8_k2.0_s0.7,main,0.64,1.8,2.0,0.7,40,60.0,3.52,13.94,
huevalue_wp0.64_g1.8_k2.0_s0.7,main,0.64,1.8,2.0,0.7,40,90.0,6.46,27.25,
huevalue_wp0.64_g1.8_k2.0_s0.7,main,0.64,1.8,2.0,0.7,40,120.0,9.6,22.41,48.0
huevalue_wp0.64_g1.8_k2.0_s0.7,main,0.64,1.8,2.0,0.7,40,150.0,3.99,9.7,
huevalue_wp0.64_g1.8_k2.0_s0.7,main,0.64,1.8,2.0,0.7,40,180.0,0.02,0.01,
huevalue_wp0.64_g1.8_k2.0_s0.7,main,0.64,1.8,2.0,0.7,40,210.0,0.83,8.73,
huevalue_wp0.64_g1.8_k2.0_s0.7,main,0.64,1.8,2.0,0.7,40,240.0,2.94,25.16,
huevalue_wp0.64_g1.8_k2.0_s0.7,main,0.64,1.8,2.0,0.7,40,270.0,2.86,28.49,
huevalue_wp0.64_g1.8_k2.0_s0.7,main,0.64,1.8,2.0,0.7,40,300.0,3.09,11.63,
huevalue_wp0.64_g1.8_k2.0_s0.7,main,0.64,1.8,2.0,0.7,40,330.0,0.0,0.0,
huevalue_wp0.64_g1.8_k2.0_s0.7,main,0.64,1.8,2.0,0.7,81,0.0,0.31,254.5,
huevalue_wp0.64_g1.8_k2.0_s0.7,main,0.64,1.8,2.0,0.7,81,30.0,1.04,252.69,
huevalue_wp0.64_g1.8_k2.0_s0.7,main,0.64,1.8,2.0,0.7,81,60.0,8.32,30.33,40.1
huevalue_wp0.64_g1.8_k2.0_s0.7,main,0.64,1.8,2.0,0.7,81,90.0,12.69,31.74,29.2
huevalue_wp0.64_g1.8_k2.0_s0.7,main,0.64,1.8,2.0,0.7,81,120.0,5.89,20.45,
huevalue_wp0.64_g1.8_k2.0_s0.7,main,0.64,1.8,2.0,0.7,81,150.0,3.07,1.11,
huevalue_wp0.64_g1.8_k2.0_s0.7,main,0.64,1.8,2.0,0.7,81,180.0,8.69,9.74,28.4
huevalue_wp0.64_g1.8_k2.0_s0.7,main,0.64,1.8,2.0,0.7,81,210.0,4.66,54.03,
huevalue_wp0.64_g1.8_k2.0_s0.7,main,0.64,1.8,2.0,0.7,81,240.0,18.0,63.7,247.6
huevalue_wp0.64_g1.8_k2.0_s0.7,main,0.64,1.8,2.0,0.7,81,270.0,24.53,75.15,248.4
huevalue_wp0.64_g1.8_k2.0_s0.7,main,0.64,1.8,2.0,0.7,81,300.0,16.55,31.12,290.2
huevalue_wp0.64_g1.8_k2.0_s0.7,main,0.64,1.8,2.0,0.7,81,330.0,0.01,0.0,
huevalue_wp0.64_g1.8_k2.0_s0.7,main,0.64,1.8,2.0,0.7,122,0.0,1.06,253.95,
huevalue_wp0.64_g1.8_k2.0_s0.7,main,0.64,1.8,2.0,0.7,122,30.0,3.85,182.54,
huevalue_wp0.64_g1.8_k2.0_s0.7,main,0.64,1.8,2.0,0.7,122,60.0,29.77,43.41,22.1
huevalue_wp0.64_g1.8_k2.0_s0.7,main,0.64,1.8,2.0,0.7,122,90.0,28.61,37.52,36.9
huevalue_wp0.64_g1.8_k2.0_s0.7,main,0.64,1.8,2.0,0.7,122,120.0,6.71,3.83,
huevalue_wp0.64_g1.8_k2.0_s0.7,main,0.64,1.8,2.0,0.7,122,150.0,17.5,16.23,60.4
huevalue_wp0.64_g1.8_k2.0_s0.7,main,0.64,1.8,2.0,0.7,122,180.0,4.87,55.74,
huevalue_wp0.64_g1.8_k2.0_s0.7,main,0.64,1.8,2.0,0.7,122,210.0,24.7,86.84,218.4
huevalue_wp0.64_g1.8_k2.0_s0.7,main,0.64,1.8,2.0,0.7,122,240.0,37.38,95.86,233.6
huevalue_wp0.64_g1.8_k2.0_s0.7,main,0.64,1.8,2.0,0.7,122,270.0,36.77,100.12,248.5
huevalue_wp0.64_g1.8_k2.0_s0.7,main,0.64,1.8,2.0,0.7,122,300.0,30.05,50.94,279.8
huevalue_wp0.64_g1.8_k2.0_s0.7,main,0.64,1.8,2.0,0.7,122,330.0,1.53,0.51,
huevalue_wp0.64_g1.8_k2.0_s0.7,main,0.64,1.8,2.0,0.7,163,0.0,3.32,251.38,
huevalue_wp0.64_g1.8_k2.0_s0.7,main,0.64,1.8,2.0,0.7,163,30.0,32.23,102.61,3.7
huevalue_wp0.64_g1.8_k2.0_s0.7,main,0.64,1.8,2.0,0.7,163,60.0,60.26,57.71,24.9
huevalue_wp0.64_g1.8_k2.0_s0.7,main,0.64,1.8,2.0,0.7,163,90.0,48.55,37.48,42.5
huevalue_wp0.64_g1.8_k2.0_s0.7,main,0.64,1.8,2.0,0.7,163,120.0,30.33,17.9,92.2
huevalue_wp0.64_g1.8_k2.0_s0.7,main,0.64,1.8,2.0,0.7,163,150.0,17.61,34.3,120.9
huevalue_wp0.64_g1.8_k2.0_s0.7,main,0.64,1.8,2.0,0.7,163,180.0,27.35,46.59,183.0
huevalue_wp0.64_g1.8_k2.0_s0.7,main,0.64,1.8,2.0,0.7,163,210.0,50.13,57.92,200.5
huevalue_wp0.64_g1.8_k2.0_s0.7,main,0.64,1.8,2.0,0.7,163,240.0,70.28,110.29,221.9
huevalue_wp0.64_g1.8_k2.0_s0.7,main,0.64,1.8,2.0,0.7,163,270.0,60.23,116.16,229.5
huevalue_wp0.64_g1.8_k2.0_s0.7,main,0.64,1.8,2.0,0.7,163,300.0,39.26,72.45,256.0
huevalue_wp0.64_g1.8_k2.0_s0.7,main,0.64,1.8,2.0,0.7,163,330.0,22.66,7.63,0.0
huevalue_wp0.64_g1.8_k2.0_s0.7,main,0.64,1.8,2.0,0.7,204,0.0,2.4,250.81,
huevalue_wp0.64_g1.8_k2.0_s0.7,main,0.64,1.8,2.0,0.7,204,30.0,91.75,50.42,11.4
huevalue_wp0.64_g1.8_k2.0_s0.7,main,0.64,1.8,2.0,0.7,204,60.0,86.35,69.39,26.1
huevalue_wp0.64_g1.8_k2.0_s0.7,main,0.64,1.8,2.0,0.7,204,90.0,112.41,102.52,47.8
huevalue_wp0.64_g1.8_k2.0_s0.7,main,0.64,1.8,2.0,0.7,204,120.0,67.38,78.0,66.5
huevalue_wp0.64_g1.8_k2.0_s0.7,main,0.64,1.8,2.0,0.7,204,150.0,35.94,40.97,127.6
huevalue_wp0.64_g1.8_k2.0_s0.7,main,0.64,1.8,2.0,0.7,204,180.0,47.63,95.62,178.8
huevalue_wp0.64_g1.8_k2.0_s0.7,main,0.64,1.8,2.0,0.7,204,210.0,70.74,134.36,201.8
huevalue_wp0.64_g1.8_k2.0_s0.7,main,0.64,1.8,2.0,0.7,204,240.0,94.53,54.18,224.0
huevalue_wp0.64_g1.8_k2.0_s0.7,main,0.64,1.8,2.0,0.7,204,270.0,77.42,135.04,221.6
huevalue_wp0.64_g1.8_k2.0_s0.7,main,0.64,1.8,2.0,0.7,204,300.0,39.97,103.06,235.0
huevalue_wp0.64_g1.8_k2.0_s0.7,main,0.64,1.8,2.0,0.7,204,330.0,46.23,20.54,0.4
huevalue_wp0.64_g1.8_k2.0_s0.7,main,0.64,1.8,2.0,0.7,245,0.0,2.5,251.08,
huevalue_wp0.64_g1.8_k2.0_s0.7,main,0.64,1.8,2.0,0.7,245,30.0,0.37,0.31,
huevalue_wp0.64_g1.8_k2.0_s0.7,main,0.64,1.8,2.0,0.7,245,60.0,2.08,3.69,
huevalue_wp0.64_g1.8_k2.0_s0.7,main,0.64,1.8,2.0,0.7,245,90.0,141.5,69.12,212.3
huevalue_wp0.64_g1.8_k2.0_s0.7,main,0.64,1.8,2.0,0.7,245,120.0,108.06,85.04,209.0
huevalue_wp0.64_g1.8_k2.0_s0.7,main,0.64,1.8,2.0,0.7,245,150.0,34.74,86.15,140.3
huevalue_wp0.64_g1.8_k2.0_s0.7,main,0.64,1.8,2.0,0.7,245,180.0,124.84,130.65,6.0
huevalue_wp0.64_g1.8_k2.0_s0.7,main,0.64,1.8,2.0,0.7,245,210.0,222.32,110.65,4.4
huevalue_wp0.64_g1.8_k2.0_s0.7,main,0.64,1.8,2.0,0.7,245,240.0,201.46,187.24,59.6
huevalue_wp0.64_g1.8_k2.0_s0.7,main,0.64,1.8,2.0,0.7,245,270.0,85.61,226.46,60.0
huevalue_wp0.64_g1.8_k2.0_s0.7,main,0.64,1.8,2.0,0.7,245,300.0,2.23,244.26,
huevalue_wp0.64_g1.8_k2.0_s0.7,main,0.64,1.8,2.0,0.7,245,330.0,6.87,244.18,
huevalue_lowv_wp0.0_g1.0,lowv,0.0,1.0,1.0,1.0,40,0.0,11.63,95.71,3.3
huevalue_lowv_wp0.0_g1.0,lowv,0.0,1.0,1.0,1.0,40,30.0,3.93,22.76,
huevalue_lowv_wp0.0_g1.0,lowv,0.0,1.0,1.0,1.0,40,60.0,1.38,3.49,
huevalue_lowv_wp0.0_g1.0,lowv,0.0,1.0,1.0,1.0,40,90.0,1.37,4.0,
huevalue_lowv_wp0.0_g1.0,lowv,0.0,1.0,1.0,1.0,40,120.0,2.55,53.85,
huevalue_lowv_wp0.0_g1.0,lowv,0.0,1.0,1.0,1.0,40,150.0,7.31,62.55,
huevalue_lowv_wp0.0_g1.0,lowv,0.0,1.0,1.0,1.0,40,180.0,22.28,68.63,220.8
huevalue_lowv_wp0.0_g1.0,lowv,0.0,1.0,1.0,1.0,40,210.0,20.78,57.16,216.0
huevalue_lowv_wp0.0_g1.0,lowv,0.0,1.0,1.0,1.0,40,240.0,22.22,13.51,230.0
huevalue_lowv_wp0.0_g1.0,lowv,0.0,1.0,1.0,1.0,40,270.0,4.22,7.36,
huevalue_lowv_wp0.0_g1.0,lowv,0.0,1.0,1.0,1.0,40,300.0,1.93,38.25,
huevalue_lowv_wp0.0_g1.0,lowv,0.0,1.0,1.0,1.0,40,330.0,0.07,254.95,
huevalue_lowv_wp0.0_g1.0,lowv,0.0,1.0,1.0,1.0,81,0.0,105.35,47.79,0.5
huevalue_lowv_wp0.0_g1.0,lowv,0.0,1.0,1.0,1.0,81,30.0,63.61,21.25,0.1
huevalue_lowv_wp0.0_g1.0,lowv,0.0,1.0,1.0,1.0,81,60.0,26.18,16.59,54.8
huevalue_lowv_wp0.0_g1.0,lowv,0.0,1.0,1.0,1.0,81,90.0,31.47,28.29,117.9
huevalue_lowv_wp0.0_g1.0,lowv,0.0,1.0,1.0,1.0,81,120.0,37.57,70.63,132.2
huevalue_lowv_wp0.0_g1.0,lowv,0.0,1.0,1.0,1.0,81,150.0,46.03,82.55,164.2
huevalue_lowv_wp0.0_g1.0,lowv,0.0,1.0,1.0,1.0,81,180.0,82.34,119.31,198.8
huevalue_lowv_wp0.0_g1.0,lowv,0.0,1.0,1.0,1.0,81,210.0,88.25,88.98,215.2
huevalue_lowv_wp0.0_g1.0,lowv,0.0,1.0,1.0,1.0,81,240.0,85.75,40.37,225.7
huevalue_lowv_wp0.0_g1.0,lowv,0.0,1.0,1.0,1.0,81,270.0,46.07,15.38,239.9
huevalue_lowv_wp0.0_g1.0,lowv,0.0,1.0,1.0,1.0,81,300.0,35.7,12.05,0.1
huevalue_lowv_wp0.0_g1.0,lowv,0.0,1.0,1.0,1.0,81,330.0,0.01,255.0,
huevalue_lowv_wp0.0_g1.0,lowv,0.0,1.0,1.0,1.0,122,0.0,199.11,66.56,0.1
huevalue_lowv_wp0.0_g1.0,lowv,0.0,1.0,1.0,1.0,122,30.0,176.56,82.82,23.7
huevalue_lowv_wp0.0_g1.0,lowv,0.0,1.0,1.0,1.0,122,60.0,172.33,157.93,45.0
huevalue_lowv_wp0.0_g1.0,lowv,0.0,1.0,1.0,1.0,122,90.0,58.0,170.58,60.5
huevalue_lowv_wp0.0_g1.0,lowv,0.0,1.0,1.0,1.0,122,120.0,38.9,136.76,155.1
huevalue_lowv_wp0.0_g1.0,lowv,0.0,1.0,1.0,1.0,122,150.0,27.78,192.13,141.5
huevalue_lowv_wp0.0_g1.0,lowv,0.0,1.0,1.0,1.0,122,180.0,50.61,190.9,194.4
huevalue_lowv_wp0.0_g1.0,lowv,0.0,1.0,1.0,1.0,122,210.0,92.5,148.63,202.3
huevalue_lowv_wp0.0_g1.0,lowv,0.0,1.0,1.0,1.0,122,240.0,98.85,123.73,196.7
huevalue_lowv_wp0.0_g1.0,lowv,0.0,1.0,1.0,1.0,122,270.0,24.88,112.83,202.7
huevalue_lowv_wp0.0_g1.0,lowv,0.0,1.0,1.0,1.0,122,300.0,110.04,37.0,359.9
huevalue_lowv_wp0.0_g1.0,lowv,0.0,1.0,1.0,1.0,122,330.0,0.01,255.0,
huevalue_lowv_wp0.0_g1.0,lowv,0.0,1.0,1.0,1.0,163,0.0,241.12,88.78,4.1
huevalue_lowv_wp0.0_g1.0,lowv,0.0,1.0,1.0,1.0,163,30.0,201.3,158.22,34.1
huevalue_lowv_wp0.0_g1.0,lowv,0.0,1.0,1.0,1.0,163,60.0,123.68,212.87,58.9
huevalue_lowv_wp0.0_g1.0,lowv,0.0,1.0,1.0,1.0,163,90.0,74.6,212.1,50.4
huevalue_lowv_wp0.0_g1.0,lowv,0.0,1.0,1.0,1.0,163,120.0,24.86,190.65,99.0
huevalue_lowv_wp0.0_g1.0,lowv,0.0,1.0,1.0,1.0,163,150.0,9.24,244.99,98.6
huevalue_lowv_wp0.0_g1.0,lowv,0.0,1.0,1.0,1.0,163,180.0,26.34,235.38,198.4
huevalue_lowv_wp0.0_g1.0,lowv,0.0,1.0,1.0,1.0,163,210.0,66.76,184.77,204.7
huevalue_lowv_wp0.0_g1.0,lowv,0.0,1.0,1.0,1.0,163,240.0,57.19,183.95,191.7
huevalue_lowv_wp0.0_g1.0,lowv,0.0,1.0,1.0,1.0,163,270.0,10.71,215.15,134.5
huevalue_lowv_wp0.0_g1.0,lowv,0.0,1.0,1.0,1.0,163,300.0,177.91,142.2,11.4
huevalue_lowv_wp0.0_g1.0,lowv,0.0,1.0,1.0,1.0,163,330.0,0.01,255.0,
huevalue_lowv_wp0.0_g1.0,lowv,0.0,1.0,1.0,1.0,204,0.0,139.4,165.22,13.2
huevalue_lowv_wp0.0_g1.0,lowv,0.0,1.0,1.0,1.0,204,30.0,112.98,208.35,46.8
huevalue_lowv_wp0.0_g1.0,lowv,0.0,1.0,1.0,1.0,204,60.0,82.86,226.97,59.3
huevalue_lowv_wp0.0_g1.0,lowv,0.0,1.0,1.0,1.0,204,90.0,76.16,211.45,54.8
huevalue_lowv_wp0.0_g1.0,lowv,0.0,1.0,1.0,1.0,204,120.0,20.68,212.22,143.6
huevalue_lowv_wp0.0_g1.0,lowv,0.0,1.0,1.0,1.0,204,150.0,5.08,253.31,
huevalue_lowv_wp0.0_g1.0,lowv,0.0,1.0,1.0,1.0,204,180.0,1.09,254.63,
huevalue_lowv_wp0.0_g1.0,lowv,0.0,1.0,1.0,1.0,204,210.0,40.13,225.45,207.7
huevalue_lowv_wp0.0_g1.0,lowv,0.0,1.0,1.0,1.0,204,240.0,33.25,229.22,184.3
huevalue_lowv_wp0.0_g1.0,lowv,0.0,1.0,1.0,1.0,204,270.0,28.58,215.2,169.3
huevalue_lowv_wp0.0_g1.0,lowv,0.0,1.0,1.0,1.0,204,300.0,55.73,212.33,11.1
huevalue_lowv_wp0.0_g1.0,lowv,0.0,1.0,1.0,1.0,204,330.0,0.01,255.0,
huevalue_lowv_wp0.0_g1.0,lowv,0.0,1.0,1.0,1.0,245,0.0,77.2,205.85,29.0
huevalue_lowv_wp0.0_g1.0,lowv,0.0,1.0,1.0,1.0,245,30.0,63.87,233.68,60.1
huevalue_lowv_wp0.0_g1.0,lowv,0.0,1.0,1.0,1.0,245,60.0,48.44,238.85,60.0
huevalue_lowv_wp0.0_g1.0,lowv,0.0,1.0,1.0,1.0,245,90.0,57.46,214.27,63.4
huevalue_lowv_wp0.0_g1.0,lowv,0.0,1.0,1.0,1.0,245,120.0,11.56,243.32,70.3
huevalue_lowv_wp0.0_g1.0,lowv,0.0,1.0,1.0,1.0,245,150.0,0.0,255.0,
huevalue_lowv_wp0.0_g1.0,lowv,0.0,1.0,1.0,1.0,245,180.0,29.38,231.84,169.7
huevalue_lowv_wp0.0_g1.0,lowv,0.0,1.0,1.0,1.0,245,210.0,3.6,253.8,
huevalue_lowv_wp0.0_g1.0,lowv,0.0,1.0,1.0,1.0,245,240.0,29.78,240.71,179.2
huevalue_lowv_wp0.0_g1.0,lowv,0.0,1.0,1.0,1.0,245,270.0,29.7,207.69,165.6
huevalue_lowv_wp0.0_g1.0,lowv,0.0,1.0,1.0,1.0,245,300.0,2.91,252.76,
huevalue_lowv_wp0.0_g1.0,lowv,0.0,1.0,1.0,1.0,245,330.0,0.03,254.99,
huevalue_lowv_wp0.64_g1.0,lowv,0.64,1.0,1.0,1.0,40,0.0,32.46,68.54,0.4
huevalue_lowv_wp0.64_g1.0,lowv,0.64,1.0,1.0,1.0,40,30.0,16.35,59.66,6.9
huevalue_lowv_wp0.64_g1.0,lowv,0.64,1.0,1.0,1.0,40,60.0,7.49,58.03,
huevalue_lowv_wp0.64_g1.0,lowv,0.64,1.0,1.0,1.0,40,90.0,3.26,58.92,
huevalue_lowv_wp0.64_g1.0,lowv,0.64,1.0,1.0,1.0,40,120.0,5.08,55.13,
huevalue_lowv_wp0.64_g1.0,lowv,0.64,1.0,1.0,1.0,40,150.0,31.51,37.56,195.5
huevalue_lowv_wp0.64_g1.0,lowv,0.64,1.0,1.0,1.0,40,180.0,68.08,49.45,213.5
huevalue_lowv_wp0.64_g1.0,lowv,0.64,1.0,1.0,1.0,40,210.0,47.73,17.95,233.4
huevalue_lowv_wp0.64_g1.0,lowv,0.64,1.0,1.0,1.0,40,240.0,34.98,13.8,235.3
huevalue_lowv_wp0.64_g1.0,lowv,0.64,1.0,1.0,1.0,40,270.0,5.95,34.07,
huevalue_lowv_wp0.64_g1.0,lowv,0.64,1.0,1.0,1.0,40,300.0,2.86,90.19,
huevalue_lowv_wp0.64_g1.0,lowv,0.64,1.0,1.0,1.0,40,330.0,0.0,255.0,
huevalue_lowv_wp0.64_g1.0,lowv,0.64,1.0,1.0,1.0,81,0.0,72.26,90.06,7.5
huevalue_lowv_wp0.64_g1.0,lowv,0.64,1.0,1.0,1.0,81,30.0,50.56,89.47,29.9
huevalue_lowv_wp0.64_g1.0,lowv,0.64,1.0,1.0,1.0,81,60.0,20.91,113.96,101.3
huevalue_lowv_wp0.64_g1.0,lowv,0.64,1.0,1.0,1.0,81,90.0,26.85,120.22,134.0
huevalue_lowv_wp0.64_g1.0,lowv,0.64,1.0,1.0,1.0,81,120.0,32.47,105.53,149.4
huevalue_lowv_wp0.64_g1.0,lowv,0.64,1.0,1.0,1.0,81,150.0,58.03,109.71,186.2
huevalue_lowv_wp0.64_g1.0,lowv,0.64,1.0,1.0,1.0,81,180.0,92.6,102.4,201.9
huevalue_lowv_wp0.64_g1.0,lowv,0.64,1.0,1.0,1.0,81,210.0,102.64,98.96,205.2
huevalue_lowv_wp0.64_g1.0,lowv,0.64,1.0,1.0,1.0,81,240.0,83.25,37.15,221.8
huevalue_lowv_wp0.64_g1.0,lowv,0.64,1.0,1.0,1.0,81,270.0,33.25,12.03,238.0
huevalue_lowv_wp0.64_g1.0,lowv,0.64,1.0,1.0,1.0,81,300.0,25.99,33.23,357.2
huevalue_lowv_wp0.64_g1.0,lowv,0.64,1.0,1.0,1.0,81,330.0,0.0,255.0,
huevalue_lowv_wp0.64_g1.0,lowv,0.64,1.0,1.0,1.0,122,0.0,98.63,114.91,22.1
huevalue_lowv_wp0.64_g1.0,lowv,0.64,1.0,1.0,1.0,122,30.0,93.66,146.14,41.9
huevalue_lowv_wp0.64_g1.0,lowv,0.64,1.0,1.0,1.0,122,60.0,39.94,154.79,76.3
huevalue_lowv_wp0.64_g1.0,lowv,0.64,1.0,1.0,1.0,122,90.0,35.26,121.66,147.1
huevalue_lowv_wp0.64_g1.0,lowv,0.64,1.0,1.0,1.0,122,120.0,36.39,130.9,143.8
huevalue_lowv_wp0.64_g1.0,lowv,0.64,1.0,1.0,1.0,122,150.0,28.66,179.76,162.7
huevalue_lowv_wp0.64_g1.0,lowv,0.64,1.0,1.0,1.0,122,180.0,84.87,153.56,206.3
huevalue_lowv_wp0.64_g1.0,lowv,0.64,1.0,1.0,1.0,122,210.0,101.07,129.43,207.8
huevalue_lowv_wp0.64_g1.0,lowv,0.64,1.0,1.0,1.0,122,240.0,118.57,72.1,200.8
huevalue_lowv_wp0.64_g1.0,lowv,0.64,1.0,1.0,1.0,122,270.0,53.78,59.87,218.2
huevalue_lowv_wp0.64_g1.0,lowv,0.64,1.0,1.0,1.0,122,300.0,68.05,22.7,0.0
huevalue_lowv_wp0.64_g1.0,lowv,0.64,1.0,1.0,1.0,122,330.0,0.0,255.0,
huevalue_lowv_wp0.64_g1.0,lowv,0.64,1.0,1.0,1.0,163,0.0,170.99,127.02,27.4
huevalue_lowv_wp0.64_g1.0,lowv,0.64,1.0,1.0,1.0,163,30.0,163.97,177.24,44.8
huevalue_lowv_wp0.64_g1.0,lowv,0.64,1.0,1.0,1.0,163,60.0,29.33,146.3,128.7
huevalue_lowv_wp0.64_g1.0,lowv,0.64,1.0,1.0,1.0,163,90.0,46.04,31.72,125.2
huevalue_lowv_wp0.64_g1.0,lowv,0.64,1.0,1.0,1.0,163,120.0,73.05,141.34,177.1
huevalue_lowv_wp0.64_g1.0,lowv,0.64,1.0,1.0,1.0,163,150.0,29.21,232.93,58.1
huevalue_lowv_wp0.64_g1.0,lowv,0.64,1.0,1.0,1.0,163,180.0,76.87,195.29,207.2
huevalue_lowv_wp0.64_g1.0,lowv,0.64,1.0,1.0,1.0,163,210.0,94.01,153.32,211.5
huevalue_lowv_wp0.64_g1.0,lowv,0.64,1.0,1.0,1.0,163,240.0,93.86,115.24,196.0
huevalue_lowv_wp0.64_g1.0,lowv,0.64,1.0,1.0,1.0,163,270.0,4.81,130.47,
huevalue_lowv_wp0.64_g1.0,lowv,0.64,1.0,1.0,1.0,163,300.0,152.58,63.38,5.3
huevalue_lowv_wp0.64_g1.0,lowv,0.64,1.0,1.0,1.0,163,330.0,0.0,255.0,
huevalue_lowv_wp0.64_g1.0,lowv,0.64,1.0,1.0,1.0,204,0.0,211.39,149.35,30.2
huevalue_lowv_wp0.64_g1.0,lowv,0.64,1.0,1.0,1.0,204,30.0,167.52,196.9,58.0
huevalue_lowv_wp0.64_g1.0,lowv,0.64,1.0,1.0,1.0,204,60.0,118.12,177.92,49.3
huevalue_lowv_wp0.64_g1.0,lowv,0.64,1.0,1.0,1.0,204,90.0,63.17,61.74,104.9
huevalue_lowv_wp0.64_g1.0,lowv,0.64,1.0,1.0,1.0,204,120.0,31.54,229.88,66.6
huevalue_lowv_wp0.64_g1.0,lowv,0.64,1.0,1.0,1.0,204,150.0,5.99,253.0,
huevalue_lowv_wp0.64_g1.0,lowv,0.64,1.0,1.0,1.0,204,180.0,73.9,158.0,190.7
huevalue_lowv_wp0.64_g1.0,lowv,0.64,1.0,1.0,1.0,204,210.0,84.69,200.99,213.9
huevalue_lowv_wp0.64_g1.0,lowv,0.64,1.0,1.0,1.0,204,240.0,62.57,160.76,193.4
huevalue_lowv_wp0.64_g1.0,lowv,0.64,1.0,1.0,1.0,204,270.0,18.14,183.05,37.8
huevalue_lowv_wp0.64_g1.0,lowv,0.64,1.0,1.0,1.0,204,300.0,212.8,120.74,12.3
huevalue_lowv_wp0.64_g1.0,lowv,0.64,1.0,1.0,1.0,204,330.0,0.01,255.0,
huevalue_lowv_wp0.64_g1.0,lowv,0.64,1.0,1.0,1.0,245,0.0,3.84,2.78,
huevalue_lowv_wp0.64_g1.0,lowv,0.64,1.0,1.0,1.0,245,30.0,153.22,86.28,202.9
huevalue_lowv_wp0.64_g1.0,lowv,0.64,1.0,1.0,1.0,245,60.0,133.2,117.66,204.8
huevalue_lowv_wp0.64_g1.0,lowv,0.64,1.0,1.0,1.0,245,90.0,34.78,126.38,141.1
huevalue_lowv_wp0.64_g1.0,lowv,0.64,1.0,1.0,1.0,245,120.0,30.78,131.89,142.2
huevalue_lowv_wp0.64_g1.0,lowv,0.64,1.0,1.0,1.0,245,150.0,177.47,117.2,4.4
huevalue_lowv_wp0.64_g1.0,lowv,0.64,1.0,1.0,1.0,245,180.0,198.75,94.6,1.9
huevalue_lowv_wp0.64_g1.0,lowv,0.64,1.0,1.0,1.0,245,210.0,40.5,241.5,60.0
huevalue_lowv_wp0.64_g1.0,lowv,0.64,1.0,1.0,1.0,245,240.0,144.25,204.52,57.5
huevalue_lowv_wp0.64_g1.0,lowv,0.64,1.0,1.0,1.0,245,270.0,20.55,209.67,165.0
huevalue_lowv_wp0.64_g1.0,lowv,0.64,1.0,1.0,1.0,245,300.0,0.26,254.69,
huevalue_lowv_wp0.64_g1.0,lowv,0.64,1.0,1.0,1.0,245,330.0,0.0,255.0,
huevalue_lowv_wp0.75_g1.0,lowv,0.75,1.0,1.0,1.0,40,0.0,0.12,0.04,
huevalue_lowv_wp0.75_g1.0,lowv,0.75,1.0,1.0,1.0,40,30.0,0.09,0.04,
huevalue_lowv_wp0.75_g1.0,lowv,0.75,1.0,1.0,1.0,40,60.0,2.0,39.85,
huevalue_lowv_wp0.75_g1.0,lowv,0.75,1.0,1.0,1.0,40,90.0,1.55,57.33,
huevalue_lowv_wp0.75_g1.0,lowv,0.75,1.0,1.0,1.0,40,120.0,0.73,59.47,
huevalue_lowv_wp0.75_g1.0,lowv,0.75,1.0,1.0,1.0,40,150.0,4.92,63.81,
huevalue_lowv_wp0.75_g1.0,lowv,0.75,1.0,1.0,1.0,40,180.0,7.28,48.63,
huevalue_lowv_wp0.75_g1.0,lowv,0.75,1.0,1.0,1.0,40,210.0,6.61,19.86,
huevalue_lowv_wp0.75_g1.0,lowv,0.75,1.0,1.0,1.0,40,240.0,7.85,27.74,
huevalue_lowv_wp0.75_g1.0,lowv,0.75,1.0,1.0,1.0,40,270.0,6.03,43.64,
huevalue_lowv_wp0.75_g1.0,lowv,0.75,1.0,1.0,1.0,40,300.0,1.58,100.0,
huevalue_lowv_wp0.75_g1.0,lowv,0.75,1.0,1.0,1.0,40,330.0,0.19,254.93,
huevalue_lowv_wp0.75_g1.0,lowv,0.75,1.0,1.0,1.0,81,0.0,48.8,31.27,359.9
huevalue_lowv_wp0.75_g1.0,lowv,0.75,1.0,1.0,1.0,81,30.0,27.04,58.52,3.8
huevalue_lowv_wp0.75_g1.0,lowv,0.75,1.0,1.0,1.0,81,60.0,11.83,62.8,40.1
huevalue_lowv_wp0.75_g1.0,lowv,0.75,1.0,1.0,1.0,81,90.0,10.43,63.23,121.2
huevalue_lowv_wp0.75_g1.0,lowv,0.75,1.0,1.0,1.0,81,120.0,15.3,61.76,134.8
huevalue_lowv_wp0.75_g1.0,lowv,0.75,1.0,1.0,1.0,81,150.0,38.52,77.95,183.2
huevalue_lowv_wp0.75_g1.0,lowv,0.75,1.0,1.0,1.0,81,180.0,75.19,72.13,208.2
huevalue_lowv_wp0.75_g1.0,lowv,0.75,1.0,1.0,1.0,81,210.0,61.47,25.28,227.1
huevalue_lowv_wp0.75_g1.0,lowv,0.75,1.0,1.0,1.0,81,240.0,48.7,16.69,238.6
huevalue_lowv_wp0.75_g1.0,lowv,0.75,1.0,1.0,1.0,81,270.0,4.99,2.01,
huevalue_lowv_wp0.75_g1.0,lowv,0.75,1.0,1.0,1.0,81,300.0,7.75,35.55,
huevalue_lowv_wp0.75_g1.0,lowv,0.75,1.0,1.0,1.0,81,330.0,0.01,255.0,
huevalue_lowv_wp0.75_g1.0,lowv,0.75,1.0,1.0,1.0,122,0.0,95.83,97.84,3.6
huevalue_lowv_wp0.75_g1.0,lowv,0.75,1.0,1.0,1.0,122,30.0,71.55,101.55,27.2
huevalue_lowv_wp0.75_g1.0,lowv,0.75,1.0,1.0,1.0,122,60.0,31.87,127.36,69.4
huevalue_lowv_wp0.75_g1.0,lowv,0.75,1.0,1.0,1.0,122,90.0,33.87,132.06,147.1
huevalue_lowv_wp0.75_g1.0,lowv,0.75,1.0,1.0,1.0,122,120.0,39.22,130.25,154.8
huevalue_lowv_wp0.75_g1.0,lowv,0.75,1.0,1.0,1.0,122,150.0,39.85,154.98,176.5
huevalue_lowv_wp0.75_g1.0,lowv,0.75,1.0,1.0,1.0,122,180.0,102.25,114.3,201.0
huevalue_lowv_wp0.75_g1.0,lowv,0.75,1.0,1.0,1.0,122,210.0,112.36,106.23,203.9
huevalue_lowv_wp0.75_g1.0,lowv,0.75,1.0,1.0,1.0,122,240.0,104.68,50.67,214.6
huevalue_lowv_wp0.75_g1.0,lowv,0.75,1.0,1.0,1.0,122,270.0,55.01,20.13,236.8
huevalue_lowv_wp0.75_g1.0,lowv,0.75,1.0,1.0,1.0,122,300.0,47.63,19.63,359.7
huevalue_lowv_wp0.75_g1.0,lowv,0.75,1.0,1.0,1.0,122,330.0,0.0,255.0,
huevalue_lowv_wp0.75_g1.0,lowv,0.75,1.0,1.0,1.0,163,0.0,126.42,129.66,18.5
huevalue_lowv_wp0.75_g1.0,lowv,0.75,1.0,1.0,1.0,163,30.0,122.03,169.68,40.9
huevalue_lowv_wp0.75_g1.0,lowv,0.75,1.0,1.0,1.0,163,60.0,57.23,179.48,58.9
huevalue_lowv_wp0.75_g1.0,lowv,0.75,1.0,1.0,1.0,163,90.0,37.73,138.36,149.7
huevalue_lowv_wp0.75_g1.0,lowv,0.75,1.0,1.0,1.0,163,120.0,26.77,170.73,127.0
huevalue_lowv_wp0.75_g1.0,lowv,0.75,1.0,1.0,1.0,163,150.0,27.45,215.75,168.1
huevalue_lowv_wp0.75_g1.0,lowv,0.75,1.0,1.0,1.0,163,180.0,79.44,169.79,204.7
huevalue_lowv_wp0.75_g1.0,lowv,0.75,1.0,1.0,1.0,163,210.0,106.92,129.35,207.4
huevalue_lowv_wp0.75_g1.0,lowv,0.75,1.0,1.0,1.0,163,240.0,116.3,97.0,195.1
huevalue_lowv_wp0.75_g1.0,lowv,0.75,1.0,1.0,1.0,163,270.0,15.69,115.88,211.8
huevalue_lowv_wp0.75_g1.0,lowv,0.75,1.0,1.0,1.0,163,300.0,115.4,38.88,0.1
huevalue_lowv_wp0.75_g1.0,lowv,0.75,1.0,1.0,1.0,163,330.0,0.0,255.0,
huevalue_lowv_wp0.75_g1.0,lowv,0.75,1.0,1.0,1.0,204,0.0,176.77,164.62,30.7
huevalue_lowv_wp0.75_g1.0,lowv,0.75,1.0,1.0,1.0,204,30.0,148.55,200.78,55.1
huevalue_lowv_wp0.75_g1.0,lowv,0.75,1.0,1.0,1.0,204,60.0,46.14,179.62,65.5
huevalue_lowv_wp0.75_g1.0,lowv,0.75,1.0,1.0,1.0,204,90.0,69.1,67.11,93.2
huevalue_lowv_wp0.75_g1.0,lowv,0.75,1.0,1.0,1.0,204,120.0,40.38,195.64,164.3
huevalue_lowv_wp0.75_g1.0,lowv,0.75,1.0,1.0,1.0,204,150.0,5.74,253.09,
huevalue_lowv_wp0.75_g1.0,lowv,0.75,1.0,1.0,1.0,204,180.0,55.62,220.83,207.8
huevalue_lowv_wp0.75_g1.0,lowv,0.75,1.0,1.0,1.0,204,210.0,84.48,166.13,209.4
huevalue_lowv_wp0.75_g1.0,lowv,0.75,1.0,1.0,1.0,204,240.0,66.71,143.56,191.2
huevalue_lowv_wp0.75_g1.0,lowv,0.75,1.0,1.0,1.0,204,270.0,24.09,180.73,26.2
huevalue_lowv_wp0.75_g1.0,lowv,0.75,1.0,1.0,1.0,204,300.0,194.62,119.47,11.3
huevalue_lowv_wp0.75_g1.0,lowv,0.75,1.0,1.0,1.0,204,330.0,0.01,255.0,
huevalue_lowv_wp0.75_g1.0,lowv,0.75,1.0,1.0,1.0,245,0.0,181.61,170.74,37.1
huevalue_lowv_wp0.75_g1.0,lowv,0.75,1.0,1.0,1.0,245,30.0,143.79,207.07,60.0
huevalue_lowv_wp0.75_g1.0,lowv,0.75,1.0,1.0,1.0,245,60.0,117.95,206.52,49.6
huevalue_lowv_wp0.75_g1.0,lowv,0.75,1.0,1.0,1.0,245,90.0,62.27,96.97,92.1
huevalue_lowv_wp0.75_g1.0,lowv,0.75,1.0,1.0,1.0,245,120.0,4.09,253.43,
huevalue_lowv_wp0.75_g1.0,lowv,0.75,1.0,1.0,1.0,245,150.0,1.7,254.43,
huevalue_lowv_wp0.75_g1.0,lowv,0.75,1.0,1.0,1.0,245,180.0,53.1,198.29,190.8
huevalue_lowv_wp0.75_g1.0,lowv,0.75,1.0,1.0,1.0,245,210.0,71.16,213.95,210.0
huevalue_lowv_wp0.75_g1.0,lowv,0.75,1.0,1.0,1.0,245,240.0,45.78,188.78,186.7
huevalue_lowv_wp0.75_g1.0,lowv,0.75,1.0,1.0,1.0,245,270.0,22.66,219.08,164.9
huevalue_lowv_wp0.75_g1.0,lowv,0.75,1.0,1.0,1.0,245,300.0,127.21,172.99,12.1
huevalue_lowv_wp0.75_g1.0,lowv,0.75,1.0,1.0,1.0,245,330.0,0.0,255.0,
huevalue_lowv_wp0.88_g1.0,lowv,0.88,1.0,1.0,1.0,40,0.0,7.4,45.23,
huevalue_lowv_wp0.88_g1.0,lowv,0.88,1.0,1.0,1.0,40,30.0,0.63,0.75,
huevalue_lowv_wp0.88_g1.0,lowv,0.88,1.0,1.0,1.0,40,60.0,1.26,4.56,
huevalue_lowv_wp0.88_g1.0,lowv,0.88,1.0,1.0,1.0,40,90.0,1.84,18.96,
huevalue_lowv_wp0.88_g1.0,lowv,0.88,1.0,1.0,1.0,40,120.0,1.33,65.95,
huevalue_lowv_wp0.88_g1.0,lowv,0.88,1.0,1.0,1.0,40,150.0,3.3,69.71,
huevalue_lowv_wp0.88_g1.0,lowv,0.88,1.0,1.0,1.0,40,180.0,13.12,75.89,213.3
huevalue_lowv_wp0.88_g1.0,lowv,0.88,1.0,1.0,1.0,40,210.0,11.63,53.84,205.9
huevalue_lowv_wp0.88_g1.0,lowv,0.88,1.0,1.0,1.0,40,240.0,10.46,31.94,212.8
huevalue_lowv_wp0.88_g1.0,lowv,0.88,1.0,1.0,1.0,40,270.0,6.51,37.48,
huevalue_lowv_wp0.88_g1.0,lowv,0.88,1.0,1.0,1.0,40,300.0,1.12,73.33,
huevalue_lowv_wp0.88_g1.0,lowv,0.88,1.0,1.0,1.0,40,330.0,0.05,254.97,
huevalue_lowv_wp0.88_g1.0,lowv,0.88,1.0,1.0,1.0,81,0.0,81.51,27.17,0.0
huevalue_lowv_wp0.88_g1.0,lowv,0.88,1.0,1.0,1.0,81,30.0,47.66,15.89,0.0
huevalue_lowv_wp0.88_g1.0,lowv,0.88,1.0,1.0,1.0,81,60.0,19.42,11.75,29.8
huevalue_lowv_wp0.88_g1.0,lowv,0.88,1.0,1.0,1.0,81,90.0,18.03,53.98,121.3
huevalue_lowv_wp0.88_g1.0,lowv,0.88,1.0,1.0,1.0,81,120.0,26.68,65.23,134.3
huevalue_lowv_wp0.88_g1.0,lowv,0.88,1.0,1.0,1.0,81,150.0,37.76,76.33,166.2
huevalue_lowv_wp0.88_g1.0,lowv,0.88,1.0,1.0,1.0,81,180.0,72.37,112.12,199.6
huevalue_lowv_wp0.88_g1.0,lowv,0.88,1.0,1.0,1.0,81,210.0,71.14,65.81,222.4
huevalue_lowv_wp0.88_g1.0,lowv,0.88,1.0,1.0,1.0,81,240.0,69.99,27.29,232.6
huevalue_lowv_wp0.88_g1.0,lowv,0.88,1.0,1.0,1.0,81,270.0,27.62,9.21,240.0
huevalue_lowv_wp0.88_g1.0,lowv,0.88,1.0,1.0,1.0,81,300.0,19.9,7.36,0.4
huevalue_lowv_wp0.88_g1.0,lowv,0.88,1.0,1.0,1.0,81,330.0,0.0,255.0,
huevalue_lowv_wp0.88_g1.0,lowv,0.88,1.0,1.0,1.0,122,0.0,170.0,56.69,0.0
huevalue_lowv_wp0.88_g1.0,lowv,0.88,1.0,1.0,1.0,122,30.0,124.81,59.93,17.8
huevalue_lowv_wp0.88_g1.0,lowv,0.88,1.0,1.0,1.0,122,60.0,114.17,144.51,44.2
huevalue_lowv_wp0.88_g1.0,lowv,0.88,1.0,1.0,1.0,122,90.0,42.25,158.35,76.8
huevalue_lowv_wp0.88_g1.0,lowv,0.88,1.0,1.0,1.0,122,120.0,37.4,134.46,153.0
huevalue_lowv_wp0.88_g1.0,lowv,0.88,1.0,1.0,1.0,122,150.0,31.37,172.33,154.6
huevalue_lowv_wp0.88_g1.0,lowv,0.88,1.0,1.0,1.0,122,180.0,65.26,167.86,197.6
huevalue_lowv_wp0.88_g1.0,lowv,0.88,1.0,1.0,1.0,122,210.0,89.92,137.58,200.7
huevalue_lowv_wp0.88_g1.0,lowv,0.88,1.0,1.0,1.0,122,240.0,109.42,95.58,200.2
huevalue_lowv_wp0.88_g1.0,lowv,0.88,1.0,1.0,1.0,122,270.0,49.47,66.49,214.5
huevalue_lowv_wp0.88_g1.0,lowv,0.88,1.0,1.0,1.0,122,300.0,70.32,23.44,360.0
huevalue_lowv_wp0.88_g1.0,lowv,0.88,1.0,1.0,1.0,122,330.0,0.0,255.0,
huevalue_lowv_wp0.88_g1.0,lowv,0.88,1.0,1.0,1.0,163,0.0,191.88,99.11,2.6
huevalue_lowv_wp0.88_g1.0,lowv,0.88,1.0,1.0,1.0,163,30.0,169.42,156.5,31.3
huevalue_lowv_wp0.88_g1.0,lowv,0.88,1.0,1.0,1.0,163,60.0,122.96,205.05,51.0
huevalue_lowv_wp0.88_g1.0,lowv,0.88,1.0,1.0,1.0,163,90.0,56.44,190.21,56.5
huevalue_lowv_wp0.88_g1.0,lowv,0.88,1.0,1.0,1.0,163,120.0,21.96,181.3,111.6
huevalue_lowv_wp0.88_g1.0,lowv,0.88,1.0,1.0,1.0,163,150.0,13.11,235.08,139.7
huevalue_lowv_wp0.88_g1.0,lowv,0.88,1.0,1.0,1.0,163,180.0,40.45,214.87,198.2
huevalue_lowv_wp0.88_g1.0,lowv,0.88,1.0,1.0,1.0,163,210.0,74.97,166.85,205.3
huevalue_lowv_wp0.88_g1.0,lowv,0.88,1.0,1.0,1.0,163,240.0,68.41,156.16,195.1
huevalue_lowv_wp0.88_g1.0,lowv,0.88,1.0,1.0,1.0,163,270.0,14.01,162.54,41.7
huevalue_lowv_wp0.88_g1.0,lowv,0.88,1.0,1.0,1.0,163,300.0,179.5,102.18,10.3
huevalue_lowv_wp0.88_g1.0,lowv,0.88,1.0,1.0,1.0,163,330.0,0.0,255.0,
huevalue_lowv_wp0.88_g1.0,lowv,0.88,1.0,1.0,1.0,204,0.0,152.25,156.54,16.6
huevalue_lowv_wp0.88_g1.0,lowv,0.88,1.0,1.0,1.0,204,30.0,137.4,196.44,44.3
huevalue_lowv_wp0.88_g1.0,lowv,0.88,1.0,1.0,1.0,204,60.0,92.42,217.61,57.1
huevalue_lowv_wp0.88_g1.0,lowv,0.88,1.0,1.0,1.0,204,90.0,77.66,179.26,53.5
huevalue_lowv_wp0.88_g1.0,lowv,0.88,1.0,1.0,1.0,204,120.0,31.3,205.52,170.5
huevalue_lowv_wp0.88_g1.0,lowv,0.88,1.0,1.0,1.0,204,150.0,13.9,250.13,57.6
huevalue_lowv_wp0.88_g1.0,lowv,0.88,1.0,1.0,1.0,204,180.0,10.66,249.3,193.1
huevalue_lowv_wp0.88_g1.0,lowv,0.88,1.0,1.0,1.0,204,210.0,47.66,208.48,209.2
huevalue_lowv_wp0.88_g1.0,lowv,0.88,1.0,1.0,1.0,204,240.0,42.88,204.25,189.6
huevalue_lowv_wp0.88_g1.0,lowv,0.88,1.0,1.0,1.0,204,270.0,26.24,214.28,155.3
huevalue_lowv_wp0.88_g1.0,lowv,0.88,1.0,1.0,1.0,204,300.0,132.55,166.94,12.5
huevalue_lowv_wp0.88_g1.0,lowv,0.88,1.0,1.0,1.0,204,330.0,0.0,255.0,
huevalue_lowv_wp0.88_g1.0,lowv,0.88,1.0,1.0,1.0,245,0.0,103.95,197.84,34.7
huevalue_lowv_wp0.88_g1.0,lowv,0.88,1.0,1.0,1.0,245,30.0,93.32,221.92,56.8
huevalue_lowv_wp0.88_g1.0,lowv,0.88,1.0,1.0,1.0,245,60.0,67.72,232.31,59.7
huevalue_lowv_wp0.88_g1.0,lowv,0.88,1.0,1.0,1.0,245,90.0,59.87,189.17,61.8
huevalue_lowv_wp0.88_g1.0,lowv,0.88,1.0,1.0,1.0,245,120.0,8.05,242.01,71.4
huevalue_lowv_wp0.88_g1.0,lowv,0.88,1.0,1.0,1.0,245,150.0,0.05,254.98,
huevalue_lowv_wp0.88_g1.0,lowv,0.88,1.0,1.0,1.0,245,180.0,32.27,222.02,167.3
huevalue_lowv_wp0.88_g1.0,lowv,0.88,1.0,1.0,1.0,245,210.0,21.4,246.04,194.3
huevalue_lowv_wp0.88_g1.0,lowv,0.88,1.0,1.0,1.0,245,240.0,34.34,235.81,176.4
huevalue_lowv_wp0.88_g1.0,lowv,0.88,1.0,1.0,1.0,245,270.0,29.65,205.67,158.6
huevalue_lowv_wp0.88_g1.0,lowv,0.88,1.0,1.0,1.0,245,300.0,43.55,227.71,18.7
huevalue_lowv_wp0.88_g1.0,lowv,0.88,1.0,1.0,1.0,245,330.0,0.04,254.99,
