cond,white_point,gamma,chroma_gamma,saturation,input_value,out_lum,out_r,out_g,out_b,chroma,grain,anisotropy,hue_deg
tonefine_wp0.0_g1.0_k1.0_s1.0,0.0,1.0,1.0,1.0,100,117.26,124.72,125.79,101.26,24.54,12.99,0.248,62.2
tonefine_wp0.0_g1.0_k1.0_s1.0,0.0,1.0,1.0,1.0,104,130.61,140.66,138.51,112.66,27.99,3.53,2.095,56.0
tonefine_wp0.0_g1.0_k1.0_s1.0,0.0,1.0,1.0,1.0,108,134.56,147.98,142.81,112.88,35.1,10.58,0.625,52.2
tonefine_wp0.0_g1.0_k1.0_s1.0,0.0,1.0,1.0,1.0,112,154.58,170.13,160.81,132.8,37.33,30.6,0.038,46.1
tonefine_wp0.0_g1.0_k1.0_s1.0,0.0,1.0,1.0,1.0,116,169.74,185.1,174.36,149.77,35.32,27.62,0.032,42.8
tonefine_wp0.0_g1.0_k1.0_s1.0,0.0,1.0,1.0,1.0,120,182.21,196.83,185.58,164.23,32.61,23.42,0.033,40.1
tonefine_wp0.0_g1.0_k1.0_s1.0,0.0,1.0,1.0,1.0,124,193.54,205.65,196.29,178.67,26.98,20.32,0.07,40.0
tonefine_wp0.0_g1.0_k1.0_s1.0,0.0,1.0,1.0,1.0,128,197.75,210.35,199.49,183.42,26.94,15.08,0.105,36.4
tonefine_wp0.0_g1.0_k1.0_s1.0,0.0,1.0,1.0,1.0,132,204.58,216.33,206.56,190.86,25.47,4.29,3.649,37.7
tonefine_wp0.0_g1.0_k1.0_s1.0,0.0,1.0,1.0,1.0,136,209.54,222.43,209.54,196.67,25.76,5.7,55.799,30.0
tonefine_wp0.0_g1.0_k1.0_s1.0,0.0,1.0,1.0,1.0,140,217.81,231.23,215.51,206.71,24.52,8.19,0.035,20.7
tonefine_wp0.0_g1.0_k1.0_s1.0,0.0,1.0,1.0,1.0,144,230.42,241.71,228.05,221.49,20.23,13.62,0.032,18.6
tonefine_wp0.0_g1.0_k1.0_s1.0,0.0,1.0,1.0,1.0,148,247.77,250.16,246.31,246.85,3.85,4.53,0.311,
tonefine_wp0.0_g1.0_k1.0_s1.0,0.0,1.0,1.0,1.0,152,229.18,234.44,231.49,221.61,12.82,6.04,0.233,47.3
tonefine_wp0.0_g1.0_k1.0_s1.0,0.0,1.0,1.0,1.0,156,236.92,240.25,238.64,231.87,8.38,5.93,0.066,49.6
tonefine_wp0.0_g1.0_k1.0_s1.0,0.0,1.0,1.0,1.0,160,241.18,241.89,242.38,239.28,3.11,4.84,0.141,
tonefine_wp0.0_g1.0_k1.0_s1.0,0.0,1.0,1.0,1.0,164,245.12,242.76,249.5,243.08,6.74,2.6,1.749,
tonefine_wp0.0_g1.0_k1.0_s1.0,0.0,1.0,1.0,1.0,168,245.63,241.37,248.51,247.02,7.15,2.3,2.381,
tonefine_wp0.0_g1.0_k1.0_s1.0,0.0,1.0,1.0,1.0,172,246.71,240.17,251.36,248.59,11.18,2.5,6.875,166.2
tonefine_wp0.0_g1.0_k1.0_s1.0,0.0,1.0,1.0,1.0,176,246.86,240.35,250.58,249.65,10.23,2.82,13.292,175.3
tonefine_wp0.0_g1.0_k1.0_s1.0,0.0,1.0,1.0,1.0,180,247.52,241.41,250.92,250.22,9.51,2.82,12.36,176.2
tonefine_wp0.0_g1.0_k1.0_s1.0,0.0,1.0,1.0,1.0,184,247.28,241.55,249.75,250.54,8.99,2.28,4.72,184.5
tonefine_wp0.0_g1.0_k1.0_s1.0,0.0,1.0,1.0,1.0,188,251.08,246.83,253.32,253.11,6.49,2.07,0.39,
tonefine_wp0.0_g1.0_k1.0_s1.0,0.0,1.0,1.0,1.0,192,253.09,251.91,254.0,253.35,2.1,1.82,1.094,
tonefine_wp0.0_g1.0_k1.0_s1.0,0.0,1.0,1.0,1.0,196,253.75,253.52,254.22,253.5,0.72,1.43,9.816,
tonefine_wp0.0_g1.0_k1.0_s1.0,0.0,1.0,1.0,1.0,200,253.0,253.98,253.54,251.48,2.5,1.92,4.354,
tonefine_wp0.0_g1.4_k1.0_s1.0,0.0,1.4,1.0,1.0,100,72.31,58.6,82.45,75.88,23.85,70.8,0.058,164.5
tonefine_wp0.0_g1.4_k1.0_s1.0,0.0,1.4,1.0,1.0,104,49.27,33.08,63.58,51.14,30.5,16.28,0.076,156.1
tonefine_wp0.0_g1.4_k1.0_s1.0,0.0,1.4,1.0,1.0,108,30.57,8.56,48.99,34.17,40.42,5.38,1.147,158.8
tonefine_wp0.0_g1.4_k1.0_s1.0,0.0,1.4,1.0,1.0,112,29.36,11.1,45.8,31.2,34.7,7.07,3.853,155.2
tonefine_wp0.0_g1.4_k1.0_s1.0,0.0,1.4,1.0,1.0,116,70.73,59.96,83.61,68.6,23.65,51.58,0.039,141.2
tonefine_wp0.0_g1.4_k1.0_s1.0,0.0,1.4,1.0,1.0,120,101.17,95.21,110.59,97.72,15.38,54.4,0.014,128.7
tonefine_wp0.0_g1.4_k1.0_s1.0,0.0,1.4,1.0,1.0,124,121.09,121.28,128.48,113.49,14.99,46.49,0.025,88.7
tonefine_wp0.0_g1.4_k1.0_s1.0,0.0,1.4,1.0,1.0,128,137.82,144.26,142.42,126.79,17.47,38.66,0.026,54.5
tonefine_wp0.0_g1.4_k1.0_s1.0,0.0,1.4,1.0,1.0,132,158.1,170.33,160.38,143.58,26.75,31.78,0.026,38.4
tonefine_wp0.0_g1.4_k1.0_s1.0,0.0,1.4,1.0,1.0,136,148.9,164.16,152.7,129.83,34.33,13.22,2.185,40.9
tonefine_wp0.0_g1.4_k1.0_s1.0,0.0,1.4,1.0,1.0,140,154.55,170.13,157.41,136.1,34.02,4.7,2.141,38.3
tonefine_wp0.0_g1.4_k1.0_s1.0,0.0,1.4,1.0,1.0,144,160.24,178.16,162.86,139.7,38.46,4.52,0.548,36.7
tonefine_wp0.0_g1.4_k1.0_s1.0,0.0,1.4,1.0,1.0,148,251.21,253.52,249.27,250.85,4.26,2.85,0.391,
tonefine_wp0.0_g1.4_k1.0_s1.0,0.0,1.4,1.0,1.0,152,181.2,196.7,185.45,161.44,35.26,3.15,1.658,41.8
tonefine_wp0.0_g1.4_k1.0_s1.0,0.0,1.4,1.0,1.0,156,187.6,200.7,192.63,169.49,31.21,3.02,4.6,45.6
tonefine_wp0.0_g1.4_k1.0_s1.0,0.0,1.4,1.0,1.0,160,191.66,203.25,195.57,176.18,27.07,2.93,4.247,44.0
tonefine_wp0.0_g1.4_k1.0_s1.0,0.0,1.4,1.0,1.0,164,199.78,211.86,202.2,185.29,26.57,8.75,0.027,38.9
tonefine_wp0.0_g1.4_k1.0_s1.0,0.0,1.4,1.0,1.0,168,216.58,223.89,217.17,208.69,15.2,11.88,0.011,33.8
tonefine_wp0.0_g1.4_k1.0_s1.0,0.0,1.4,1.0,1.0,172,225.81,227.32,227.65,222.46,5.18,10.26,0.01,
tonefine_wp0.0_g1.4_k1.0_s1.0,0.0,1.4,1.0,1.0,176,235.49,234.86,237.16,234.45,2.71,7.76,0.018,
tonefine_wp0.0_g1.4_k1.0_s1.0,0.0,1.4,1.0,1.0,180,242.16,238.84,244.24,243.4,5.4,5.61,0.094,
tonefine_wp0.0_g1.4_k1.0_s1.0,0.0,1.4,1.0,1.0,184,246.22,239.39,249.6,249.67,10.29,3.07,0.29,180.4
tonefine_wp0.0_g1.4_k1.0_s1.0,0.0,1.4,1.0,1.0,188,247.81,240.88,250.97,251.58,10.7,2.36,1.149,182.9
tonefine_wp0.0_g1.4_k1.0_s1.0,0.0,1.4,1.0,1.0,192,252.0,249.38,253.66,252.96,4.28,2.45,0.455,
tonefine_wp0.0_g1.4_k1.0_s1.0,0.0,1.4,1.0,1.0,196,253.22,252.28,253.91,253.46,1.63,1.76,1.074,
tonefine_wp0.0_g1.4_k1.0_s1.0,0.0,1.4,1.0,1.0,200,253.47,254.36,253.6,252.45,1.91,1.74,8.38,
tonefine_wp0.0_g1.8_k1.0_s1.0,0.0,1.8,1.0,1.0,100,72.87,66.03,75.65,76.91,10.88,97.39,0.394,186.1
tonefine_wp0.0_g1.8_k1.0_s1.0,0.0,1.8,1.0,1.0,104,33.87,22.44,41.52,37.66,19.08,46.66,6.804,169.0
tonefine_wp0.0_g1.8_k1.0_s1.0,0.0,1.8,1.0,1.0,108,9.54,5.12,13.73,9.76,8.6,26.78,162.301,152.5
tonefine_wp0.0_g1.8_k1.0_s1.0,0.0,1.8,1.0,1.0,112,5.45,3.81,6.81,5.73,3.0,18.74,2.795,
tonefine_wp0.0_g1.8_k1.0_s1.0,0.0,1.8,1.0,1.0,116,44.72,39.91,47.37,46.9,7.46,71.65,0.006,
tonefine_wp0.0_g1.8_k1.0_s1.0,0.0,1.8,1.0,1.0,120,53.74,43.4,58.11,59.7,16.31,69.22,0.009,185.1
tonefine_wp0.0_g1.8_k1.0_s1.0,0.0,1.8,1.0,1.0,124,64.43,51.79,70.91,70.59,19.12,66.07,0.018,179.2
tonefine_wp0.0_g1.8_k1.0_s1.0,0.0,1.8,1.0,1.0,128,77.73,67.26,84.84,81.1,17.58,58.62,0.028,168.4
tonefine_wp0.0_g1.8_k1.0_s1.0,0.0,1.8,1.0,1.0,132,73.19,68.74,79.46,71.38,10.72,18.14,0.937,133.7
tonefine_wp0.0_g1.8_k1.0_s1.0,0.0,1.8,1.0,1.0,136,78.63,75.5,86.3,74.1,12.2,14.96,381.185,114.0
tonefine_wp0.0_g1.8_k1.0_s1.0,0.0,1.8,1.0,1.0,140,87.02,84.67,95.59,80.78,14.81,16.31,0.064,105.3
tonefine_wp0.0_g1.8_k1.0_s1.0,0.0,1.8,1.0,1.0,144,125.78,127.3,131.35,118.7,12.64,57.68,0.047,78.2
tonefine_wp0.0_g1.8_k1.0_s1.0,0.0,1.8,1.0,1.0,148,247.89,251.37,243.31,249.0,8.06,3.97,0.222,316.6
tonefine_wp0.0_g1.8_k1.0_s1.0,0.0,1.8,1.0,1.0,152,128.67,136.52,136.81,112.67,24.14,9.23,0.271,60.6
tonefine_wp0.0_g1.8_k1.0_s1.0,0.0,1.8,1.0,1.0,156,148.06,159.62,153.84,130.73,28.9,25.03,0.029,49.1
tonefine_wp0.0_g1.8_k1.0_s1.0,0.0,1.8,1.0,1.0,160,162.15,175.52,165.75,145.16,30.36,29.42,0.002,41.6
tonefine_wp0.0_g1.8_k1.0_s1.0,0.0,1.8,1.0,1.0,164,172.47,187.99,173.42,156.0,32.0,27.21,0.002,32.9
tonefine_wp0.0_g1.8_k1.0_s1.0,0.0,1.8,1.0,1.0,168,190.25,203.16,189.44,178.16,25.0,21.12,0.002,26.8
tonefine_wp0.0_g1.8_k1.0_s1.0,0.0,1.8,1.0,1.0,172,202.47,210.36,202.89,194.15,16.21,16.72,0.004,32.6
tonefine_wp0.0_g1.8_k1.0_s1.0,0.0,1.8,1.0,1.0,176,212.82,218.29,213.18,207.0,11.29,12.7,0.005,33.1
tonefine_wp0.0_g1.8_k1.0_s1.0,0.0,1.8,1.0,1.0,180,219.38,223.52,220.02,214.61,8.92,8.86,0.016,37.0
tonefine_wp0.0_g1.8_k1.0_s1.0,0.0,1.8,1.0,1.0,184,223.49,226.27,224.19,220.03,6.24,3.37,0.358,
tonefine_wp0.0_g1.8_k1.0_s1.0,0.0,1.8,1.0,1.0,188,235.05,236.79,235.83,232.55,4.23,3.42,0.299,
tonefine_wp0.0_g1.8_k1.0_s1.0,0.0,1.8,1.0,1.0,192,241.29,247.39,239.08,237.4,9.98,3.27,4.77,9.0
tonefine_wp0.0_g1.8_k1.0_s1.0,0.0,1.8,1.0,1.0,196,253.28,253.56,252.53,253.76,1.23,1.85,4.258,
tonefine_wp0.0_g1.8_k1.0_s1.0,0.0,1.8,1.0,1.0,200,253.03,253.63,252.56,252.91,1.08,1.99,12.079,
tonefine_wp0.64_g1.0_k1.0_s1.0,0.64,1.0,1.0,1.0,100,70.54,59.25,79.14,73.25,19.89,81.63,0.098,163.2
tonefine_wp0.64_g1.0_k1.0_s1.0,0.64,1.0,1.0,1.0,104,43.5,28.73,57.76,44.03,29.03,23.94,0.112,151.8
tonefine_wp0.64_g1.0_k1.0_s1.0,0.64,1.0,1.0,1.0,108,21.7,5.45,36.2,23.46,30.75,5.72,0.629,155.6
tonefine_wp0.64_g1.0_k1.0_s1.0,0.64,1.0,1.0,1.0,112,19.68,7.96,31.43,19.66,23.47,26.58,0.286,149.9
tonefine_wp0.64_g1.0_k1.0_s1.0,0.64,1.0,1.0,1.0,116,54.41,42.07,64.91,56.27,22.84,64.69,0.014,158.0
tonefine_wp0.64_g1.0_k1.0_s1.0,0.64,1.0,1.0,1.0,120,62.05,47.3,73.03,65.83,25.73,61.91,0.017,164.3
tonefine_wp0.64_g1.0_k1.0_s1.0,0.64,1.0,1.0,1.0,124,75.56,62.91,86.71,77.07,23.79,57.46,0.026,156.2
tonefine_wp0.64_g1.0_k1.0_s1.0,0.64,1.0,1.0,1.0,128,87.91,81.53,96.62,85.58,15.09,48.52,0.036,135.0
tonefine_wp0.64_g1.0_k1.0_s1.0,0.64,1.0,1.0,1.0,132,88.18,86.97,95.47,82.12,13.35,9.68,5.612,99.0
tonefine_wp0.64_g1.0_k1.0_s1.0,0.64,1.0,1.0,1.0,136,89.7,90.34,98.07,80.71,17.36,13.36,238.946,86.4
tonefine_wp0.64_g1.0_k1.0_s1.0,0.64,1.0,1.0,1.0,140,103.13,102.75,111.65,95.0,16.65,35.93,0.022,92.3
tonefine_wp0.64_g1.0_k1.0_s1.0,0.64,1.0,1.0,1.0,144,152.89,153.36,158.49,146.81,11.68,72.64,0.03,86.0
tonefine_wp0.64_g1.0_k1.0_s1.0,0.64,1.0,1.0,1.0,148,247.05,250.54,243.97,246.63,6.57,4.13,0.279,
tonefine_wp0.64_g1.0_k1.0_s1.0,0.64,1.0,1.0,1.0,152,120.27,125.21,128.51,107.09,21.41,16.93,0.302,68.2
tonefine_wp0.64_g1.0_k1.0_s1.0,0.64,1.0,1.0,1.0,156,139.78,147.29,148.39,123.66,24.73,27.11,0.05,62.3
tonefine_wp0.64_g1.0_k1.0_s1.0,0.64,1.0,1.0,1.0,160,143.43,152.45,150.38,127.45,25.0,31.46,0.003,55.7
tonefine_wp0.64_g1.0_k1.0_s1.0,0.64,1.0,1.0,1.0,164,149.08,161.01,154.13,132.12,28.89,29.43,0.003,46.8
tonefine_wp0.64_g1.0_k1.0_s1.0,0.64,1.0,1.0,1.0,168,163.32,175.14,164.71,150.13,25.01,25.29,0.002,35.5
tonefine_wp0.64_g1.0_k1.0_s1.0,0.64,1.0,1.0,1.0,172,172.76,182.95,173.83,161.49,21.46,22.11,0.003,35.0
tonefine_wp0.64_g1.0_k1.0_s1.0,0.64,1.0,1.0,1.0,176,180.04,188.8,181.39,169.94,18.86,19.78,0.004,37.1
tonefine_wp0.64_g1.0_k1.0_s1.0,0.64,1.0,1.0,1.0,180,182.86,191.79,184.0,172.78,19.0,12.73,0.005,36.0
tonefine_wp0.64_g1.0_k1.0_s1.0,0.64,1.0,1.0,1.0,184,184.03,192.51,185.89,173.7,18.82,2.66,1.573,39.7
tonefine_wp0.64_g1.0_k1.0_s1.0,0.64,1.0,1.0,1.0,188,193.58,202.57,194.56,183.62,18.95,3.3,0.729,35.1
tonefine_wp0.64_g1.0_k1.0_s1.0,0.64,1.0,1.0,1.0,192,178.56,194.48,179.96,161.24,33.24,4.6,0.92,34.2
tonefine_wp0.64_g1.0_k1.0_s1.0,0.64,1.0,1.0,1.0,196,183.91,199.96,185.03,166.74,33.22,8.28,0.21,33.3
tonefine_wp0.64_g1.0_k1.0_s1.0,0.64,1.0,1.0,1.0,200,252.1,253.19,252.18,250.93,2.25,2.26,11.708,
tonefine_wp0.64_g1.4_k1.0_s1.0,0.64,1.4,1.0,1.0,100,42.35,39.66,43.14,44.24,4.58,81.89,0.063,
tonefine_wp0.64_g1.4_k1.0_s1.0,0.64,1.4,1.0,1.0,104,6.89,3.66,9.91,7.12,6.25,14.47,0.105,
tonefine_wp0.64_g1.4_k1.0_s1.0,0.64,1.4,1.0,1.0,108,0.02,0.01,0.05,0.01,0.04,0.16,2.133,
tonefine_wp0.64_g1.4_k1.0_s1.0,0.64,1.4,1.0,1.0,112,0.72,0.92,0.68,0.56,0.36,6.2,0.097,
tonefine_wp0.64_g1.4_k1.0_s1.0,0.64,1.4,1.0,1.0,116,28.09,29.29,27.37,27.6,1.92,55.09,0.002,
tonefine_wp0.64_g1.4_k1.0_s1.0,0.64,1.4,1.0,1.0,120,30.46,31.39,29.79,30.21,1.6,55.73,0.006,
tonefine_wp0.64_g1.4_k1.0_s1.0,0.64,1.4,1.0,1.0,124,35.02,35.34,34.14,35.59,1.45,55.69,0.019,
tonefine_wp0.64_g1.4_k1.0_s1.0,0.64,1.4,1.0,1.0,128,46.03,46.67,45.61,45.8,1.06,51.38,0.05,
tonefine_wp0.64_g1.4_k1.0_s1.0,0.64,1.4,1.0,1.0,132,44.7,45.71,44.84,43.56,2.14,26.35,0.489,
tonefine_wp0.64_g1.4_k1.0_s1.0,0.64,1.4,1.0,1.0,136,26.09,24.69,28.04,25.55,3.35,16.93,224.592,
tonefine_wp0.64_g1.4_k1.0_s1.0,0.64,1.4,1.0,1.0,140,18.8,12.47,22.6,21.34,10.13,8.53,0.919,173.5
tonefine_wp0.64_g1.4_k1.0_s1.0,0.64,1.4,1.0,1.0,144,44.26,41.1,49.41,42.28,8.31,72.39,0.081,127.5
tonefine_wp0.64_g1.4_k1.0_s1.0,0.64,1.4,1.0,1.0,148,246.09,249.54,242.77,245.95,6.77,4.41,0.353,
tonefine_wp0.64_g1.4_k1.0_s1.0,0.64,1.4,1.0,1.0,152,57.2,46.68,67.79,57.15,21.11,23.06,0.242,149.7
tonefine_wp0.64_g1.4_k1.0_s1.0,0.64,1.4,1.0,1.0,156,73.23,65.74,82.76,71.19,17.02,36.26,0.045,138.3
tonefine_wp0.64_g1.4_k1.0_s1.0,0.64,1.4,1.0,1.0,160,73.69,68.24,82.04,70.79,13.8,40.45,0.003,130.0
tonefine_wp0.64_g1.4_k1.0_s1.0,0.64,1.4,1.0,1.0,164,77.71,76.46,83.5,73.18,10.32,40.92,0.003,101.9
tonefine_wp0.64_g1.4_k1.0_s1.0,0.64,1.4,1.0,1.0,168,99.11,100.83,100.38,96.11,4.72,33.76,0.002,
tonefine_wp0.64_g1.4_k1.0_s1.0,0.64,1.4,1.0,1.0,172,112.2,117.22,111.78,107.61,9.61,29.93,0.003,25.6
tonefine_wp0.64_g1.4_k1.0_s1.0,0.64,1.4,1.0,1.0,176,124.4,130.67,125.16,117.36,13.31,25.34,0.003,35.7
tonefine_wp0.64_g1.4_k1.0_s1.0,0.64,1.4,1.0,1.0,180,131.88,140.69,131.53,123.42,17.27,18.83,0.013,28.0
tonefine_wp0.64_g1.4_k1.0_s1.0,0.64,1.4,1.0,1.0,184,133.38,142.17,132.09,125.87,16.3,4.65,0.713,22.2
tonefine_wp0.64_g1.4_k1.0_s1.0,0.64,1.4,1.0,1.0,188,140.92,150.94,139.18,132.64,18.3,3.67,49.524,20.7
tonefine_wp0.64_g1.4_k1.0_s1.0,0.64,1.4,1.0,1.0,192,106.57,111.82,111.3,96.58,15.25,9.03,0.505,58.3
tonefine_wp0.64_g1.4_k1.0_s1.0,0.64,1.4,1.0,1.0,196,97.59,100.02,107.08,85.66,21.41,5.5,0.748,78.9
tonefine_wp0.64_g1.4_k1.0_s1.0,0.64,1.4,1.0,1.0,200,251.23,252.13,250.71,250.84,1.42,2.66,7.583,
tonefine_wp0.64_g1.8_k1.0_s1.0,0.64,1.8,1.0,1.0,100,16.54,15.76,17.0,16.88,1.24,51.66,0.231,
tonefine_wp0.64_g1.8_k1.0_s1.0,0.64,1.8,1.0,1.0,104,0.22,0.0,0.16,0.5,0.5,0.62,10.076,
tonefine_wp0.64_g1.8_k1.0_s1.0,0.64,1.8,1.0,1.0,108,3.53,3.7,3.59,3.31,0.39,18.11,0.165,
tonefine_wp0.64_g1.8_k1.0_s1.0,0.64,1.8,1.0,1.0,112,16.69,17.63,16.46,15.97,1.66,36.99,0.001,
tonefine_wp0.64_g1.8_k1.0_s1.0,0.64,1.8,1.0,1.0,116,17.02,18.04,16.97,16.04,2.0,37.53,0.003,
tonefine_wp0.64_g1.8_k1.0_s1.0,0.64,1.8,1.0,1.0,120,18.79,19.41,17.95,19.02,1.46,39.16,0.008,
tonefine_wp0.64_g1.8_k1.0_s1.0,0.64,1.8,1.0,1.0,124,2.57,1.56,1.41,4.73,3.32,5.67,216.561,
tonefine_wp0.64_g1.8_k1.0_s1.0,0.64,1.8,1.0,1.0,128,14.42,15.64,11.04,16.58,5.53,13.5,5.473,
tonefine_wp0.64_g1.8_k1.0_s1.0,0.64,1.8,1.0,1.0,132,34.69,39.4,31.67,33.0,7.73,40.54,0.143,
tonefine_wp0.64_g1.8_k1.0_s1.0,0.64,1.8,1.0,1.0,136,30.52,36.83,28.03,26.69,10.14,41.26,0.135,7.0
tonefine_wp0.64_g1.8_k1.0_s1.0,0.64,1.8,1.0,1.0,140,19.0,21.53,18.61,16.87,4.66,37.22,0.001,
tonefine_wp0.64_g1.8_k1.0_s1.0,0.64,1.8,1.0,1.0,144,244.16,247.2,242.29,242.98,4.91,9.84,0.249,
tonefine_wp0.64_g1.8_k1.0_s1.0,0.64,1.8,1.0,1.0,148,251.95,253.31,250.74,251.8,2.57,13.68,0.294,
tonefine_wp0.64_g1.8_k1.0_s1.0,0.64,1.8,1.0,1.0,152,40.88,36.39,44.39,41.87,8.0,33.01,0.178,162.1
tonefine_wp0.64_g1.8_k1.0_s1.0,0.64,1.8,1.0,1.0,156,54.13,51.91,59.97,50.51,9.46,34.61,0.013,112.1
tonefine_wp0.64_g1.8_k1.0_s1.0,0.64,1.8,1.0,1.0,160,47.08,47.99,49.6,43.66,5.94,35.17,0.006,
tonefine_wp0.64_g1.8_k1.0_s1.0,0.64,1.8,1.0,1.0,164,53.94,57.57,56.26,47.98,9.59,31.69,0.009,52.7
tonefine_wp0.64_g1.8_k1.0_s1.0,0.64,1.8,1.0,1.0,168,77.51,82.36,76.25,73.93,8.43,25.64,0.006,15.4
tonefine_wp0.64_g1.8_k1.0_s1.0,0.64,1.8,1.0,1.0,172,79.48,84.43,77.27,76.74,7.69,5.56,0.234,
tonefine_wp0.64_g1.8_k1.0_s1.0,0.64,1.8,1.0,1.0,176,90.71,99.28,87.48,85.37,13.91,3.74,1.819,8.1
tonefine_wp0.64_g1.8_k1.0_s1.0,0.64,1.8,1.0,1.0,180,102.27,112.44,98.34,96.03,16.41,3.45,1.389,7.5
tonefine_wp0.64_g1.8_k1.0_s1.0,0.64,1.8,1.0,1.0,184,115.12,125.77,111.53,108.05,17.73,13.9,0.006,10.7
tonefine_wp0.64_g1.8_k1.0_s1.0,0.64,1.8,1.0,1.0,188,121.23,130.41,117.74,115.53,14.88,18.02,0.15,7.9
tonefine_wp0.64_g1.8_k1.0_s1.0,0.64,1.8,1.0,1.0,192,54.81,47.82,61.47,55.13,13.66,29.46,0.02,152.4
tonefine_wp0.64_g1.8_k1.0_s1.0,0.64,1.8,1.0,1.0,196,174.8,173.19,178.08,173.14,4.94,94.21,0.037,
tonefine_wp0.64_g1.8_k1.0_s1.0,0.64,1.8,1.0,1.0,200,250.69,252.19,250.9,248.97,3.21,3.57,0.214,
tonefine_wp0.75_g1.0_k1.0_s1.0,0.75,1.0,1.0,1.0,100,96.54,83.18,107.65,98.78,24.47,88.2,0.075,159.0
tonefine_wp0.75_g1.0_k1.0_s1.0,0.75,1.0,1.0,1.0,104,64.75,47.52,81.97,64.77,34.45,39.2,0.114,150.0
tonefine_wp0.75_g1.0_k1.0_s1.0,0.75,1.0,1.0,1.0,108,46.23,28.83,66.22,43.64,37.39,6.67,0.532,143.2
tonefine_wp0.75_g1.0_k1.0_s1.0,0.75,1.0,1.0,1.0,112,45.88,31.35,65.09,41.18,33.74,7.25,11.794,136.5
tonefine_wp0.75_g1.0_k1.0_s1.0,0.75,1.0,1.0,1.0,116,79.33,71.9,94.12,71.97,22.22,48.01,0.093,120.1
tonefine_wp0.75_g1.0_k1.0_s1.0,0.75,1.0,1.0,1.0,120,108.71,105.04,119.29,101.8,17.49,51.66,0.023,110.0
tonefine_wp0.75_g1.0_k1.0_s1.0,0.75,1.0,1.0,1.0,124,124.9,125.87,133.75,115.07,18.68,46.01,0.032,84.8
tonefine_wp0.75_g1.0_k1.0_s1.0,0.75,1.0,1.0,1.0,128,139.44,146.58,144.75,127.01,19.57,38.25,0.034,55.1
tonefine_wp0.75_g1.0_k1.0_s1.0,0.75,1.0,1.0,1.0,132,150.73,162.69,154.9,134.6,28.09,30.38,0.047,44.4
tonefine_wp0.75_g1.0_k1.0_s1.0,0.75,1.0,1.0,1.0,136,139.21,152.95,145.12,119.57,33.38,10.29,67.773,47.0
tonefine_wp0.75_g1.0_k1.0_s1.0,0.75,1.0,1.0,1.0,140,140.34,152.69,146.72,121.61,31.08,4.9,7.799,49.6
tonefine_wp0.75_g1.0_k1.0_s1.0,0.75,1.0,1.0,1.0,144,153.95,165.66,160.19,136.0,29.66,28.2,0.071,50.0
tonefine_wp0.75_g1.0_k1.0_s1.0,0.75,1.0,1.0,1.0,148,249.17,252.82,246.46,248.22,6.35,3.74,0.156,
tonefine_wp0.75_g1.0_k1.0_s1.0,0.75,1.0,1.0,1.0,152,163.37,179.18,169.17,141.77,37.41,9.44,0.413,45.0
tonefine_wp0.75_g1.0_k1.0_s1.0,0.75,1.0,1.0,1.0,156,176.59,192.81,181.81,155.16,37.65,16.92,0.096,43.5
tonefine_wp0.75_g1.0_k1.0_s1.0,0.75,1.0,1.0,1.0,160,184.1,200.21,187.67,164.43,35.78,21.88,0.007,39.8
tonefine_wp0.75_g1.0_k1.0_s1.0,0.75,1.0,1.0,1.0,164,189.45,205.76,191.1,171.49,34.27,21.62,0.003,34.8
tonefine_wp0.75_g1.0_k1.0_s1.0,0.75,1.0,1.0,1.0,168,200.08,212.86,200.97,186.41,26.44,18.26,0.003,33.3
tonefine_wp0.75_g1.0_k1.0_s1.0,0.75,1.0,1.0,1.0,172,208.4,217.53,209.59,198.08,19.45,15.76,0.003,36.1
tonefine_wp0.75_g1.0_k1.0_s1.0,0.75,1.0,1.0,1.0,176,215.52,221.9,217.49,207.15,14.75,12.66,0.007,43.1
tonefine_wp0.75_g1.0_k1.0_s1.0,0.75,1.0,1.0,1.0,180,220.9,226.83,222.02,213.86,12.98,10.79,0.015,38.5
tonefine_wp0.75_g1.0_k1.0_s1.0,0.75,1.0,1.0,1.0,184,222.95,227.13,224.83,216.88,10.26,8.38,0.019,47.7
tonefine_wp0.75_g1.0_k1.0_s1.0,0.75,1.0,1.0,1.0,188,227.77,233.97,229.13,220.22,13.75,3.31,0.467,39.7
tonefine_wp0.75_g1.0_k1.0_s1.0,0.75,1.0,1.0,1.0,192,224.49,237.87,222.03,213.56,24.31,4.5,0.523,20.1
tonefine_wp0.75_g1.0_k1.0_s1.0,0.75,1.0,1.0,1.0,196,227.31,242.23,225.65,214.04,28.18,3.41,3.407,24.2
tonefine_wp0.75_g1.0_k1.0_s1.0,0.75,1.0,1.0,1.0,200,252.08,253.53,252.07,250.64,2.89,2.51,4.591,
tonefine_wp0.75_g1.4_k1.0_s1.0,0.75,1.4,1.0,1.0,100,34.09,29.47,37.77,35.03,8.3,69.8,0.161,161.0
tonefine_wp0.75_g1.4_k1.0_s1.0,0.75,1.4,1.0,1.0,104,20.1,9.65,28.36,22.29,18.71,11.06,0.12,161.5
tonefine_wp0.75_g1.4_k1.0_s1.0,0.75,1.4,1.0,1.0,108,4.09,0.68,8.9,2.68,8.22,3.55,1.332,133.5
tonefine_wp0.75_g1.4_k1.0_s1.0,0.75,1.4,1.0,1.0,112,14.88,13.91,16.14,14.58,2.23,45.73,0.086,
tonefine_wp0.75_g1.4_k1.0_s1.0,0.75,1.4,1.0,1.0,116,44.16,40.94,46.51,45.03,5.58,70.76,0.011,
tonefine_wp0.75_g1.4_k1.0_s1.0,0.75,1.4,1.0,1.0,120,51.19,44.21,55.3,54.05,11.09,69.66,0.017,174.1
tonefine_wp0.75_g1.4_k1.0_s1.0,0.75,1.4,1.0,1.0,124,60.58,51.4,66.38,63.95,14.99,66.41,0.031,171.3
tonefine_wp0.75_g1.4_k1.0_s1.0,0.75,1.4,1.0,1.0,128,63.71,54.9,70.13,66.09,15.23,54.39,0.048,165.2
tonefine_wp0.75_g1.4_k1.0_s1.0,0.75,1.4,1.0,1.0,132,58.19,50.17,65.26,59.15,15.08,12.1,7.377,156.3
tonefine_wp0.75_g1.4_k1.0_s1.0,0.75,1.4,1.0,1.0,136,49.97,40.51,58.43,50.96,17.92,17.2,647.818,155.5
tonefine_wp0.75_g1.4_k1.0_s1.0,0.75,1.4,1.0,1.0,140,58.68,43.15,70.1,62.8,26.95,46.48,0.033,164.8
tonefine_wp0.75_g1.4_k1.0_s1.0,0.75,1.4,1.0,1.0,144,111.86,102.85,119.84,112.89,16.99,94.8,0.033,156.0
tonefine_wp0.75_g1.4_k1.0_s1.0,0.75,1.4,1.0,1.0,148,247.43,250.77,244.21,247.3,6.56,4.03,0.22,
tonefine_wp0.75_g1.4_k1.0_s1.0,0.75,1.4,1.0,1.0,152,85.9,76.39,98.35,82.97,21.96,32.38,0.281,137.0
tonefine_wp0.75_g1.4_k1.0_s1.0,0.75,1.4,1.0,1.0,156,112.7,109.13,122.36,106.6,15.76,41.54,0.044,111.4
tonefine_wp0.75_g1.4_k1.0_s1.0,0.75,1.4,1.0,1.0,160,120.07,122.13,128.17,109.92,18.26,44.14,0.004,79.0
tonefine_wp0.75_g1.4_k1.0_s1.0,0.75,1.4,1.0,1.0,164,128.11,134.26,133.81,116.27,17.99,40.71,0.004,58.8
tonefine_wp0.75_g1.4_k1.0_s1.0,0.75,1.4,1.0,1.0,168,147.03,154.42,149.99,136.67,17.75,34.04,0.002,46.1
tonefine_wp0.75_g1.4_k1.0_s1.0,0.75,1.4,1.0,1.0,172,158.13,166.43,160.56,147.4,19.03,30.42,0.002,42.5
tonefine_wp0.75_g1.4_k1.0_s1.0,0.75,1.4,1.0,1.0,176,169.77,180.0,170.27,159.05,20.95,26.21,0.002,32.3
tonefine_wp0.75_g1.4_k1.0_s1.0,0.75,1.4,1.0,1.0,180,172.03,183.36,171.92,160.82,22.54,18.99,0.004,29.5
tonefine_wp0.75_g1.4_k1.0_s1.0,0.75,1.4,1.0,1.0,184,173.5,185.41,173.77,161.32,24.09,3.52,0.602,31.1
tonefine_wp0.75_g1.4_k1.0_s1.0,0.75,1.4,1.0,1.0,188,184.15,196.46,184.08,171.92,24.55,3.13,1.401,29.7
tonefine_wp0.75_g1.4_k1.0_s1.0,0.75,1.4,1.0,1.0,192,166.86,182.8,169.21,148.56,34.24,5.2,0.79,36.8
tonefine_wp0.75_g1.4_k1.0_s1.0,0.75,1.4,1.0,1.0,196,171.13,187.36,175.0,151.03,36.33,6.36,0.301,40.5
tonefine_wp0.75_g1.4_k1.0_s1.0,0.75,1.4,1.0,1.0,200,252.08,254.01,252.36,249.87,4.14,2.15,13.664,
tonefine_wp0.75_g1.8_k1.0_s1.0,0.75,1.8,1.0,1.0,100,58.45,55.67,59.38,60.32,4.65,96.19,0.069,
tonefine_wp0.75_g1.8_k1.0_s1.0,0.75,1.8,1.0,1.0,104,11.73,7.06,13.89,14.25,7.19,29.6,0.306,
tonefine_wp0.75_g1.8_k1.0_s1.0,0.75,1.8,1.0,1.0,108,0.71,0.24,0.9,0.98,0.74,5.04,690.52,
tonefine_wp0.75_g1.8_k1.0_s1.0,0.75,1.8,1.0,1.0,112,1.06,1.09,1.08,1.02,0.07,8.19,0.104,
tonefine_wp0.75_g1.8_k1.0_s1.0,0.75,1.8,1.0,1.0,116,31.96,32.66,30.99,32.24,1.67,63.38,0.001,
tonefine_wp0.75_g1.8_k1.0_s1.0,0.75,1.8,1.0,1.0,120,33.32,34.77,31.74,33.46,3.04,64.08,0.001,
tonefine_wp0.75_g1.8_k1.0_s1.0,0.75,1.8,1.0,1.0,124,36.87,38.07,34.99,37.54,3.08,64.45,0.007,
tonefine_wp0.75_g1.8_k1.0_s1.0,0.75,1.8,1.0,1.0,128,44.85,46.67,43.32,44.56,3.35,61.06,0.03,
tonefine_wp0.75_g1.8_k1.0_s1.0,0.75,1.8,1.0,1.0,132,33.7,37.12,31.56,32.41,5.56,18.49,1.558,
tonefine_wp0.75_g1.8_k1.0_s1.0,0.75,1.8,1.0,1.0,136,19.68,22.23,19.65,17.15,5.08,17.41,504.374,
tonefine_wp0.75_g1.8_k1.0_s1.0,0.75,1.8,1.0,1.0,140,15.86,15.61,16.36,15.62,0.75,24.07,0.076,
tonefine_wp0.75_g1.8_k1.0_s1.0,0.75,1.8,1.0,1.0,144,64.14,64.65,64.95,62.82,2.13,96.17,0.049,
tonefine_wp0.75_g1.8_k1.0_s1.0,0.75,1.8,1.0,1.0,148,246.95,250.93,243.64,246.27,7.28,4.02,0.269,
tonefine_wp0.75_g1.8_k1.0_s1.0,0.75,1.8,1.0,1.0,152,47.91,39.23,57.52,46.97,18.29,16.44,0.395,144.9
tonefine_wp0.75_g1.8_k1.0_s1.0,0.75,1.8,1.0,1.0,156,68.64,61.75,77.66,66.51,15.92,40.43,0.066,136.9
tonefine_wp0.75_g1.8_k1.0_s1.0,0.75,1.8,1.0,1.0,160,76.43,71.6,84.43,73.25,12.83,49.56,0.003,126.8
tonefine_wp0.75_g1.8_k1.0_s1.0,0.75,1.8,1.0,1.0,164,80.04,80.2,85.73,74.18,11.54,49.5,0.003,88.6
tonefine_wp0.75_g1.8_k1.0_s1.0,0.75,1.8,1.0,1.0,168,101.58,102.64,103.03,99.05,3.98,41.74,0.002,
tonefine_wp0.75_g1.8_k1.0_s1.0,0.75,1.8,1.0,1.0,172,111.5,112.39,111.95,110.16,2.23,37.9,0.001,
tonefine_wp0.75_g1.8_k1.0_s1.0,0.75,1.8,1.0,1.0,176,125.27,131.96,124.42,119.42,12.55,33.78,0.002,23.4
tonefine_wp0.75_g1.8_k1.0_s1.0,0.75,1.8,1.0,1.0,180,127.74,135.84,126.99,120.38,15.46,21.85,0.019,25.2
tonefine_wp0.75_g1.8_k1.0_s1.0,0.75,1.8,1.0,1.0,184,132.81,141.95,131.72,124.77,17.18,3.41,9.32,23.7
tonefine_wp0.75_g1.8_k1.0_s1.0,0.75,1.8,1.0,1.0,188,141.57,151.37,140.32,133.03,18.34,3.68,54.352,23.3
tonefine_wp0.75_g1.8_k1.0_s1.0,0.75,1.8,1.0,1.0,192,109.68,114.7,115.02,99.3,15.72,8.52,0.446,61.0
tonefine_wp0.75_g1.8_k1.0_s1.0,0.75,1.8,1.0,1.0,196,104.22,106.17,114.37,92.12,22.24,13.19,0.147,81.4
tonefine_wp0.75_g1.8_k1.0_s1.0,0.75,1.8,1.0,1.0,200,251.87,252.84,252.02,250.73,2.11,2.44,9.325,
tonefine_wp0.88_g1.0_k1.0_s1.0,0.88,1.0,1.0,1.0,100,89.48,80.79,104.05,83.6,23.26,29.8,0.319,126.4
tonefine_wp0.88_g1.0_k1.0_s1.0,0.88,1.0,1.0,1.0,104,97.08,93.64,111.4,86.2,25.2,4.05,2.376,103.3
tonefine_wp0.88_g1.0_k1.0_s1.0,0.88,1.0,1.0,1.0,108,93.76,94.24,109.05,78.0,31.04,4.32,2.422,88.5
tonefine_wp0.88_g1.0_k1.0_s1.0,0.88,1.0,1.0,1.0,112,110.7,115.17,123.05,93.87,29.17,26.28,0.053,75.1
tonefine_wp0.88_g1.0_k1.0_s1.0,0.88,1.0,1.0,1.0,116,138.43,145.55,147.99,121.76,26.23,40.07,0.012,64.8
tonefine_wp0.88_g1.0_k1.0_s1.0,0.88,1.0,1.0,1.0,120,153.81,163.87,161.18,136.37,27.5,34.03,0.009,54.9
tonefine_wp0.88_g1.0_k1.0_s1.0,0.88,1.0,1.0,1.0,124,166.19,176.57,172.64,149.35,27.22,29.83,0.02,52.3
tonefine_wp0.88_g1.0_k1.0_s1.0,0.88,1.0,1.0,1.0,128,176.62,188.74,180.21,160.92,27.83,24.88,0.04,42.6
tonefine_wp0.88_g1.0_k1.0_s1.0,0.88,1.0,1.0,1.0,132,181.48,196.82,184.86,162.77,34.05,15.38,0.148,39.8
tonefine_wp0.88_g1.0_k1.0_s1.0,0.88,1.0,1.0,1.0,136,178.57,195.05,181.63,159.04,36.01,7.71,41.05,38.4
tonefine_wp0.88_g1.0_k1.0_s1.0,0.88,1.0,1.0,1.0,140,181.67,197.12,184.47,163.43,33.69,3.77,3.232,38.2
tonefine_wp0.88_g1.0_k1.0_s1.0,0.88,1.0,1.0,1.0,144,187.85,204.24,189.37,169.94,34.31,11.64,0.109,34.4
tonefine_wp0.88_g1.0_k1.0_s1.0,0.88,1.0,1.0,1.0,148,248.84,250.75,246.76,249.0,3.99,3.64,0.371,
tonefine_wp0.88_g1.0_k1.0_s1.0,0.88,1.0,1.0,1.0,152,201.97,215.75,205.48,184.67,31.08,2.95,3.193,41.1
tonefine_wp0.88_g1.0_k1.0_s1.0,0.88,1.0,1.0,1.0,156,205.99,217.33,210.66,189.97,27.35,2.94,3.527,46.5
tonefine_wp0.88_g1.0_k1.0_s1.0,0.88,1.0,1.0,1.0,160,209.52,218.97,214.2,195.38,23.59,2.96,1.2,49.0
tonefine_wp0.88_g1.0_k1.0_s1.0,0.88,1.0,1.0,1.0,164,214.03,224.8,215.82,201.47,23.33,3.05,0.952,37.6
tonefine_wp0.88_g1.0_k1.0_s1.0,0.88,1.0,1.0,1.0,168,225.33,231.33,226.51,218.16,13.16,5.33,0.05,38.8
tonefine_wp0.88_g1.0_k1.0_s1.0,0.88,1.0,1.0,1.0,172,232.77,234.2,234.95,229.16,5.79,7.72,0.019,
tonefine_wp0.88_g1.0_k1.0_s1.0,0.88,1.0,1.0,1.0,176,240.2,238.44,242.9,239.25,4.47,5.71,0.05,
tonefine_wp0.88_g1.0_k1.0_s1.0,0.88,1.0,1.0,1.0,180,243.75,240.58,245.88,244.78,5.3,4.98,0.135,
tonefine_wp0.88_g1.0_k1.0_s1.0,0.88,1.0,1.0,1.0,184,247.74,241.93,250.58,250.72,8.78,2.76,1.267,180.8
tonefine_wp0.88_g1.0_k1.0_s1.0,0.88,1.0,1.0,1.0,188,249.13,243.24,252.29,251.87,9.05,2.34,0.901,177.7
tonefine_wp0.88_g1.0_k1.0_s1.0,0.88,1.0,1.0,1.0,192,253.36,251.57,254.42,254.07,2.85,1.82,0.627,
tonefine_wp0.88_g1.0_k1.0_s1.0,0.88,1.0,1.0,1.0,196,252.85,251.76,253.3,253.49,1.73,2.11,2.833,
tonefine_wp0.88_g1.0_k1.0_s1.0,0.88,1.0,1.0,1.0,200,252.28,252.81,252.2,251.84,0.98,2.27,2.151,
tonefine_wp0.88_g1.4_k1.0_s1.0,0.88,1.4,1.0,1.0,100,62.71,51.17,70.77,66.19,19.6,82.17,0.053,167.1
tonefine_wp0.88_g1.4_k1.0_s1.0,0.88,1.4,1.0,1.0,104,34.57,20.25,47.24,36.2,26.99,18.15,0.093,156.0
tonefine_wp0.88_g1.4_k1.0_s1.0,0.88,1.4,1.0,1.0,108,16.73,3.72,29.83,16.64,26.11,5.4,1.175,149.7
tonefine_wp0.88_g1.4_k1.0_s1.0,0.88,1.4,1.0,1.0,112,14.68,3.95,26.03,14.06,22.08,15.95,0.239,147.2
tonefine_wp0.88_g1.4_k1.0_s1.0,0.88,1.4,1.0,1.0,116,55.9,43.8,66.19,57.7,22.39,69.26,0.01,158.0
tonefine_wp0.88_g1.4_k1.0_s1.0,0.88,1.4,1.0,1.0,120,65.02,49.76,75.78,69.5,26.02,65.23,0.012,166.6
tonefine_wp0.88_g1.4_k1.0_s1.0,0.88,1.4,1.0,1.0,124,78.13,65.79,89.09,79.51,23.3,60.14,0.02,155.9
tonefine_wp0.88_g1.4_k1.0_s1.0,0.88,1.4,1.0,1.0,128,98.66,92.02,107.85,96.1,15.83,51.39,0.022,134.3
tonefine_wp0.88_g1.4_k1.0_s1.0,0.88,1.4,1.0,1.0,132,97.94,96.98,105.66,91.19,14.47,16.76,0.78,96.6
tonefine_wp0.88_g1.4_k1.0_s1.0,0.88,1.4,1.0,1.0,136,94.7,95.91,103.41,84.77,18.64,12.82,146.244,83.6
tonefine_wp0.88_g1.4_k1.0_s1.0,0.88,1.4,1.0,1.0,140,102.01,103.76,111.7,90.58,21.13,12.74,0.159,81.8
tonefine_wp0.88_g1.4_k1.0_s1.0,0.88,1.4,1.0,1.0,144,130.13,132.26,137.97,120.16,17.81,51.89,0.066,78.3
tonefine_wp0.88_g1.4_k1.0_s1.0,0.88,1.4,1.0,1.0,148,247.02,250.6,243.92,246.54,6.69,4.04,0.202,
tonefine_wp0.88_g1.4_k1.0_s1.0,0.88,1.4,1.0,1.0,152,138.41,147.28,147.6,120.35,27.25,4.41,0.463,60.6
tonefine_wp0.88_g1.4_k1.0_s1.0,0.88,1.4,1.0,1.0,156,149.2,159.83,157.09,130.68,29.15,15.35,0.085,55.1
tonefine_wp0.88_g1.4_k1.0_s1.0,0.88,1.4,1.0,1.0,160,163.48,174.56,169.58,146.3,28.27,27.59,0.007,50.5
tonefine_wp0.88_g1.4_k1.0_s1.0,0.88,1.4,1.0,1.0,164,173.62,186.1,178.05,156.71,29.39,27.1,0.002,44.6
tonefine_wp0.88_g1.4_k1.0_s1.0,0.88,1.4,1.0,1.0,168,187.72,199.3,189.26,174.62,24.68,21.95,0.002,36.1
tonefine_wp0.88_g1.4_k1.0_s1.0,0.88,1.4,1.0,1.0,172,197.13,205.87,197.95,187.59,18.28,19.51,0.003,34.4
tonefine_wp0.88_g1.4_k1.0_s1.0,0.88,1.4,1.0,1.0,176,206.96,211.38,209.25,200.24,11.13,15.28,0.006,49.6
tonefine_wp0.88_g1.4_k1.0_s1.0,0.88,1.4,1.0,1.0,180,213.77,217.27,216.04,207.99,9.28,12.28,0.008,53.0
tonefine_wp0.88_g1.4_k1.0_s1.0,0.88,1.4,1.0,1.0,184,216.24,218.33,218.71,211.68,7.03,8.09,0.033,
tonefine_wp0.88_g1.4_k1.0_s1.0,0.88,1.4,1.0,1.0,188,222.54,225.51,224.52,217.59,7.92,3.16,1.003,
tonefine_wp0.88_g1.4_k1.0_s1.0,0.88,1.4,1.0,1.0,192,220.61,232.0,219.11,210.73,21.27,4.14,1.025,23.0
tonefine_wp0.88_g1.4_k1.0_s1.0,0.88,1.4,1.0,1.0,196,228.81,241.69,226.91,217.84,23.84,3.41,5.205,22.1
tonefine_wp0.88_g1.4_k1.0_s1.0,0.88,1.4,1.0,1.0,200,251.78,253.33,251.59,250.42,2.91,2.4,2.336,
tonefine_wp0.88_g1.8_k1.0_s1.0,0.88,1.8,1.0,1.0,100,18.14,16.09,19.37,18.97,3.28,54.19,0.262,
tonefine_wp0.88_g1.8_k1.0_s1.0,0.88,1.8,1.0,1.0,104,7.71,2.24,14.44,6.47,12.2,4.74,3.551,140.0
tonefine_wp0.88_g1.8_k1.0_s1.0,0.88,1.8,1.0,1.0,108,3.03,2.73,3.76,2.62,1.14,17.06,0.221,
tonefine_wp0.88_g1.8_k1.0_s1.0,0.88,1.8,1.0,1.0,112,36.41,36.36,36.72,36.15,0.58,70.87,0.003,
tonefine_wp0.88_g1.8_k1.0_s1.0,0.88,1.8,1.0,1.0,116,39.64,38.49,40.35,40.09,1.86,70.45,0.004,
tonefine_wp0.88_g1.8_k1.0_s1.0,0.88,1.8,1.0,1.0,120,45.29,41.76,46.84,47.28,5.52,70.96,0.011,
tonefine_wp0.88_g1.8_k1.0_s1.0,0.88,1.8,1.0,1.0,124,46.74,41.29,50.94,47.99,9.65,66.97,0.022,162.7
tonefine_wp0.88_g1.8_k1.0_s1.0,0.88,1.8,1.0,1.0,128,35.3,29.08,40.63,36.2,11.55,12.94,5.473,157.6
tonefine_wp0.88_g1.8_k1.0_s1.0,0.88,1.8,1.0,1.0,132,48.42,43.15,54.91,47.22,11.76,12.53,8.811,139.9
tonefine_wp0.88_g1.8_k1.0_s1.0,0.88,1.8,1.0,1.0,136,68.04,60.43,75.77,67.92,15.33,55.19,0.025,149.2
tonefine_wp0.88_g1.8_k1.0_s1.0,0.88,1.8,1.0,1.0,140,67.68,58.93,75.48,68.62,16.54,60.32,0.003,155.7
tonefine_wp0.88_g1.8_k1.0_s1.0,0.88,1.8,1.0,1.0,144,172.6,167.98,176.91,172.9,8.94,97.05,0.04,153.4
tonefine_wp0.88_g1.8_k1.0_s1.0,0.88,1.8,1.0,1.0,148,246.82,250.38,244.46,245.63,5.92,6.0,0.042,
tonefine_wp0.88_g1.8_k1.0_s1.0,0.88,1.8,1.0,1.0,152,73.47,60.46,86.77,73.16,26.31,34.08,0.288,148.9
tonefine_wp0.88_g1.8_k1.0_s1.0,0.88,1.8,1.0,1.0,156,104.26,98.26,115.84,98.68,17.58,46.02,0.047,121.2
tonefine_wp0.88_g1.8_k1.0_s1.0,0.88,1.8,1.0,1.0,160,117.91,117.57,126.72,109.44,17.28,45.46,0.003,91.9
tonefine_wp0.88_g1.8_k1.0_s1.0,0.88,1.8,1.0,1.0,164,127.96,133.86,133.93,116.1,17.84,42.02,0.004,60.2
tonefine_wp0.88_g1.8_k1.0_s1.0,0.88,1.8,1.0,1.0,168,149.2,157.4,152.11,138.08,19.33,33.66,0.002,44.6
tonefine_wp0.88_g1.8_k1.0_s1.0,0.88,1.8,1.0,1.0,172,162.0,171.33,164.11,150.55,20.79,28.62,0.001,40.0
tonefine_wp0.88_g1.8_k1.0_s1.0,0.88,1.8,1.0,1.0,176,171.46,182.11,171.81,160.45,21.66,23.65,0.002,31.6
tonefine_wp0.88_g1.8_k1.0_s1.0,0.88,1.8,1.0,1.0,180,173.91,184.3,174.98,162.45,21.86,5.48,0.036,34.8
tonefine_wp0.88_g1.8_k1.0_s1.0,0.88,1.8,1.0,1.0,184,180.42,190.28,180.68,170.29,19.99,2.71,3.566,31.3
tonefine_wp0.88_g1.8_k1.0_s1.0,0.88,1.8,1.0,1.0,188,196.28,207.96,197.05,183.84,24.13,3.68,0.96,33.1
tonefine_wp0.88_g1.8_k1.0_s1.0,0.88,1.8,1.0,1.0,192,181.49,197.41,183.02,164.05,33.36,5.55,0.438,34.5
tonefine_wp0.88_g1.8_k1.0_s1.0,0.88,1.8,1.0,1.0,196,194.57,208.94,196.08,178.67,30.27,16.76,0.085,35.0
tonefine_wp0.88_g1.8_k1.0_s1.0,0.88,1.8,1.0,1.0,200,249.85,251.67,250.19,247.7,3.97,2.85,4.858,
tonefine_wp0.75_g1.0_k2.0_s1.0,0.75,1.0,2.0,1.0,100,51.42,30.46,66.76,57.05,36.3,36.19,0.143,165.0
tonefine_wp0.75_g1.0_k2.0_s1.0,0.75,1.0,2.0,1.0,104,49.83,27.36,69.29,52.84,41.93,4.59,4.151,157.1
tonefine_wp0.75_g1.0_k2.0_s1.0,0.75,1.0,2.0,1.0,108,44.29,24.16,64.66,44.04,40.5,6.64,3.605,149.4
tonefine_wp0.75_g1.0_k2.0_s1.0,0.75,1.0,2.0,1.0,112,69.56,54.35,87.33,67.0,32.97,51.9,0.03,142.3
tonefine_wp0.75_g1.0_k2.0_s1.0,0.75,1.0,2.0,1.0,116,97.22,89.86,110.51,91.28,20.65,55.71,0.015,123.5
tonefine_wp0.75_g1.0_k2.0_s1.0,0.75,1.0,2.0,1.0,120,111.76,105.71,123.1,106.48,17.39,50.21,0.015,122.2
tonefine_wp0.75_g1.0_k2.0_s1.0,0.75,1.0,2.0,1.0,124,126.55,125.26,136.33,118.07,18.27,44.18,0.022,97.0
tonefine_wp0.75_g1.0_k2.0_s1.0,0.75,1.0,2.0,1.0,128,136.63,141.18,142.94,125.76,17.18,36.44,0.052,65.3
tonefine_wp0.75_g1.0_k2.0_s1.0,0.75,1.0,2.0,1.0,132,135.01,145.0,140.04,120.0,25.0,7.61,2.15,49.2
tonefine_wp0.75_g1.0_k2.0_s1.0,0.75,1.0,2.0,1.0,136,134.93,144.7,141.88,118.2,26.49,7.96,49.527,54.5
tonefine_wp0.75_g1.0_k2.0_s1.0,0.75,1.0,2.0,1.0,140,141.75,152.2,148.07,124.99,27.21,17.51,0.107,51.9
tonefine_wp0.75_g1.0_k2.0_s1.0,0.75,1.0,2.0,1.0,144,169.32,177.1,174.61,156.24,20.86,44.99,0.052,53.7
tonefine_wp0.75_g1.0_k2.0_s1.0,0.75,1.0,2.0,1.0,148,246.13,249.63,243.71,245.06,5.92,4.39,0.444,
tonefine_wp0.75_g1.0_k2.0_s1.0,0.75,1.0,2.0,1.0,152,166.56,180.67,172.74,146.28,34.39,7.5,0.277,47.3
tonefine_wp0.75_g1.0_k2.0_s1.0,0.75,1.0,2.0,1.0,156,176.86,191.15,181.59,157.84,33.31,17.59,0.054,43.8
tonefine_wp0.75_g1.0_k2.0_s1.0,0.75,1.0,2.0,1.0,160,184.94,199.0,188.32,167.51,31.49,22.8,0.003,40.5
tonefine_wp0.75_g1.0_k2.0_s1.0,0.75,1.0,2.0,1.0,164,191.9,205.96,193.94,175.79,30.18,21.69,0.002,36.7
tonefine_wp0.75_g1.0_k2.0_s1.0,0.75,1.0,2.0,1.0,168,202.65,214.43,202.84,190.68,23.74,18.27,0.001,30.8
tonefine_wp0.75_g1.0_k2.0_s1.0,0.75,1.0,2.0,1.0,172,209.81,216.22,211.37,201.85,14.37,15.81,0.004,40.6
tonefine_wp0.75_g1.0_k2.0_s1.0,0.75,1.0,2.0,1.0,176,216.85,221.2,219.32,210.03,11.17,13.13,0.012,51.0
tonefine_wp0.75_g1.0_k2.0_s1.0,0.75,1.0,2.0,1.0,180,221.13,224.15,223.01,216.22,7.93,10.83,0.01,
tonefine_wp0.75_g1.0_k2.0_s1.0,0.75,1.0,2.0,1.0,184,223.11,225.81,224.98,218.54,7.28,7.74,0.051,
tonefine_wp0.75_g1.0_k2.0_s1.0,0.75,1.0,2.0,1.0,188,227.36,230.93,229.31,221.84,9.08,3.35,0.737,50.4
tonefine_wp0.75_g1.0_k2.0_s1.0,0.75,1.0,2.0,1.0,192,221.61,233.54,219.45,211.83,21.71,4.65,0.769,20.2
tonefine_wp0.75_g1.0_k2.0_s1.0,0.75,1.0,2.0,1.0,196,224.5,237.73,223.03,212.73,25.0,3.63,4.147,24.2
tonefine_wp0.75_g1.0_k2.0_s1.0,0.75,1.0,2.0,1.0,200,251.16,252.8,251.44,249.24,3.56,2.54,3.855,
tonefine_wp0.75_g1.0_k1.0_s0.7,0.75,1.0,1.0,0.7,100,93.48,72.38,106.58,101.5,34.2,83.01,0.042,172.1
tonefine_wp0.75_g1.0_k1.0_s0.7,0.75,1.0,1.0,0.7,104,60.0,37.87,78.68,63.46,40.82,28.9,0.055,158.3
tonefine_wp0.75_g1.0_k1.0_s0.7,0.75,1.0,1.0,0.7,108,47.66,26.77,68.31,47.9,41.54,5.66,1.893,150.6
tonefine_wp0.75_g1.0_k1.0_s0.7,0.75,1.0,1.0,0.7,112,51.09,33.71,70.11,49.44,36.41,7.24,3.811,145.5
tonefine_wp0.75_g1.0_k1.0_s0.7,0.75,1.0,1.0,0.7,116,90.67,80.29,104.66,87.07,24.37,55.54,0.024,135.6
tonefine_wp0.75_g1.0_k1.0_s0.7,0.75,1.0,1.0,0.7,120,111.06,103.02,122.66,107.5,19.65,51.19,0.014,132.6
tonefine_wp0.75_g1.0_k1.0_s0.7,0.75,1.0,1.0,0.7,124,126.91,123.47,136.64,120.62,16.01,44.99,0.025,110.4
tonefine_wp0.75_g1.0_k1.0_s0.7,0.75,1.0,1.0,0.7,128,141.94,145.16,147.77,132.87,14.9,37.81,0.032,69.4
tonefine_wp0.75_g1.0_k1.0_s0.7,0.75,1.0,1.0,0.7,132,145.09,154.0,149.53,131.74,22.26,23.98,0.14,49.1
tonefine_wp0.75_g1.0_k1.0_s0.7,0.75,1.0,1.0,0.7,136,137.97,147.57,144.1,122.24,25.33,9.75,72.749,52.7
tonefine_wp0.75_g1.0_k1.0_s0.7,0.75,1.0,1.0,0.7,140,137.35,145.01,144.53,122.51,22.5,5.47,4.391,58.9
tonefine_wp0.75_g1.0_k1.0_s0.7,0.75,1.0,1.0,0.7,144,152.11,158.9,159.7,137.72,21.98,31.4,0.088,61.8
tonefine_wp0.75_g1.0_k1.0_s0.7,0.75,1.0,1.0,0.7,148,246.78,249.39,244.26,246.7,5.13,4.11,0.207,
tonefine_wp0.75_g1.0_k1.0_s0.7,0.75,1.0,1.0,0.7,152,163.74,174.54,171.29,145.38,29.16,2.92,1.571,54.2
tonefine_wp0.75_g1.0_k1.0_s0.7,0.75,1.0,1.0,0.7,156,169.96,181.75,175.75,152.38,29.37,2.9,3.149,48.8
tonefine_wp0.75_g1.0_k1.0_s0.7,0.75,1.0,1.0,0.7,160,174.79,187.92,179.65,156.78,31.14,7.6,0.057,45.1
tonefine_wp0.75_g1.0_k1.0_s0.7,0.75,1.0,1.0,0.7,164,187.87,201.06,191.14,171.42,29.64,21.21,0.005,40.8
tonefine_wp0.75_g1.0_k1.0_s0.7,0.75,1.0,1.0,0.7,168,202.71,212.79,203.22,192.13,20.66,19.39,0.001,32.4
tonefine_wp0.75_g1.0_k1.0_s0.7,0.75,1.0,1.0,0.7,172,209.79,214.41,211.4,203.56,10.86,16.43,0.004,44.4
tonefine_wp0.75_g1.0_k1.0_s0.7,0.75,1.0,1.0,0.7,176,217.21,219.99,219.41,212.23,7.77,13.66,0.006,
tonefine_wp0.75_g1.0_k1.0_s0.7,0.75,1.0,1.0,0.7,180,222.1,224.33,224.09,217.88,6.46,11.01,0.009,
tonefine_wp0.75_g1.0_k1.0_s0.7,0.75,1.0,1.0,0.7,184,226.78,227.18,229.28,223.87,5.41,9.17,0.011,
tonefine_wp0.75_g1.0_k1.0_s0.7,0.75,1.0,1.0,0.7,188,230.09,232.75,231.73,225.81,6.94,6.44,0.093,
tonefine_wp0.75_g1.0_k1.0_s0.7,0.75,1.0,1.0,0.7,192,224.02,233.56,222.96,215.54,18.02,6.63,0.334,24.2
tonefine_wp0.75_g1.0_k1.0_s0.7,0.75,1.0,1.0,0.7,196,224.12,236.61,223.0,212.73,23.88,3.47,2.532,25.4
tonefine_wp0.75_g1.0_k1.0_s0.7,0.75,1.0,1.0,0.7,200,250.8,252.01,250.53,249.84,2.17,2.67,3.619,
tonefine_wp0.75_g1.0_k1.0_s1.3,0.75,1.0,1.0,1.3,100,59.09,37.29,72.72,67.26,35.43,42.9,0.114,171.8
tonefine_wp0.75_g1.0_k1.0_s1.3,0.75,1.0,1.0,1.3,104,54.15,31.24,72.07,59.15,40.83,4.29,2.519,162.0
tonefine_wp0.75_g1.0_k1.0_s1.3,0.75,1.0,1.0,1.3,108,49.61,30.31,68.52,49.99,38.21,6.21,5.273,151.0
tonefine_wp0.75_g1.0_k1.0_s1.3,0.75,1.0,1.0,1.3,112,71.06,57.1,86.68,69.41,29.58,44.83,0.05,144.5
tonefine_wp0.75_g1.0_k1.0_s1.3,0.75,1.0,1.0,1.3,116,102.98,93.85,115.07,100.0,21.22,56.4,0.024,136.4
tonefine_wp0.75_g1.0_k1.0_s1.3,0.75,1.0,1.0,1.3,120,117.75,111.74,127.54,113.97,15.8,50.21,0.023,127.5
tonefine_wp0.75_g1.0_k1.0_s1.3,0.75,1.0,1.0,1.3,124,132.72,130.03,141.49,126.64,14.85,44.09,0.036,107.4
tonefine_wp0.75_g1.0_k1.0_s1.3,0.75,1.0,1.0,1.3,128,144.21,149.17,148.64,134.81,14.36,37.57,0.052,58.1
tonefine_wp0.75_g1.0_k1.0_s1.3,0.75,1.0,1.0,1.3,132,140.41,148.78,145.24,127.2,21.59,8.26,2.686,51.2
tonefine_wp0.75_g1.0_k1.0_s1.3,0.75,1.0,1.0,1.3,136,140.77,150.5,145.9,125.93,24.57,10.25,157.164,49.9
tonefine_wp0.75_g1.0_k1.0_s1.3,0.75,1.0,1.0,1.3,140,142.1,150.21,148.65,127.45,22.76,15.24,0.045,56.5
tonefine_wp0.75_g1.0_k1.0_s1.3,0.75,1.0,1.0,1.3,144,168.03,174.3,173.61,156.19,18.11,43.8,0.043,58.1
tonefine_wp0.75_g1.0_k1.0_s1.3,0.75,1.0,1.0,1.3,148,248.37,251.0,245.73,248.37,5.27,3.86,0.202,
tonefine_wp0.75_g1.0_k1.0_s1.3,0.75,1.0,1.0,1.3,152,167.33,178.76,173.98,149.25,29.51,4.64,0.383,51.3
tonefine_wp0.75_g1.0_k1.0_s1.3,0.75,1.0,1.0,1.3,156,176.98,188.36,182.62,159.98,28.37,14.84,0.073,49.0
tonefine_wp0.75_g1.0_k1.0_s1.3,0.75,1.0,1.0,1.3,160,188.1,199.9,191.97,172.41,27.49,22.98,0.003,43.7
tonefine_wp0.75_g1.0_k1.0_s1.3,0.75,1.0,1.0,1.3,164,196.15,208.61,197.82,182.01,26.6,22.59,0.001,36.2
tonefine_wp0.75_g1.0_k1.0_s1.3,0.75,1.0,1.0,1.3,168,207.6,216.16,208.09,198.54,17.61,18.65,0.002,32.8
tonefine_wp0.75_g1.0_k1.0_s1.3,0.75,1.0,1.0,1.3,172,214.88,218.45,217.02,209.17,9.28,15.41,0.003,51.8
tonefine_wp0.75_g1.0_k1.0_s1.3,0.75,1.0,1.0,1.3,176,221.72,224.26,223.49,217.4,6.86,13.03,0.004,
tonefine_wp0.75_g1.0_k1.0_s1.3,0.75,1.0,1.0,1.3,180,226.09,228.2,228.16,221.91,6.29,10.98,0.008,
tonefine_wp0.75_g1.0_k1.0_s1.3,0.75,1.0,1.0,1.3,184,226.87,228.07,229.16,223.38,5.77,6.31,0.055,
tonefine_wp0.75_g1.0_k1.0_s1.3,0.75,1.0,1.0,1.3,188,231.45,233.72,232.87,227.75,5.97,2.97,1.206,
tonefine_wp0.75_g1.0_k1.0_s1.3,0.75,1.0,1.0,1.3,192,222.9,234.0,221.15,213.56,20.44,4.45,0.554,21.6
tonefine_wp0.75_g1.0_k1.0_s1.3,0.75,1.0,1.0,1.3,196,225.71,238.0,224.5,214.65,23.35,3.54,2.212,24.8
tonefine_wp0.75_g1.0_k1.0_s1.3,0.75,1.0,1.0,1.3,200,252.42,253.42,252.35,251.5,1.93,2.32,8.17,
tonefine_wp0.75_g1.4_k1.5_s1.15,0.75,1.4,1.5,1.15,100,9.97,4.08,11.25,14.58,10.49,8.3,0.194,198.0
tonefine_wp0.75_g1.4_k1.5_s1.15,0.75,1.4,1.5,1.15,104,46.05,36.09,53.42,48.62,17.33,54.59,0.135,164.4
tonefine_wp0.75_g1.4_k1.5_s1.15,0.75,1.4,1.5,1.15,108,47.91,40.78,52.63,50.31,11.86,72.92,0.001,169.4
tonefine_wp0.75_g1.4_k1.5_s1.15,0.75,1.4,1.5,1.15,112,44.34,40.44,46.91,45.66,6.46,74.91,0.001,
tonefine_wp0.75_g1.4_k1.5_s1.15,0.75,1.4,1.5,1.15,116,42.57,35.55,44.88,47.28,11.74,71.73,0.007,191.2
tonefine_wp0.75_g1.4_k1.5_s1.15,0.75,1.4,1.5,1.15,120,16.22,4.34,22.04,22.3,17.96,18.41,0.176,180.7
tonefine_wp0.75_g1.4_k1.5_s1.15,0.75,1.4,1.5,1.15,124,20.51,6.66,29.73,25.14,23.07,6.61,6.267,169.1
tonefine_wp0.75_g1.4_k1.5_s1.15,0.75,1.4,1.5,1.15,128,68.87,59.49,75.9,71.2,16.41,59.77,0.048,163.9
tonefine_wp0.75_g1.4_k1.5_s1.15,0.75,1.4,1.5,1.15,132,87.72,82.24,93.44,87.48,11.2,56.34,0.009,147.9
tonefine_wp0.75_g1.4_k1.5_s1.15,0.75,1.4,1.5,1.15,136,84.84,75.59,93.85,85.08,18.26,57.57,0.003,151.3
tonefine_wp0.75_g1.4_k1.5_s1.15,0.75,1.4,1.5,1.15,140,84.82,78.31,91.75,84.4,13.44,58.6,0.002,146.9
tonefine_wp0.75_g1.4_k1.5_s1.15,0.75,1.4,1.5,1.15,144,255.0,255.0,255.0,255.0,0.0,0.09,3.896,
tonefine_wp0.75_g1.4_k1.5_s1.15,0.75,1.4,1.5,1.15,148,254.99,255.0,254.98,255.0,0.02,0.11,1.064,
tonefine_wp0.75_g1.4_k1.5_s1.15,0.75,1.4,1.5,1.15,152,120.99,116.25,129.55,117.15,13.3,47.25,0.01,123.5
tonefine_wp0.75_g1.4_k1.5_s1.15,0.75,1.4,1.5,1.15,156,128.5,128.01,135.97,121.53,14.44,42.97,0.003,93.4
tonefine_wp0.75_g1.4_k1.5_s1.15,0.75,1.4,1.5,1.15,160,120.58,124.96,126.89,109.87,17.02,32.38,0.096,65.9
tonefine_wp0.75_g1.4_k1.5_s1.15,0.75,1.4,1.5,1.15,164,119.26,127.94,125.1,104.74,23.2,4.78,1.065,53.6
tonefine_wp0.75_g1.4_k1.5_s1.15,0.75,1.4,1.5,1.15,168,140.04,148.49,142.78,128.85,19.64,4.36,3.23,43.6
tonefine_wp0.75_g1.4_k1.5_s1.15,0.75,1.4,1.5,1.15,172,164.73,172.26,167.82,154.1,18.16,27.63,0.124,46.5
tonefine_wp0.75_g1.4_k1.5_s1.15,0.75,1.4,1.5,1.15,176,184.33,189.85,187.44,175.68,14.18,27.39,0.04,50.8
tonefine_wp0.75_g1.4_k1.5_s1.15,0.75,1.4,1.5,1.15,180,191.83,194.85,195.28,185.37,9.91,23.25,0.012,62.2
tonefine_wp0.75_g1.4_k1.5_s1.15,0.75,1.4,1.5,1.15,184,198.39,200.28,202.09,192.79,9.3,19.84,0.007,70.6
tonefine_wp0.75_g1.4_k1.5_s1.15,0.75,1.4,1.5,1.15,188,189.56,194.41,192.83,181.43,12.98,23.61,0.006,53.6
tonefine_wp0.75_g1.4_k1.5_s1.15,0.75,1.4,1.5,1.15,192,181.44,198.55,183.35,162.43,36.12,5.07,0.334,35.2
tonefine_wp0.75_g1.4_k1.5_s1.15,0.75,1.4,1.5,1.15,196,255.0,254.99,255.0,255.0,0.01,0.04,5.184,
tonefine_wp0.75_g1.4_k1.5_s1.15,0.75,1.4,1.5,1.15,200,250.01,252.03,247.69,250.3,4.34,16.66,0.001,
tonefine_wp0.88_g1.8_k2.0_s1.3,0.88,1.8,2.0,1.3,100,4.14,0.94,5.31,6.17,5.23,5.97,0.191,
tonefine_wp0.88_g1.8_k2.0_s1.3,0.88,1.8,2.0,1.3,104,37.84,27.39,44.53,41.59,17.14,56.83,0.137,170.8
tonefine_wp0.88_g1.8_k2.0_s1.3,0.88,1.8,2.0,1.3,108,41.46,38.67,43.66,42.04,4.99,74.36,0.001,
tonefine_wp0.88_g1.8_k2.0_s1.3,0.88,1.8,2.0,1.3,112,39.85,38.28,40.63,40.65,2.37,74.74,0.0,
tonefine_wp0.88_g1.8_k2.0_s1.3,0.88,1.8,2.0,1.3,116,30.83,28.46,31.61,32.42,3.96,67.58,0.034,
tonefine_wp0.88_g1.8_k2.0_s1.3,0.88,1.8,2.0,1.3,120,3.63,0.08,4.6,6.22,6.14,3.41,8.925,
tonefine_wp0.88_g1.8_k2.0_s1.3,0.88,1.8,2.0,1.3,124,15.21,5.82,19.43,20.38,14.57,23.59,0.28,183.4
tonefine_wp0.88_g1.8_k2.0_s1.3,0.88,1.8,2.0,1.3,128,68.81,61.02,74.57,70.83,13.55,65.79,0.022,164.5
tonefine_wp0.88_g1.8_k2.0_s1.3,0.88,1.8,2.0,1.3,132,78.02,70.95,85.23,77.87,14.28,60.7,0.006,149.0
tonefine_wp0.88_g1.8_k2.0_s1.3,0.88,1.8,2.0,1.3,136,79.18,66.71,88.83,81.99,22.12,60.55,0.001,162.4
tonefine_wp0.88_g1.8_k2.0_s1.3,0.88,1.8,2.0,1.3,140,47.36,31.49,59.28,51.3,27.8,16.14,0.048,163.8
tonefine_wp0.88_g1.8_k2.0_s1.3,0.88,1.8,2.0,1.3,144,254.99,255.0,254.99,255.0,0.01,0.11,3.405,
tonefine_wp0.88_g1.8_k2.0_s1.3,0.88,1.8,2.0,1.3,148,205.85,207.05,204.95,205.54,2.1,95.7,0.0,
tonefine_wp0.88_g1.8_k2.0_s1.3,0.88,1.8,2.0,1.3,152,113.58,104.14,124.17,112.43,20.03,51.09,0.01,144.3
tonefine_wp0.88_g1.8_k2.0_s1.3,0.88,1.8,2.0,1.3,156,125.38,120.34,135.27,120.51,14.93,45.0,0.005,120.6
tonefine_wp0.88_g1.8_k2.0_s1.3,0.88,1.8,2.0,1.3,160,113.7,113.44,122.51,105.16,17.35,33.65,0.092,91.5
tonefine_wp0.88_g1.8_k2.0_s1.3,0.88,1.8,2.0,1.3,164,118.6,125.28,124.41,106.12,19.16,5.1,1.002,57.7
tonefine_wp0.88_g1.8_k2.0_s1.3,0.88,1.8,2.0,1.3,168,139.96,147.27,143.76,128.85,18.42,7.41,1.257,49.7
tonefine_wp0.88_g1.8_k2.0_s1.3,0.88,1.8,2.0,1.3,172,171.49,178.86,174.34,161.27,17.58,30.51,0.052,45.7
tonefine_wp0.88_g1.8_k2.0_s1.3,0.88,1.8,2.0,1.3,176,187.23,193.0,189.3,179.38,13.63,26.39,0.031,44.8
tonefine_wp0.88_g1.8_k2.0_s1.3,0.88,1.8,2.0,1.3,180,195.74,198.59,198.37,190.28,8.31,21.24,0.007,58.7
tonefine_wp0.88_g1.8_k2.0_s1.3,0.88,1.8,2.0,1.3,184,204.29,207.3,207.45,198.14,9.31,17.05,0.003,60.8
tonefine_wp0.88_g1.8_k2.0_s1.3,0.88,1.8,2.0,1.3,188,187.85,196.34,190.73,176.48,19.86,8.83,0.04,44.1
tonefine_wp0.88_g1.8_k2.0_s1.3,0.88,1.8,2.0,1.3,192,200.01,215.13,201.75,183.15,31.99,3.73,2.891,35.4
tonefine_wp0.88_g1.8_k2.0_s1.3,0.88,1.8,2.0,1.3,196,255.0,255.0,255.0,255.0,0.0,0.03,3.147,
tonefine_wp0.88_g1.8_k2.0_s1.3,0.88,1.8,2.0,1.3,200,183.54,185.25,182.07,183.3,3.18,104.77,0.0,
tonefine_wp0.75_g1.4_k1.5_s1.0_rep2,0.75,1.4,1.5,1.0,100,31.16,25.89,34.59,32.99,8.7,55.53,0.186,170.0
tonefine_wp0.75_g1.4_k1.5_s1.0_rep2,0.75,1.4,1.5,1.0,104,58.44,49.14,65.81,60.38,16.67,68.1,0.001,161.3
tonefine_wp0.75_g1.4_k1.5_s1.0_rep2,0.75,1.4,1.5,1.0,108,41.29,38.27,43.88,41.7,5.62,73.17,0.001,
tonefine_wp0.75_g1.4_k1.5_s1.0_rep2,0.75,1.4,1.5,1.0,112,35.59,34.05,36.96,35.77,2.91,71.35,0.012,
tonefine_wp0.75_g1.4_k1.5_s1.0_rep2,0.75,1.4,1.5,1.0,116,6.81,5.42,7.65,7.36,2.23,29.66,0.158,
tonefine_wp0.75_g1.4_k1.5_s1.0_rep2,0.75,1.4,1.5,1.0,120,5.4,0.19,8.72,7.28,8.52,4.52,4.596,170.9
tonefine_wp0.75_g1.4_k1.5_s1.0_rep2,0.75,1.4,1.5,1.0,124,36.95,27.09,42.95,40.8,15.85,60.06,0.054,172.8
tonefine_wp0.75_g1.4_k1.5_s1.0_rep2,0.75,1.4,1.5,1.0,128,70.84,60.22,77.75,74.56,17.53,62.67,0.024,170.2
tonefine_wp0.75_g1.4_k1.5_s1.0_rep2,0.75,1.4,1.5,1.0,132,75.41,63.67,84.47,78.09,20.79,59.84,0.006,162.6
tonefine_wp0.75_g1.4_k1.5_s1.0_rep2,0.75,1.4,1.5,1.0,136,77.67,62.64,88.4,81.96,25.75,59.02,0.001,166.1
tonefine_wp0.75_g1.4_k1.5_s1.0_rep2,0.75,1.4,1.5,1.0,140,50.57,37.5,60.63,53.59,23.14,8.41,0.185,162.7
tonefine_wp0.75_g1.4_k1.5_s1.0_rep2,0.75,1.4,1.5,1.0,144,255.0,255.0,254.99,255.0,0.01,0.07,5.334,
tonefine_wp0.75_g1.4_k1.5_s1.0_rep2,0.75,1.4,1.5,1.0,148,209.6,210.72,208.66,209.43,2.05,92.78,0.0,
tonefine_wp0.75_g1.4_k1.5_s1.0_rep2,0.75,1.4,1.5,1.0,152,118.6,110.04,130.47,115.3,20.43,47.42,0.016,134.4
tonefine_wp0.75_g1.4_k1.5_s1.0_rep2,0.75,1.4,1.5,1.0,156,124.46,118.52,136.15,118.71,17.64,43.46,0.002,120.6
tonefine_wp0.75_g1.4_k1.5_s1.0_rep2,0.75,1.4,1.5,1.0,160,109.68,106.81,120.53,101.71,18.82,32.51,0.091,104.8
tonefine_wp0.75_g1.4_k1.5_s1.0_rep2,0.75,1.4,1.5,1.0,164,109.0,111.07,117.37,98.57,18.81,5.14,0.699,79.2
tonefine_wp0.75_g1.4_k1.5_s1.0_rep2,0.75,1.4,1.5,1.0,168,132.55,136.64,136.91,124.1,12.81,4.36,4.118,61.1
tonefine_wp0.75_g1.4_k1.5_s1.0_rep2,0.75,1.4,1.5,1.0,172,157.27,161.47,162.81,147.54,15.27,28.0,0.095,64.6
tonefine_wp0.75_g1.4_k1.5_s1.0_rep2,0.75,1.4,1.5,1.0,176,175.66,181.51,179.3,166.16,15.35,27.27,0.023,52.3
tonefine_wp0.75_g1.4_k1.5_s1.0_rep2,0.75,1.4,1.5,1.0,180,183.25,188.8,186.05,174.9,13.91,23.49,0.007,49.2
tonefine_wp0.75_g1.4_k1.5_s1.0_rep2,0.75,1.4,1.5,1.0,184,190.54,195.28,193.26,183.07,12.2,20.04,0.007,51.2
tonefine_wp0.75_g1.4_k1.5_s1.0_rep2,0.75,1.4,1.5,1.0,188,182.55,189.78,185.19,172.69,17.09,22.19,0.013,45.0
tonefine_wp0.75_g1.4_k1.5_s1.0_rep2,0.75,1.4,1.5,1.0,192,180.85,193.54,187.09,161.92,31.61,3.59,0.951,48.9
tonefine_wp0.75_g1.4_k1.5_s1.0_rep2,0.75,1.4,1.5,1.0,196,255.0,255.0,255.0,255.0,0.0,0.03,2.723,
tonefine_wp0.75_g1.4_k1.5_s1.0_rep2,0.75,1.4,1.5,1.0,200,237.02,239.42,235.2,236.43,4.22,53.05,0.0,
tonefine_wp0.64_g1.8_k2.0_s1.3,0.64,1.8,2.0,1.3,100,0.03,0.0,0.01,0.06,0.06,0.33,0.996,
tonefine_wp0.64_g1.8_k2.0_s1.3,0.64,1.8,2.0,1.3,104,9.57,8.78,9.8,10.12,1.34,30.51,0.211,
tonefine_wp0.64_g1.8_k2.0_s1.3,0.64,1.8,2.0,1.3,108,18.28,18.48,18.79,17.57,1.22,40.54,0.002,
tonefine_wp0.64_g1.8_k2.0_s1.3,0.64,1.8,2.0,1.3,112,16.73,17.39,16.86,15.95,1.44,38.16,0.001,
tonefine_wp0.64_g1.8_k2.0_s1.3,0.64,1.8,2.0,1.3,116,14.32,14.34,14.39,14.22,0.18,36.28,0.021,
tonefine_wp0.64_g1.8_k2.0_s1.3,0.64,1.8,2.0,1.3,120,0.0,0.0,0.0,0.0,0.0,0.21,1.157,
tonefine_wp0.64_g1.8_k2.0_s1.3,0.64,1.8,2.0,1.3,124,0.88,0.87,0.87,0.9,0.03,7.45,0.181,
tonefine_wp0.64_g1.8_k2.0_s1.3,0.64,1.8,2.0,1.3,128,25.08,26.71,24.04,24.49,2.67,43.48,0.02,
tonefine_wp0.64_g1.8_k2.0_s1.3,0.64,1.8,2.0,1.3,132,25.21,29.87,23.02,22.73,7.13,42.37,0.008,
tonefine_wp0.64_g1.8_k2.0_s1.3,0.64,1.8,2.0,1.3,136,22.78,26.69,21.69,19.97,6.73,41.74,0.002,
tonefine_wp0.64_g1.8_k2.0_s1.3,0.64,1.8,2.0,1.3,140,2.06,5.08,0.4,0.7,4.68,3.64,0.224,
tonefine_wp0.64_g1.8_k2.0_s1.3,0.64,1.8,2.0,1.3,144,255.0,255.0,255.0,255.0,0.0,0.03,6.382,
tonefine_wp0.64_g1.8_k2.0_s1.3,0.64,1.8,2.0,1.3,148,200.61,201.14,200.2,200.5,0.94,99.33,0.0,
tonefine_wp0.64_g1.8_k2.0_s1.3,0.64,1.8,2.0,1.3,152,55.52,49.18,61.14,56.24,11.95,38.22,0.032,156.0
tonefine_wp0.64_g1.8_k2.0_s1.3,0.64,1.8,2.0,1.3,156,55.33,48.78,61.58,55.62,12.8,36.18,0.006,152.3
tonefine_wp0.64_g1.8_k2.0_s1.3,0.64,1.8,2.0,1.3,160,30.38,28.99,33.48,28.65,4.83,22.71,0.059,
tonefine_wp0.64_g1.8_k2.0_s1.3,0.64,1.8,2.0,1.3,164,34.09,34.2,34.07,33.99,0.2,7.65,0.805,
tonefine_wp0.64_g1.8_k2.0_s1.3,0.64,1.8,2.0,1.3,168,66.23,63.66,67.38,67.66,4.0,14.54,0.5,
tonefine_wp0.64_g1.8_k2.0_s1.3,0.64,1.8,2.0,1.3,172,93.19,92.51,93.83,93.24,1.31,27.28,0.049,
tonefine_wp0.64_g1.8_k2.0_s1.3,0.64,1.8,2.0,1.3,176,106.46,108.08,106.53,104.77,3.31,23.39,0.06,
tonefine_wp0.64_g1.8_k2.0_s1.3,0.64,1.8,2.0,1.3,180,114.61,116.08,114.29,113.45,2.63,19.88,0.051,
tonefine_wp0.64_g1.8_k2.0_s1.3,0.64,1.8,2.0,1.3,184,117.32,119.87,117.29,114.81,5.05,16.21,0.013,
tonefine_wp0.64_g1.8_k2.0_s1.3,0.64,1.8,2.0,1.3,188,73.79,68.21,78.56,74.61,10.34,15.43,0.016,157.8
tonefine_wp0.64_g1.8_k2.0_s1.3,0.64,1.8,2.0,1.3,192,38.2,26.75,48.52,39.34,21.76,5.03,0.587,155.2
tonefine_wp0.64_g1.8_k2.0_s1.3,0.64,1.8,2.0,1.3,196,254.99,254.98,254.98,255.0,0.02,0.12,3.048,
tonefine_wp0.64_g1.8_k2.0_s1.3,0.64,1.8,2.0,1.3,200,178.96,179.34,178.49,179.06,0.85,104.5,0.0,
tonefine_wp0.88_g1.0_k2.0_s0.7,0.88,1.0,2.0,0.7,100,76.3,67.85,94.18,66.87,27.3,7.66,0.167,118.2
tonefine_wp0.88_g1.0_k2.0_s0.7,0.88,1.0,2.0,0.7,104,106.06,100.4,124.39,93.39,31.0,16.03,0.312,107.5
tonefine_wp0.88_g1.0_k2.0_s0.7,0.88,1.0,2.0,0.7,108,121.63,119.76,139.26,105.85,33.41,42.75,0.055,95.5
tonefine_wp0.88_g1.0_k2.0_s0.7,0.88,1.0,2.0,0.7,112,133.86,137.65,147.33,116.6,30.73,44.08,0.003,77.9
tonefine_wp0.88_g1.0_k2.0_s0.7,0.88,1.0,2.0,0.7,116,145.57,150.43,159.28,127.01,32.27,38.11,0.003,75.4
tonefine_wp0.88_g1.0_k2.0_s0.7,0.88,1.0,2.0,0.7,120,158.98,165.73,171.12,140.09,31.03,32.37,0.011,69.4
tonefine_wp0.88_g1.0_k2.0_s0.7,0.88,1.0,2.0,0.7,124,157.56,166.39,168.52,137.77,30.74,13.77,0.213,63.5
tonefine_wp0.88_g1.0_k2.0_s0.7,0.88,1.0,2.0,0.7,128,163.09,172.93,173.08,143.24,29.84,3.76,4.583,60.3
tonefine_wp0.88_g1.0_k2.0_s0.7,0.88,1.0,2.0,0.7,132,181.98,193.7,190.11,162.12,31.58,9.04,0.413,54.0
tonefine_wp0.88_g1.0_k2.0_s0.7,0.88,1.0,2.0,0.7,136,193.35,202.42,200.84,176.79,25.62,22.34,0.017,56.9
tonefine_wp0.88_g1.0_k2.0_s0.7,0.88,1.0,2.0,0.7,140,211.44,222.54,214.48,197.3,25.23,18.94,0.005,41.8
tonefine_wp0.88_g1.0_k2.0_s0.7,0.88,1.0,2.0,0.7,144,242.82,245.63,243.54,239.28,6.35,19.9,0.002,
tonefine_wp0.88_g1.0_k2.0_s0.7,0.88,1.0,2.0,0.7,148,254.99,255.0,254.99,254.99,0.01,0.1,2.129,
tonefine_wp0.88_g1.0_k2.0_s0.7,0.88,1.0,2.0,0.7,152,223.22,229.61,228.86,211.19,18.42,14.46,0.012,57.9
tonefine_wp0.88_g1.0_k2.0_s0.7,0.88,1.0,2.0,0.7,156,227.75,232.35,233.04,217.86,15.18,12.44,0.016,62.3
tonefine_wp0.88_g1.0_k2.0_s0.7,0.88,1.0,2.0,0.7,160,231.02,236.24,234.37,222.45,13.79,10.87,0.012,52.8
tonefine_wp0.88_g1.0_k2.0_s0.7,0.88,1.0,2.0,0.7,164,232.87,237.75,236.37,224.48,13.28,7.84,0.092,54.6
tonefine_wp0.88_g1.0_k2.0_s0.7,0.88,1.0,2.0,0.7,168,240.26,238.66,245.24,236.88,8.35,3.31,1.388,108.3
tonefine_wp0.88_g1.0_k2.0_s0.7,0.88,1.0,2.0,0.7,172,246.71,242.55,252.16,245.42,9.62,3.05,20.625,136.9
tonefine_wp0.88_g1.0_k2.0_s0.7,0.88,1.0,2.0,0.7,176,250.21,245.4,253.81,251.43,8.4,2.53,27.699,164.1
tonefine_wp0.88_g1.0_k2.0_s0.7,0.88,1.0,2.0,0.7,180,251.01,243.45,254.97,254.6,11.52,1.56,5.314,178.4
tonefine_wp0.88_g1.0_k2.0_s0.7,0.88,1.0,2.0,0.7,184,250.47,241.46,255.0,254.96,13.54,1.09,4.561,179.9
tonefine_wp0.88_g1.0_k2.0_s0.7,0.88,1.0,2.0,0.7,188,249.43,238.59,254.92,254.76,16.33,1.33,3.681,179.5
tonefine_wp0.88_g1.0_k2.0_s0.7,0.88,1.0,2.0,0.7,192,253.72,251.39,254.96,254.81,3.57,1.74,0.4,
tonefine_wp0.88_g1.0_k2.0_s0.7,0.88,1.0,2.0,0.7,196,254.99,254.98,255.0,255.0,0.01,0.07,1.54,
tonefine_wp0.88_g1.0_k2.0_s0.7,0.88,1.0,2.0,0.7,200,255.0,255.0,255.0,255.0,0.0,0.03,4.238,
tonefine_wp0.64_g1.0_k2.0_s1.3,0.64,1.0,2.0,1.3,100,28.14,18.74,38.45,27.24,19.71,13.85,0.313,145.5
tonefine_wp0.64_g1.0_k2.0_s1.3,0.64,1.0,2.0,1.3,104,58.61,43.75,71.15,60.93,27.4,46.21,0.176,158.3
tonefine_wp0.64_g1.0_k2.0_s1.3,0.64,1.0,2.0,1.3,108,59.43,47.79,72.1,58.41,24.31,66.36,0.005,145.8
tonefine_wp0.64_g1.0_k2.0_s1.3,0.64,1.0,2.0,1.3,112,51.15,40.26,62.21,50.98,21.95,69.93,0.001,149.2
tonefine_wp0.64_g1.0_k2.0_s1.3,0.64,1.0,2.0,1.3,116,53.66,39.3,64.81,56.85,25.51,67.77,0.003,162.3
tonefine_wp0.64_g1.0_k2.0_s1.3,0.64,1.0,2.0,1.3,120,51.55,35.26,63.79,55.59,28.53,62.7,0.011,163.8
tonefine_wp0.64_g1.0_k2.0_s1.3,0.64,1.0,2.0,1.3,124,38.73,20.79,54.5,40.91,33.72,11.38,0.845,156.4
tonefine_wp0.64_g1.0_k2.0_s1.3,0.64,1.0,2.0,1.3,128,55.38,38.94,70.56,56.64,31.62,8.7,2.618,153.9
tonefine_wp0.64_g1.0_k2.0_s1.3,0.64,1.0,2.0,1.3,132,88.85,78.81,102.32,85.43,23.51,23.98,0.335,135.9
tonefine_wp0.64_g1.0_k2.0_s1.3,0.64,1.0,2.0,1.3,136,109.0,101.62,122.28,103.1,20.66,48.15,0.008,123.7
tonefine_wp0.64_g1.0_k2.0_s1.3,0.64,1.0,2.0,1.3,140,123.58,119.26,133.71,117.76,15.95,45.27,0.001,115.1
tonefine_wp0.64_g1.0_k2.0_s1.3,0.64,1.0,2.0,1.3,144,207.13,204.61,211.35,205.43,6.74,66.47,0.001,
tonefine_wp0.64_g1.0_k2.0_s1.3,0.64,1.0,2.0,1.3,148,254.99,255.0,254.98,255.0,0.02,0.09,2.749,
tonefine_wp0.64_g1.0_k2.0_s1.3,0.64,1.0,2.0,1.3,152,150.41,151.26,160.78,139.18,21.6,34.61,0.014,86.1
tonefine_wp0.64_g1.0_k2.0_s1.3,0.64,1.0,2.0,1.3,156,155.69,157.85,166.23,143.0,23.23,30.94,0.006,80.9
tonefine_wp0.64_g1.0_k2.0_s1.3,0.64,1.0,2.0,1.3,160,154.39,159.9,162.46,140.8,21.66,31.42,0.005,66.2
tonefine_wp0.64_g1.0_k2.0_s1.3,0.64,1.0,2.0,1.3,164,156.07,164.8,163.27,140.15,24.65,23.53,0.057,56.8
tonefine_wp0.64_g1.0_k2.0_s1.3,0.64,1.0,2.0,1.3,168,164.11,172.45,170.56,149.33,23.12,7.96,0.096,55.8
tonefine_wp0.64_g1.0_k2.0_s1.3,0.64,1.0,2.0,1.3,172,172.95,180.94,178.31,159.6,21.34,4.13,10.595,53.5
tonefine_wp0.64_g1.0_k2.0_s1.3,0.64,1.0,2.0,1.3,176,180.78,190.31,184.42,167.62,22.69,3.97,8.885,45.5
tonefine_wp0.64_g1.0_k2.0_s1.3,0.64,1.0,2.0,1.3,180,190.25,199.03,193.14,178.56,20.47,12.66,0.123,43.8
tonefine_wp0.64_g1.0_k2.0_s1.3,0.64,1.0,2.0,1.3,184,201.25,207.66,204.35,191.74,15.92,17.05,0.011,48.7
tonefine_wp0.64_g1.0_k2.0_s1.3,0.64,1.0,2.0,1.3,188,203.12,209.65,205.35,194.35,15.3,15.71,0.007,44.2
tonefine_wp0.64_g1.0_k2.0_s1.3,0.64,1.0,2.0,1.3,192,198.5,207.89,202.41,185.2,22.68,17.85,0.013,46.6
tonefine_wp0.64_g1.0_k2.0_s1.3,0.64,1.0,2.0,1.3,196,241.3,243.18,242.54,238.19,5.0,22.83,0.002,
tonefine_wp0.64_g1.0_k2.0_s1.3,0.64,1.0,2.0,1.3,200,255.0,255.0,255.0,255.0,0.0,0.02,3.806,
tonefine_wp0.88_g1.8_k1.0_s1.3,0.88,1.8,1.0,1.3,100,3.8,3.19,4.67,3.53,1.48,15.16,0.356,
tonefine_wp0.88_g1.8_k1.0_s1.3,0.88,1.8,1.0,1.3,104,36.19,31.82,41.94,34.82,10.12,60.76,0.113,136.8
tonefine_wp0.88_g1.8_k1.0_s1.3,0.88,1.8,1.0,1.3,108,38.7,36.66,39.88,39.57,3.22,72.99,0.0,
tonefine_wp0.88_g1.8_k1.0_s1.3,0.88,1.8,1.0,1.3,112,37.69,36.29,38.24,38.53,2.25,72.74,0.0,
tonefine_wp0.88_g1.8_k1.0_s1.3,0.88,1.8,1.0,1.3,116,32.22,30.87,32.77,33.01,2.14,69.43,0.017,
tonefine_wp0.88_g1.8_k1.0_s1.3,0.88,1.8,1.0,1.3,120,1.42,0.8,1.54,1.92,1.13,8.53,0.231,
tonefine_wp0.88_g1.8_k1.0_s1.3,0.88,1.8,1.0,1.3,124,3.19,1.03,5.33,3.22,4.31,5.49,6.143,
tonefine_wp0.88_g1.8_k1.0_s1.3,0.88,1.8,1.0,1.3,128,51.58,45.14,57.79,51.82,12.66,66.48,0.047,151.9
tonefine_wp0.88_g1.8_k1.0_s1.3,0.88,1.8,1.0,1.3,132,71.31,64.29,77.9,71.75,13.6,62.72,0.009,153.2
tonefine_wp0.88_g1.8_k1.0_s1.3,0.88,1.8,1.0,1.3,136,72.89,63.75,80.96,73.97,17.21,62.59,0.002,156.2
tonefine_wp0.88_g1.8_k1.0_s1.3,0.88,1.8,1.0,1.3,140,74.06,64.11,81.05,77.02,16.94,63.47,0.002,166.8
tonefine_wp0.88_g1.8_k1.0_s1.3,0.88,1.8,1.0,1.3,144,255.0,255.0,254.99,255.0,0.0,0.08,4.571,
tonefine_wp0.88_g1.8_k1.0_s1.3,0.88,1.8,1.0,1.3,148,254.93,255.0,254.86,254.94,0.13,0.77,0.086,
tonefine_wp0.88_g1.8_k1.0_s1.3,0.88,1.8,1.0,1.3,152,109.72,94.85,123.79,110.52,28.94,52.32,0.013,152.7
tonefine_wp0.88_g1.8_k1.0_s1.3,0.88,1.8,1.0,1.3,156,120.07,109.96,133.49,116.76,23.53,46.25,0.005,136.3
tonefine_wp0.88_g1.8_k1.0_s1.3,0.88,1.8,1.0,1.3,160,104.02,95.87,117.78,98.41,21.91,32.6,0.089,126.1
tonefine_wp0.88_g1.8_k1.0_s1.3,0.88,1.8,1.0,1.3,164,110.56,110.7,120.58,100.39,20.2,5.57,1.004,89.3
tonefine_wp0.88_g1.8_k1.0_s1.3,0.88,1.8,1.0,1.3,168,136.08,137.38,142.35,128.51,13.84,6.8,1.819,80.8
tonefine_wp0.88_g1.8_k1.0_s1.3,0.88,1.8,1.0,1.3,172,167.3,170.03,173.45,158.44,15.01,28.8,0.069,72.5
tonefine_wp0.88_g1.8_k1.0_s1.3,0.88,1.8,1.0,1.3,176,184.5,189.78,188.7,175.02,14.76,26.4,0.032,56.3
tonefine_wp0.88_g1.8_k1.0_s1.3,0.88,1.8,1.0,1.3,180,192.84,197.86,195.67,185.0,12.85,22.06,0.012,50.8
tonefine_wp0.88_g1.8_k1.0_s1.3,0.88,1.8,1.0,1.3,184,201.49,206.85,204.28,193.35,13.51,17.7,0.006,49.7
tonefine_wp0.88_g1.8_k1.0_s1.3,0.88,1.8,1.0,1.3,188,194.06,201.46,197.64,183.07,18.39,17.67,0.026,48.7
tonefine_wp0.88_g1.8_k1.0_s1.3,0.88,1.8,1.0,1.3,192,201.28,211.33,206.05,186.48,24.85,3.59,4.174,48.4
tonefine_wp0.88_g1.8_k1.0_s1.3,0.88,1.8,1.0,1.3,196,254.99,254.98,254.99,255.0,0.02,0.1,3.884,
tonefine_wp0.88_g1.8_k1.0_s1.3,0.88,1.8,1.0,1.3,200,231.9,234.23,230.09,231.39,4.14,62.9,0.0,
tonefine_wp0.75_g2.2_k1.5_s1.0,0.75,2.2,1.5,1.0,100,45.43,44.29,46.05,45.95,1.76,89.22,0.151,
tonefine_wp0.75_g2.2_k1.5_s1.0,0.75,2.2,1.5,1.0,104,0.97,0.87,1.25,0.8,0.45,7.52,0.513,
tonefine_wp0.75_g2.2_k1.5_s1.0,0.75,2.2,1.5,1.0,108,10.72,10.88,10.76,10.52,0.36,37.18,0.173,
tonefine_wp0.75_g2.2_k1.5_s1.0,0.75,2.2,1.5,1.0,112,23.05,23.73,22.82,22.6,1.13,51.73,0.001,
tonefine_wp0.75_g2.2_k1.5_s1.0,0.75,2.2,1.5,1.0,116,22.62,23.54,22.33,22.0,1.54,51.68,0.001,
tonefine_wp0.75_g2.2_k1.5_s1.0,0.75,2.2,1.5,1.0,120,8.29,8.68,7.96,8.23,0.72,33.78,0.136,
tonefine_wp0.75_g2.2_k1.5_s1.0,0.75,2.2,1.5,1.0,124,0.0,0.0,0.0,0.0,0.0,0.1,2.5,
tonefine_wp0.75_g2.2_k1.5_s1.0,0.75,2.2,1.5,1.0,128,28.52,29.82,27.25,28.48,2.58,55.59,0.005,
tonefine_wp0.75_g2.2_k1.5_s1.0,0.75,2.2,1.5,1.0,132,29.26,30.99,27.48,29.32,3.51,54.86,0.002,
tonefine_wp0.75_g2.2_k1.5_s1.0,0.75,2.2,1.5,1.0,136,28.55,32.41,26.77,26.49,5.91,54.57,0.0,
tonefine_wp0.75_g2.2_k1.5_s1.0,0.75,2.2,1.5,1.0,140,1.66,4.87,0.03,0.09,4.84,2.09,2.982,
tonefine_wp0.75_g2.2_k1.5_s1.0,0.75,2.2,1.5,1.0,144,255.0,255.0,255.0,254.99,0.01,0.08,4.408,
tonefine_wp0.75_g2.2_k1.5_s1.0,0.75,2.2,1.5,1.0,148,195.28,196.13,194.86,194.84,1.28,99.26,0.002,
tonefine_wp0.75_g2.2_k1.5_s1.0,0.75,2.2,1.5,1.0,152,21.97,22.73,24.35,18.82,5.52,28.26,0.359,
tonefine_wp0.75_g2.2_k1.5_s1.0,0.75,2.2,1.5,1.0,156,58.42,53.04,63.62,58.6,10.58,48.49,0.017,151.7
tonefine_wp0.75_g2.2_k1.5_s1.0,0.75,2.2,1.5,1.0,160,46.68,45.79,50.55,43.72,6.83,50.92,0.006,
tonefine_wp0.75_g2.2_k1.5_s1.0,0.75,2.2,1.5,1.0,164,44.53,46.39,46.09,41.11,5.28,50.51,0.008,
tonefine_wp0.75_g2.2_k1.5_s1.0,0.75,2.2,1.5,1.0,168,54.74,49.92,55.58,58.72,8.81,17.89,0.026,200.6
tonefine_wp0.75_g2.2_k1.5_s1.0,0.75,2.2,1.5,1.0,172,68.71,62.04,71.46,72.63,10.59,6.62,3.075,185.8
tonefine_wp0.75_g2.2_k1.5_s1.0,0.75,2.2,1.5,1.0,176,97.23,92.98,99.04,99.67,6.69,31.83,0.107,
tonefine_wp0.75_g2.2_k1.5_s1.0,0.75,2.2,1.5,1.0,180,111.73,110.16,112.15,112.9,2.74,30.14,0.022,
tonefine_wp0.75_g2.2_k1.5_s1.0,0.75,2.2,1.5,1.0,184,118.76,117.97,119.72,118.59,1.75,26.9,0.012,
tonefine_wp0.75_g2.2_k1.5_s1.0,0.75,2.2,1.5,1.0,188,92.59,87.1,97.18,93.5,10.08,33.12,0.005,158.9
tonefine_wp0.75_g2.2_k1.5_s1.0,0.75,2.2,1.5,1.0,192,45.61,37.4,55.66,43.76,18.26,5.05,1.593,140.1
tonefine_wp0.75_g2.2_k1.5_s1.0,0.75,2.2,1.5,1.0,196,254.99,254.98,254.99,255.0,0.01,0.12,9.794,
tonefine_wp0.75_g2.2_k1.5_s1.0,0.75,2.2,1.5,1.0,200,182.15,184.18,180.5,181.78,3.69,104.4,0.0,
tonefine_wp0.88_g1.0_k1.0_s0.7,0.88,1.0,1.0,0.7,100,71.84,60.72,89.54,65.27,28.82,10.68,0.107,128.4
tonefine_wp0.88_g1.0_k1.0_s0.7,0.88,1.0,1.0,0.7,104,103.76,96.96,123.4,90.92,32.48,9.39,0.537,109.9
tonefine_wp0.88_g1.0_k1.0_s0.7,0.88,1.0,1.0,0.7,108,110.34,104.61,130.18,96.25,33.92,39.07,0.116,106.3
tonefine_wp0.88_g1.0_k1.0_s0.7,0.88,1.0,1.0,0.7,112,120.99,120.42,137.28,105.28,32.0,45.98,0.003,91.8
tonefine_wp0.88_g1.0_k1.0_s0.7,0.88,1.0,1.0,0.7,116,132.35,135.55,146.51,114.98,31.53,40.32,0.003,80.0
tonefine_wp0.88_g1.0_k1.0_s0.7,0.88,1.0,1.0,0.7,120,147.77,152.48,160.73,130.09,30.64,33.97,0.009,75.1
tonefine_wp0.88_g1.0_k1.0_s0.7,0.88,1.0,1.0,0.7,124,155.85,161.32,167.86,138.37,29.49,26.51,0.077,72.2
tonefine_wp0.88_g1.0_k1.0_s0.7,0.88,1.0,1.0,0.7,128,154.05,161.39,164.82,135.93,28.89,4.23,1.292,66.2
tonefine_wp0.88_g1.0_k1.0_s0.7,0.88,1.0,1.0,0.7,132,171.34,181.11,180.36,152.55,28.57,5.0,18.358,58.7
tonefine_wp0.88_g1.0_k1.0_s0.7,0.88,1.0,1.0,0.7,136,175.9,184.04,184.74,158.93,25.81,10.39,0.082,61.4
tonefine_wp0.88_g1.0_k1.0_s0.7,0.88,1.0,1.0,0.7,140,207.02,215.19,211.98,193.9,21.29,20.41,0.008,52.0
tonefine_wp0.88_g1.0_k1.0_s0.7,0.88,1.0,1.0,0.7,144,232.01,237.4,233.66,224.98,12.41,22.88,0.003,43.0
tonefine_wp0.88_g1.0_k1.0_s0.7,0.88,1.0,1.0,0.7,148,255.0,255.0,255.0,255.0,0.0,0.01,1.586,
tonefine_wp0.88_g1.0_k1.0_s0.7,0.88,1.0,1.0,0.7,152,220.08,226.42,226.07,207.74,18.68,14.46,0.015,59.1
tonefine_wp0.88_g1.0_k1.0_s0.7,0.88,1.0,1.0,0.7,156,223.85,228.81,229.33,213.42,15.91,12.12,0.016,61.7
tonefine_wp0.88_g1.0_k1.0_s0.7,0.88,1.0,1.0,0.7,160,222.26,228.75,226.16,211.89,16.86,11.53,0.018,51.8
tonefine_wp0.88_g1.0_k1.0_s0.7,0.88,1.0,1.0,0.7,164,222.99,229.38,226.98,212.62,16.76,8.68,0.092,52.4
tonefine_wp0.88_g1.0_k1.0_s0.7,0.88,1.0,1.0,0.7,168,227.36,229.98,231.36,220.75,10.61,3.85,0.552,66.9
tonefine_wp0.88_g1.0_k1.0_s0.7,0.88,1.0,1.0,0.7,172,234.92,232.48,240.32,231.95,8.37,3.23,20.13,116.8
tonefine_wp0.88_g1.0_k1.0_s0.7,0.88,1.0,1.0,0.7,176,239.9,234.49,246.3,238.9,11.8,3.54,19.899,141.7
tonefine_wp0.88_g1.0_k1.0_s0.7,0.88,1.0,1.0,0.7,180,244.16,234.8,251.29,246.39,16.48,2.96,1.326,163.2
tonefine_wp0.88_g1.0_k1.0_s0.7,0.88,1.0,1.0,0.7,184,245.38,231.59,253.71,250.86,22.12,2.21,2.546,173.2
tonefine_wp0.88_g1.0_k1.0_s0.7,0.88,1.0,1.0,0.7,188,245.62,232.54,253.3,251.0,20.76,2.55,2.896,174.2
tonefine_wp0.88_g1.0_k1.0_s0.7,0.88,1.0,1.0,0.7,192,253.07,249.81,254.8,254.61,4.99,2.29,0.426,
tonefine_wp0.88_g1.0_k1.0_s0.7,0.88,1.0,1.0,0.7,196,254.99,254.97,255.0,255.0,0.03,0.09,5.432,
tonefine_wp0.88_g1.0_k1.0_s0.7,0.88,1.0,1.0,0.7,200,255.0,255.0,255.0,255.0,0.0,0.0,,
tonefine_wp0.0_g1.4_k1.5_s1.0,0.0,1.4,1.5,1.0,100,27.63,17.8,38.65,26.44,20.86,38.33,0.221,144.4
tonefine_wp0.0_g1.4_k1.5_s1.0,0.0,1.4,1.5,1.0,104,48.81,29.96,64.76,51.72,34.8,4.8,0.623,158.2
tonefine_wp0.0_g1.4_k1.5_s1.0,0.0,1.4,1.5,1.0,108,40.37,23.51,57.35,40.26,33.84,41.41,0.223,149.7
tonefine_wp0.0_g1.4_k1.5_s1.0,0.0,1.4,1.5,1.0,112,57.49,46.21,72.16,54.11,25.94,69.57,0.005,137.3
tonefine_wp0.0_g1.4_k1.5_s1.0,0.0,1.4,1.5,1.0,116,73.65,63.05,89.22,68.67,26.17,61.96,0.004,131.8
tonefine_wp0.0_g1.4_k1.5_s1.0,0.0,1.4,1.5,1.0,120,94.41,84.36,110.61,88.25,26.25,53.76,0.003,127.9
tonefine_wp0.0_g1.4_k1.5_s1.0,0.0,1.4,1.5,1.0,124,91.93,86.41,109.01,80.36,28.64,29.32,0.093,108.5
tonefine_wp0.0_g1.4_k1.5_s1.0,0.0,1.4,1.5,1.0,128,103.54,104.14,118.09,88.39,29.69,5.61,4.784,88.0
tonefine_wp0.0_g1.4_k1.5_s1.0,0.0,1.4,1.5,1.0,132,134.72,139.5,146.45,118.22,28.23,13.42,0.38,73.7
tonefine_wp0.0_g1.4_k1.5_s1.0,0.0,1.4,1.5,1.0,136,158.7,165.67,169.01,141.43,27.58,32.51,0.006,66.4
tonefine_wp0.0_g1.4_k1.5_s1.0,0.0,1.4,1.5,1.0,140,186.79,196.93,191.16,172.28,24.65,26.88,0.002,47.1
tonefine_wp0.0_g1.4_k1.5_s1.0,0.0,1.4,1.5,1.0,144,239.97,241.9,240.89,237.12,4.77,27.35,0.002,
tonefine_wp0.0_g1.4_k1.5_s1.0,0.0,1.4,1.5,1.0,148,255.0,255.0,255.0,255.0,0.0,0.03,5.838,
tonefine_wp0.0_g1.4_k1.5_s1.0,0.0,1.4,1.5,1.0,152,201.82,210.91,208.48,186.07,24.84,20.67,0.027,54.9
tonefine_wp0.0_g1.4_k1.5_s1.0,0.0,1.4,1.5,1.0,156,209.4,216.39,215.67,196.14,20.25,16.8,0.007,58.2
tonefine_wp0.0_g1.4_k1.5_s1.0,0.0,1.4,1.5,1.0,160,209.92,217.16,214.63,197.96,19.2,15.39,0.009,53.0
tonefine_wp0.0_g1.4_k1.5_s1.0,0.0,1.4,1.5,1.0,164,212.88,220.52,217.02,201.11,19.41,11.72,0.06,50.3
tonefine_wp0.0_g1.4_k1.5_s1.0,0.0,1.4,1.5,1.0,168,220.38,225.13,222.66,213.34,11.79,3.99,0.464,48.5
tonefine_wp0.0_g1.4_k1.5_s1.0,0.0,1.4,1.5,1.0,172,230.13,230.0,234.61,225.78,8.83,3.44,11.491,91.4
tonefine_wp0.0_g1.4_k1.5_s1.0,0.0,1.4,1.5,1.0,176,239.36,234.27,245.36,238.44,11.08,3.64,6.494,141.8
tonefine_wp0.0_g1.4_k1.5_s1.0,0.0,1.4,1.5,1.0,180,243.56,234.4,250.1,246.18,15.7,3.4,0.307,166.1
tonefine_wp0.0_g1.4_k1.5_s1.0,0.0,1.4,1.5,1.0,184,245.51,232.13,253.4,250.99,21.27,2.34,7.786,174.1
tonefine_wp0.0_g1.4_k1.5_s1.0,0.0,1.4,1.5,1.0,188,246.01,233.33,252.64,252.06,19.31,2.67,3.64,178.5
tonefine_wp0.0_g1.4_k1.5_s1.0,0.0,1.4,1.5,1.0,192,254.16,252.56,254.94,254.98,2.42,1.37,0.544,
tonefine_wp0.0_g1.4_k1.5_s1.0,0.0,1.4,1.5,1.0,196,255.0,255.0,255.0,255.0,0.0,0.02,2.243,
tonefine_wp0.0_g1.4_k1.5_s1.0,0.0,1.4,1.5,1.0,200,255.0,255.0,255.0,255.0,0.0,0.0,,
tonefine_wp0.64_g1.8_k1.0_s0.7,0.64,1.8,1.0,0.7,100,0.18,0.19,0.22,0.13,0.08,2.04,0.361,
tonefine_wp0.64_g1.8_k1.0_s0.7,0.64,1.8,1.0,0.7,104,15.09,14.52,15.87,14.87,1.35,37.42,0.113,
tonefine_wp0.64_g1.8_k1.0_s0.7,0.64,1.8,1.0,0.7,108,16.24,16.21,16.99,15.53,1.45,37.02,0.002,
tonefine_wp0.64_g1.8_k1.0_s0.7,0.64,1.8,1.0,0.7,112,14.37,14.52,15.16,13.44,1.73,34.02,0.001,
tonefine_wp0.64_g1.8_k1.0_s0.7,0.64,1.8,1.0,0.7,116,10.86,10.98,11.15,10.46,0.7,30.49,0.046,
tonefine_wp0.64_g1.8_k1.0_s0.7,0.64,1.8,1.0,0.7,120,0.0,0.0,0.0,0.0,0.0,0.0,,
tonefine_wp0.64_g1.8_k1.0_s0.7,0.64,1.8,1.0,0.7,124,0.93,0.99,0.92,0.89,0.09,7.83,0.178,
tonefine_wp0.64_g1.8_k1.0_s0.7,0.64,1.8,1.0,0.7,128,19.72,20.66,19.42,19.07,1.59,40.02,0.005,
tonefine_wp0.64_g1.8_k1.0_s0.7,0.64,1.8,1.0,0.7,132,19.72,22.18,18.9,18.07,4.11,40.01,0.002,
tonefine_wp0.64_g1.8_k1.0_s0.7,0.64,1.8,1.0,0.7,136,19.62,22.52,18.98,17.36,5.16,39.35,0.001,
tonefine_wp0.64_g1.8_k1.0_s0.7,0.64,1.8,1.0,0.7,140,6.8,8.95,5.65,5.81,3.29,21.67,0.019,
tonefine_wp0.64_g1.8_k1.0_s0.7,0.64,1.8,1.0,0.7,144,254.99,255.0,254.97,255.0,0.02,0.19,2.329,
tonefine_wp0.64_g1.8_k1.0_s0.7,0.64,1.8,1.0,0.7,148,225.48,226.57,224.52,225.35,2.05,76.33,0.0,
tonefine_wp0.64_g1.8_k1.0_s0.7,0.64,1.8,1.0,0.7,152,54.63,47.18,60.65,56.07,13.47,37.66,0.038,160.5
tonefine_wp0.64_g1.8_k1.0_s0.7,0.64,1.8,1.0,0.7,156,50.78,42.49,57.93,51.92,15.44,36.47,0.007,157.3
tonefine_wp0.64_g1.8_k1.0_s0.7,0.64,1.8,1.0,0.7,160,18.15,17.84,21.22,15.39,5.84,24.29,0.052,
tonefine_wp0.64_g1.8_k1.0_s0.7,0.64,1.8,1.0,0.7,164,16.21,17.88,16.66,14.09,3.79,7.51,0.827,
tonefine_wp0.64_g1.8_k1.0_s0.7,0.64,1.8,1.0,0.7,168,44.34,40.77,44.25,48.0,7.23,10.79,0.873,
tonefine_wp0.64_g1.8_k1.0_s0.7,0.64,1.8,1.0,0.7,172,74.15,71.73,75.39,75.35,3.67,29.75,0.057,
tonefine_wp0.64_g1.8_k1.0_s0.7,0.64,1.8,1.0,0.7,176,88.05,87.77,88.9,87.49,1.42,25.47,0.052,
tonefine_wp0.64_g1.8_k1.0_s0.7,0.64,1.8,1.0,0.7,180,96.92,97.86,96.45,96.46,1.41,22.16,0.043,
tonefine_wp0.64_g1.8_k1.0_s0.7,0.64,1.8,1.0,0.7,184,103.64,104.67,104.11,102.15,2.52,19.97,0.023,
tonefine_wp0.64_g1.8_k1.0_s0.7,0.64,1.8,1.0,0.7,188,70.12,64.39,74.71,71.24,10.32,15.82,0.01,160.7
tonefine_wp0.64_g1.8_k1.0_s0.7,0.64,1.8,1.0,0.7,192,36.45,25.32,46.93,37.1,21.6,4.77,0.741,153.0
tonefine_wp0.64_g1.8_k1.0_s0.7,0.64,1.8,1.0,0.7,196,254.99,254.99,254.99,255.0,0.01,0.08,1.864,
tonefine_wp0.64_g1.8_k1.0_s0.7,0.64,1.8,1.0,0.7,200,194.69,196.7,192.43,194.94,4.27,102.04,0.0,
tonefine_wp0.75_g1.8_k1.5_s1.0,0.75,1.8,1.5,1.0,100,59.43,57.22,60.23,60.82,3.6,99.86,0.114,
tonefine_wp0.75_g1.8_k1.5_s1.0,0.75,1.8,1.5,1.0,104,8.55,4.45,11.58,9.63,7.13,17.87,0.66,
tonefine_wp0.75_g1.8_k1.5_s1.0,0.75,1.8,1.5,1.0,108,11.22,11.14,11.15,11.36,0.22,40.75,0.185,
tonefine_wp0.75_g1.8_k1.5_s1.0,0.75,1.8,1.5,1.0,112,28.29,28.44,27.86,28.57,0.71,60.85,0.0,
tonefine_wp0.75_g1.8_k1.5_s1.0,0.75,1.8,1.5,1.0,116,27.48,28.26,26.77,27.4,1.49,60.56,0.0,
tonefine_wp0.75_g1.8_k1.5_s1.0,0.75,1.8,1.5,1.0,120,9.41,9.72,9.11,9.41,0.61,38.06,0.133,
tonefine_wp0.75_g1.8_k1.5_s1.0,0.75,1.8,1.5,1.0,124,0.4,0.44,0.4,0.35,0.09,4.89,0.195,
tonefine_wp0.75_g1.8_k1.5_s1.0,0.75,1.8,1.5,1.0,128,33.92,35.7,33.01,33.05,2.69,62.61,0.004,
tonefine_wp0.75_g1.8_k1.5_s1.0,0.75,1.8,1.5,1.0,132,36.05,40.24,34.6,33.32,6.92,62.3,0.002,
tonefine_wp0.75_g1.8_k1.5_s1.0,0.75,1.8,1.5,1.0,136,36.26,40.15,35.52,33.11,7.04,60.15,0.002,
tonefine_wp0.75_g1.8_k1.5_s1.0,0.75,1.8,1.5,1.0,140,14.81,21.91,13.02,9.51,12.4,5.28,1.316,15.9
tonefine_wp0.75_g1.8_k1.5_s1.0,0.75,1.8,1.5,1.0,144,255.0,255.0,254.99,255.0,0.01,0.06,1.408,
tonefine_wp0.75_g1.8_k1.5_s1.0,0.75,1.8,1.5,1.0,148,197.73,198.22,197.53,197.44,0.79,97.94,0.002,
tonefine_wp0.75_g1.8_k1.5_s1.0,0.75,1.8,1.5,1.0,152,55.02,46.42,62.22,56.42,15.8,47.08,0.228,158.7
tonefine_wp0.75_g1.8_k1.5_s1.0,0.75,1.8,1.5,1.0,156,81.29,71.59,91.34,80.93,19.75,48.23,0.006,148.2
tonefine_wp0.75_g1.8_k1.5_s1.0,0.75,1.8,1.5,1.0,160,66.77,59.78,73.61,66.94,13.83,52.83,0.005,151.2
tonefine_wp0.75_g1.8_k1.5_s1.0,0.75,1.8,1.5,1.0,164,52.82,47.34,58.62,52.48,11.28,43.18,0.04,147.1
tonefine_wp0.75_g1.8_k1.5_s1.0,0.75,1.8,1.5,1.0,168,62.89,54.73,69.84,64.1,15.11,5.32,3.837,157.9
tonefine_wp0.75_g1.8_k1.5_s1.0,0.75,1.8,1.5,1.0,172,85.34,78.7,91.33,85.99,12.64,27.86,0.27,155.1
tonefine_wp0.75_g1.8_k1.5_s1.0,0.75,1.8,1.5,1.0,176,117.45,116.42,120.91,115.01,5.9,37.58,0.035,
tonefine_wp0.75_g1.8_k1.5_s1.0,0.75,1.8,1.5,1.0,180,131.24,133.19,134.58,125.97,8.6,29.95,0.018,68.7
tonefine_wp0.75_g1.8_k1.5_s1.0,0.75,1.8,1.5,1.0,184,141.19,144.17,144.87,134.52,10.35,25.19,0.006,63.5
tonefine_wp0.75_g1.8_k1.5_s1.0,0.75,1.8,1.5,1.0,188,116.97,118.46,123.98,108.47,15.51,9.86,0.015,80.6
tonefine_wp0.75_g1.8_k1.5_s1.0,0.75,1.8,1.5,1.0,192,111.93,112.32,122.85,100.62,22.22,4.46,1.221,88.3
tonefine_wp0.75_g1.8_k1.5_s1.0,0.75,1.8,1.5,1.0,196,255.0,255.0,255.0,255.0,0.0,0.02,3.801,
tonefine_wp0.75_g1.8_k1.5_s1.0,0.75,1.8,1.5,1.0,200,181.34,182.69,179.96,181.36,2.74,103.03,0.0,
tonefine_wp0.88_g1.0_k2.0_s1.3,0.88,1.0,2.0,1.3,100,73.63,64.09,91.32,65.46,27.22,11.74,0.222,122.6
tonefine_wp0.88_g1.0_k2.0_s1.3,0.88,1.0,2.0,1.3,104,111.57,101.9,131.56,101.24,30.32,31.51,0.186,118.9
tonefine_wp0.88_g1.0_k2.0_s1.3,0.88,1.0,2.0,1.3,108,122.13,114.45,141.37,110.57,30.8,46.9,0.023,113.4
tonefine_wp0.88_g1.0_k2.0_s1.3,0.88,1.0,2.0,1.3,112,128.81,127.37,144.88,114.17,30.71,45.96,0.004,94.6
tonefine_wp0.88_g1.0_k2.0_s1.3,0.88,1.0,2.0,1.3,116,140.55,141.67,155.81,124.18,31.63,40.3,0.003,86.5
tonefine_wp0.88_g1.0_k2.0_s1.3,0.88,1.0,2.0,1.3,120,154.5,157.22,168.63,137.66,30.97,34.18,0.006,81.4
tonefine_wp0.88_g1.0_k2.0_s1.3,0.88,1.0,2.0,1.3,124,159.45,163.14,172.58,142.62,29.96,25.22,0.074,77.9
tonefine_wp0.88_g1.0_k2.0_s1.3,0.88,1.0,2.0,1.3,128,160.69,166.41,171.42,144.24,27.18,5.17,0.492,70.0
tonefine_wp0.88_g1.0_k2.0_s1.3,0.88,1.0,2.0,1.3,132,177.99,185.43,187.37,161.18,26.19,5.51,9.624,63.8
tonefine_wp0.88_g1.0_k2.0_s1.3,0.88,1.0,2.0,1.3,136,180.43,187.01,190.14,164.16,25.98,7.82,0.197,66.3
tonefine_wp0.88_g1.0_k2.0_s1.3,0.88,1.0,2.0,1.3,140,208.06,213.32,214.47,196.39,18.08,20.05,0.006,63.3
tonefine_wp0.88_g1.0_k2.0_s1.3,0.88,1.0,2.0,1.3,144,228.33,233.79,231.25,219.95,13.84,22.43,0.003,50.1
tonefine_wp0.88_g1.0_k2.0_s1.3,0.88,1.0,2.0,1.3,148,255.0,255.0,255.0,255.0,0.0,0.01,3.941,
tonefine_wp0.88_g1.0_k2.0_s1.3,0.88,1.0,2.0,1.3,152,224.56,228.74,230.37,214.58,15.79,12.95,0.018,65.4
tonefine_wp0.88_g1.0_k2.0_s1.3,0.88,1.0,2.0,1.3,156,227.84,231.28,233.27,218.97,14.3,11.39,0.035,67.4
tonefine_wp0.88_g1.0_k2.0_s1.3,0.88,1.0,2.0,1.3,160,227.25,231.66,231.95,218.15,13.8,10.64,0.071,61.1
tonefine_wp0.88_g1.0_k2.0_s1.3,0.88,1.0,2.0,1.3,164,228.57,233.21,232.29,220.22,12.99,6.48,0.224,56.4
tonefine_wp0.88_g1.0_k2.0_s1.3,0.88,1.0,2.0,1.3,168,234.62,235.49,237.92,230.46,7.46,3.11,1.778,
tonefine_wp0.88_g1.0_k2.0_s1.3,0.88,1.0,2.0,1.3,172,242.16,238.9,246.94,240.64,8.03,3.45,7.195,131.8
tonefine_wp0.88_g1.0_k2.0_s1.3,0.88,1.0,2.0,1.3,176,247.27,240.9,251.98,248.94,11.09,3.09,7.237,164.6
tonefine_wp0.88_g1.0_k2.0_s1.3,0.88,1.0,2.0,1.3,180,249.92,240.71,254.89,254.16,14.18,1.66,3.113,177.4
tonefine_wp0.88_g1.0_k2.0_s1.3,0.88,1.0,2.0,1.3,184,249.17,237.6,254.98,254.94,17.38,1.14,8.351,179.9
tonefine_wp0.88_g1.0_k2.0_s1.3,0.88,1.0,2.0,1.3,188,249.03,237.27,254.93,254.89,17.67,1.29,4.629,179.9
tonefine_wp0.88_g1.0_k2.0_s1.3,0.88,1.0,2.0,1.3,192,252.66,248.92,254.75,254.3,5.83,2.82,0.572,
tonefine_wp0.88_g1.0_k2.0_s1.3,0.88,1.0,2.0,1.3,196,254.99,254.98,255.0,255.0,0.02,0.09,1.776,
tonefine_wp0.88_g1.0_k2.0_s1.3,0.88,1.0,2.0,1.3,200,255.0,255.0,255.0,255.0,0.0,0.03,7.506,
tonefine_wp0.88_g1.8_k1.0_s0.7,0.88,1.8,1.0,0.7,100,12.88,12.47,13.39,12.76,0.92,44.52,0.255,
tonefine_wp0.88_g1.8_k1.0_s0.7,0.88,1.8,1.0,0.7,104,45.67,42.69,51.18,43.13,8.49,72.14,0.014,122.6
tonefine_wp0.88_g1.8_k1.0_s0.7,0.88,1.8,1.0,0.7,108,38.54,37.2,39.75,38.67,2.55,73.48,0.0,
tonefine_wp0.88_g1.8_k1.0_s0.7,0.88,1.8,1.0,0.7,112,37.68,37.6,38.2,37.23,0.97,73.52,0.0,
tonefine_wp0.88_g1.8_k1.0_s0.7,0.88,1.8,1.0,0.7,116,19.31,18.71,19.79,19.45,1.08,55.9,0.096,
tonefine_wp0.88_g1.8_k1.0_s0.7,0.88,1.8,1.0,0.7,120,0.08,0.0,0.12,0.12,0.12,0.62,16.459,
tonefine_wp0.88_g1.8_k1.0_s0.7,0.88,1.8,1.0,0.7,124,6.33,4.9,7.68,6.41,2.79,24.85,0.246,
tonefine_wp0.88_g1.8_k1.0_s0.7,0.88,1.8,1.0,0.7,128,55.41,50.61,60.19,55.42,9.58,71.34,0.021,150.1
tonefine_wp0.88_g1.8_k1.0_s0.7,0.88,1.8,1.0,0.7,132,67.3,60.93,74.63,66.35,13.7,65.39,0.008,143.1
tonefine_wp0.88_g1.8_k1.0_s0.7,0.88,1.8,1.0,0.7,136,69.6,60.44,77.71,70.66,17.27,64.7,0.003,156.0
tonefine_wp0.88_g1.8_k1.0_s0.7,0.88,1.8,1.0,0.7,140,63.39,55.2,70.27,64.71,15.07,59.51,0.005,158.6
tonefine_wp0.88_g1.8_k1.0_s0.7,0.88,1.8,1.0,0.7,144,255.0,255.0,255.0,255.0,0.0,0.02,5.735,
tonefine_wp0.88_g1.8_k1.0_s0.7,0.88,1.8,1.0,0.7,148,253.34,253.96,252.82,253.26,1.14,9.61,0.007,
tonefine_wp0.88_g1.8_k1.0_s0.7,0.88,1.8,1.0,0.7,152,110.43,91.12,125.71,114.46,34.58,52.41,0.013,161.4
tonefine_wp0.88_g1.8_k1.0_s0.7,0.88,1.8,1.0,0.7,156,117.05,102.58,133.42,115.17,30.85,44.23,0.024,143.9
tonefine_wp0.88_g1.8_k1.0_s0.7,0.88,1.8,1.0,0.7,160,97.2,88.32,111.98,91.29,23.67,25.87,0.113,126.6
tonefine_wp0.88_g1.8_k1.0_s0.7,0.88,1.8,1.0,0.7,164,107.81,103.41,122.07,97.94,24.12,5.6,1.015,107.5
tonefine_wp0.88_g1.8_k1.0_s0.7,0.88,1.8,1.0,0.7,168,134.23,132.25,142.6,127.83,14.77,9.89,0.701,103.0
tonefine_wp0.88_g1.8_k1.0_s0.7,0.88,1.8,1.0,0.7,172,167.58,168.03,173.67,161.04,12.63,30.02,0.06,86.5
tonefine_wp0.88_g1.8_k1.0_s0.7,0.88,1.8,1.0,0.7,176,184.55,185.58,189.99,178.09,11.9,26.05,0.042,81.5
tonefine_wp0.88_g1.8_k1.0_s0.7,0.88,1.8,1.0,0.7,180,192.97,195.04,198.41,185.45,12.96,21.11,0.015,74.5
tonefine_wp0.88_g1.8_k1.0_s0.7,0.88,1.8,1.0,0.7,184,200.99,203.55,205.94,193.48,12.46,16.98,0.006,70.4
tonefine_wp0.88_g1.8_k1.0_s0.7,0.88,1.8,1.0,0.7,188,195.56,198.16,201.18,187.34,13.84,16.89,0.019,72.0
tonefine_wp0.88_g1.8_k1.0_s0.7,0.88,1.8,1.0,0.7,192,202.42,208.13,208.69,190.44,18.25,4.03,4.926,61.5
tonefine_wp0.88_g1.8_k1.0_s0.7,0.88,1.8,1.0,0.7,196,254.99,254.98,255.0,255.0,0.02,0.08,3.446,
tonefine_wp0.88_g1.8_k1.0_s0.7,0.88,1.8,1.0,0.7,200,237.09,239.5,235.37,236.41,4.13,53.99,0.0,
tonefine_wp0.64_g1.8_k1.0_s1.3,0.64,1.8,1.0,1.3,100,0.12,0.09,0.17,0.1,0.09,2.04,0.353,
tonefine_wp0.64_g1.8_k1.0_s1.3,0.64,1.8,1.0,1.3,104,13.0,12.13,14.33,12.54,2.2,35.57,0.134,
tonefine_wp0.64_g1.8_k1.0_s1.3,0.64,1.8,1.0,1.3,108,16.75,15.9,18.52,15.84,2.69,38.12,0.002,
tonefine_wp0.64_g1.8_k1.0_s1.3,0.64,1.8,1.0,1.3,112,15.33,15.18,16.18,14.63,1.55,35.9,0.001,
tonefine_wp0.64_g1.8_k1.0_s1.3,0.64,1.8,1.0,1.3,116,13.82,13.38,14.78,13.3,1.48,34.92,0.011,
tonefine_wp0.64_g1.8_k1.0_s1.3,0.64,1.8,1.0,1.3,120,0.11,0.11,0.12,0.1,0.02,2.21,0.306,
tonefine_wp0.64_g1.8_k1.0_s1.3,0.64,1.8,1.0,1.3,124,0.02,0.02,0.03,0.02,0.01,0.63,0.326,
tonefine_wp0.64_g1.8_k1.0_s1.3,0.64,1.8,1.0,1.3,128,19.65,19.97,20.26,18.73,1.53,41.39,0.016,
tonefine_wp0.64_g1.8_k1.0_s1.3,0.64,1.8,1.0,1.3,132,21.35,23.3,21.36,19.38,3.92,40.8,0.005,
tonefine_wp0.64_g1.8_k1.0_s1.3,0.64,1.8,1.0,1.3,136,19.44,20.93,20.14,17.24,3.69,39.53,0.002,
tonefine_wp0.64_g1.8_k1.0_s1.3,0.64,1.8,1.0,1.3,140,16.7,17.2,17.1,15.81,1.39,38.92,0.003,
tonefine_wp0.64_g1.8_k1.0_s1.3,0.64,1.8,1.0,1.3,144,255.0,255.0,255.0,255.0,0.0,0.02,2.716,
tonefine_wp0.64_g1.8_k1.0_s1.3,0.64,1.8,1.0,1.3,148,252.87,253.22,252.35,253.03,0.87,11.76,0.002,
tonefine_wp0.64_g1.8_k1.0_s1.3,0.64,1.8,1.0,1.3,152,52.03,45.67,58.93,51.49,13.26,38.5,0.038,146.0
tonefine_wp0.64_g1.8_k1.0_s1.3,0.64,1.8,1.0,1.3,156,49.46,41.71,58.32,48.34,16.6,35.45,0.011,143.4
tonefine_wp0.64_g1.8_k1.0_s1.3,0.64,1.8,1.0,1.3,160,22.64,22.65,27.34,17.91,9.43,19.22,0.036,89.8
tonefine_wp0.64_g1.8_k1.0_s1.3,0.64,1.8,1.0,1.3,164,26.36,29.08,27.61,22.4,6.68,8.2,0.769,
tonefine_wp0.64_g1.8_k1.0_s1.3,0.64,1.8,1.0,1.3,168,57.4,50.89,58.58,62.74,11.85,11.59,0.594,200.2
tonefine_wp0.64_g1.8_k1.0_s1.3,0.64,1.8,1.0,1.3,172,87.08,81.13,88.52,91.6,10.47,29.14,0.053,196.7
tonefine_wp0.64_g1.8_k1.0_s1.3,0.64,1.8,1.0,1.3,176,101.16,97.45,103.32,102.7,5.87,26.01,0.052,
tonefine_wp0.64_g1.8_k1.0_s1.3,0.64,1.8,1.0,1.3,180,110.72,107.2,113.07,111.89,5.87,22.64,0.048,
tonefine_wp0.64_g1.8_k1.0_s1.3,0.64,1.8,1.0,1.3,184,117.5,114.61,119.48,118.41,4.87,20.32,0.038,
tonefine_wp0.64_g1.8_k1.0_s1.3,0.64,1.8,1.0,1.3,188,81.36,72.72,86.4,84.95,13.69,22.41,0.003,174.5
tonefine_wp0.64_g1.8_k1.0_s1.3,0.64,1.8,1.0,1.3,192,32.74,21.09,42.62,34.52,21.53,6.41,0.414,158.1
tonefine_wp0.64_g1.8_k1.0_s1.3,0.64,1.8,1.0,1.3,196,254.97,254.94,254.99,255.0,0.06,0.17,4.259,
tonefine_wp0.64_g1.8_k1.0_s1.3,0.64,1.8,1.0,1.3,200,209.4,211.38,207.26,209.55,4.11,90.72,0.0,
tonefine_wp0.75_g1.4_k1.5_s0.85,0.75,1.4,1.5,0.85,100,43.83,41.57,45.33,44.6,3.76,88.9,0.152,
tonefine_wp0.75_g1.4_k1.5_s0.85,0.75,1.4,1.5,0.85,104,16.02,8.91,26.67,12.47,17.76,9.99,0.241,130.9
tonefine_wp0.75_g1.4_k1.5_s0.85,0.75,1.4,1.5,0.85,108,19.94,17.84,23.71,18.29,5.87,54.26,0.157,
tonefine_wp0.75_g1.4_k1.5_s0.85,0.75,1.4,1.5,0.85,112,36.72,35.22,38.3,36.64,3.07,73.0,0.0,
tonefine_wp0.75_g1.4_k1.5_s0.85,0.75,1.4,1.5,0.85,116,36.29,35.01,38.24,35.64,3.23,72.66,0.0,
tonefine_wp0.75_g1.4_k1.5_s0.85,0.75,1.4,1.5,0.85,120,16.62,15.54,17.81,16.52,2.27,51.64,0.1,
tonefine_wp0.75_g1.4_k1.5_s0.85,0.75,1.4,1.5,0.85,124,3.07,0.37,7.01,1.82,6.64,4.08,5.666,
tonefine_wp0.75_g1.4_k1.5_s0.85,0.75,1.4,1.5,0.85,128,53.93,46.49,61.63,53.67,15.14,69.11,0.033,148.3
tonefine_wp0.75_g1.4_k1.5_s0.85,0.75,1.4,1.5,0.85,132,67.94,59.71,77.18,66.94,17.48,63.15,0.01,144.3
tonefine_wp0.75_g1.4_k1.5_s0.85,0.75,1.4,1.5,0.85,136,70.23,58.16,81.84,70.69,23.68,61.97,0.002,151.9
tonefine_wp0.75_g1.4_k1.5_s0.85,0.75,1.4,1.5,0.85,140,40.57,29.09,54.95,37.67,25.86,8.81,0.159,139.0
tonefine_wp0.75_g1.4_k1.5_s0.85,0.75,1.4,1.5,0.85,144,255.0,254.99,255.0,255.0,0.01,0.05,2.158,
tonefine_wp0.75_g1.4_k1.5_s0.85,0.75,1.4,1.5,0.85,148,194.1,193.72,194.45,194.12,0.74,100.46,0.002,
tonefine_wp0.75_g1.4_k1.5_s0.85,0.75,1.4,1.5,0.85,152,79.12,62.88,95.56,78.91,32.68,39.22,0.297,149.4
tonefine_wp0.75_g1.4_k1.5_s0.85,0.75,1.4,1.5,0.85,156,119.37,104.29,135.49,118.32,31.2,47.13,0.013,146.7
tonefine_wp0.75_g1.4_k1.5_s0.85,0.75,1.4,1.5,0.85,160,120.56,111.52,133.39,116.77,21.87,46.09,0.005,133.3
tonefine_wp0.75_g1.4_k1.5_s0.85,0.75,1.4,1.5,0.85,164,125.75,121.69,137.74,117.81,19.93,43.16,0.005,109.4
tonefine_wp0.75_g1.4_k1.5_s0.85,0.75,1.4,1.5,0.85,168,132.2,129.43,141.56,125.62,15.94,11.93,0.055,106.8
tonefine_wp0.75_g1.4_k1.5_s0.85,0.75,1.4,1.5,0.85,172,146.94,146.55,154.6,139.67,14.93,6.52,1.867,92.6
tonefine_wp0.75_g1.4_k1.5_s0.85,0.75,1.4,1.5,0.85,176,175.75,177.98,180.44,168.84,11.6,26.7,0.08,71.6
tonefine_wp0.75_g1.4_k1.5_s0.85,0.75,1.4,1.5,0.85,180,186.88,190.42,190.67,179.55,11.12,22.93,0.017,61.1
tonefine_wp0.75_g1.4_k1.5_s0.85,0.75,1.4,1.5,0.85,184,194.75,198.92,197.9,187.42,11.5,19.19,0.01,55.4
tonefine_wp0.75_g1.4_k1.5_s0.85,0.75,1.4,1.5,0.85,188,184.85,188.63,190.21,175.7,14.51,19.26,0.011,65.7
tonefine_wp0.75_g1.4_k1.5_s0.85,0.75,1.4,1.5,0.85,192,178.53,184.05,188.52,163.03,25.49,4.25,1.32,69.4
tonefine_wp0.75_g1.4_k1.5_s0.85,0.75,1.4,1.5,0.85,196,254.99,254.98,255.0,255.0,0.02,0.07,2.111,
tonefine_wp0.75_g1.4_k1.5_s0.85,0.75,1.4,1.5,0.85,200,180.91,180.77,180.29,181.65,1.36,104.57,0.0,
tonefine_wp0.64_g1.0_k1.0_s0.7,0.64,1.0,1.0,0.7,100,12.76,5.1,24.11,9.07,19.01,9.67,0.128,131.4
tonefine_wp0.64_g1.0_k1.0_s0.7,0.64,1.0,1.0,0.7,104,41.48,27.68,58.99,37.76,31.31,20.71,0.428,138.4
tonefine_wp0.64_g1.0_k1.0_s0.7,0.64,1.0,1.0,0.7,108,44.68,32.88,60.34,40.84,27.46,61.23,0.085,136.4
tonefine_wp0.64_g1.0_k1.0_s0.7,0.64,1.0,1.0,0.7,112,45.62,38.56,55.32,42.99,16.76,72.39,0.001,134.8
tonefine_wp0.64_g1.0_k1.0_s0.7,0.64,1.0,1.0,0.7,116,46.7,36.56,58.2,45.34,21.64,70.86,0.002,143.8
tonefine_wp0.64_g1.0_k1.0_s0.7,0.64,1.0,1.0,0.7,120,51.22,36.97,64.17,52.52,27.2,69.5,0.003,154.7
tonefine_wp0.64_g1.0_k1.0_s0.7,0.64,1.0,1.0,0.7,124,40.87,23.81,58.46,40.33,34.66,36.83,0.05,148.5
tonefine_wp0.64_g1.0_k1.0_s0.7,0.64,1.0,1.0,0.7,128,49.11,37.62,65.07,44.64,27.45,8.84,4.269,134.3
tonefine_wp0.64_g1.0_k1.0_s0.7,0.64,1.0,1.0,0.7,132,77.55,64.72,93.26,74.65,28.54,11.57,14.454,140.0
tonefine_wp0.64_g1.0_k1.0_s0.7,0.64,1.0,1.0,0.7,136,97.13,88.1,114.46,88.82,26.36,48.85,0.023,121.4
tonefine_wp0.64_g1.0_k1.0_s0.7,0.64,1.0,1.0,0.7,140,117.67,110.29,130.88,111.84,20.59,46.62,0.001,123.9
tonefine_wp0.64_g1.0_k1.0_s0.7,0.64,1.0,1.0,0.7,144,195.47,191.27,201.68,193.45,10.41,73.02,0.001,131.5
tonefine_wp0.64_g1.0_k1.0_s0.7,0.64,1.0,1.0,0.7,148,254.99,254.97,254.99,255.0,0.03,0.13,3.585,
tonefine_wp0.64_g1.0_k1.0_s0.7,0.64,1.0,1.0,0.7,152,149.8,143.67,164.46,141.27,23.19,36.0,0.012,114.6
tonefine_wp0.64_g1.0_k1.0_s0.7,0.64,1.0,1.0,0.7,156,155.13,151.4,167.6,146.41,21.19,32.53,0.003,107.0
tonefine_wp0.64_g1.0_k1.0_s0.7,0.64,1.0,1.0,0.7,160,151.07,149.2,163.35,140.67,22.69,32.21,0.012,98.2
tonefine_wp0.64_g1.0_k1.0_s0.7,0.64,1.0,1.0,0.7,164,147.45,149.18,158.85,134.3,24.55,16.5,0.093,83.0
tonefine_wp0.64_g1.0_k1.0_s0.7,0.64,1.0,1.0,0.7,168,162.48,165.87,169.92,151.66,18.26,3.99,8.033,72.2
tonefine_wp0.64_g1.0_k1.0_s0.7,0.64,1.0,1.0,0.7,172,175.36,179.37,180.01,166.71,13.29,5.08,6.912,62.4
tonefine_wp0.64_g1.0_k1.0_s0.7,0.64,1.0,1.0,0.7,176,184.79,188.82,188.44,177.13,11.69,8.25,1.255,58.4
tonefine_wp0.64_g1.0_k1.0_s0.7,0.64,1.0,1.0,0.7,180,197.65,201.98,201.29,189.68,12.31,17.71,0.036,57.1
tonefine_wp0.64_g1.0_k1.0_s0.7,0.64,1.0,1.0,0.7,184,203.93,208.91,206.92,195.98,12.93,15.5,0.007,51.8
tonefine_wp0.64_g1.0_k1.0_s0.7,0.64,1.0,1.0,0.7,188,203.91,206.85,207.24,197.66,9.58,15.17,0.007,62.1
tonefine_wp0.64_g1.0_k1.0_s0.7,0.64,1.0,1.0,0.7,192,199.41,202.79,206.4,189.03,17.38,17.26,0.015,71.4
tonefine_wp0.64_g1.0_k1.0_s0.7,0.64,1.0,1.0,0.7,196,250.92,250.92,251.63,250.21,1.42,12.08,0.006,
tonefine_wp0.64_g1.0_k1.0_s0.7,0.64,1.0,1.0,0.7,200,254.99,254.97,255.0,255.0,0.03,0.09,5.056,
tonefine_wp0.88_g1.0_k1.0_s1.3,0.88,1.0,1.0,1.3,100,69.54,58.23,88.73,61.66,30.5,8.51,0.189,125.9
tonefine_wp0.88_g1.0_k1.0_s1.3,0.88,1.0,1.0,1.3,104,104.18,89.41,125.58,97.57,36.17,25.2,0.303,132.4
tonefine_wp0.88_g1.0_k1.0_s1.3,0.88,1.0,1.0,1.3,108,117.58,109.4,136.76,106.6,30.17,46.77,0.059,115.2
tonefine_wp0.88_g1.0_k1.0_s1.3,0.88,1.0,1.0,1.3,112,128.0,124.29,144.24,115.48,28.76,47.71,0.007,102.6
tonefine_wp0.88_g1.0_k1.0_s1.3,0.88,1.0,1.0,1.3,116,139.76,138.06,155.35,125.88,29.47,41.83,0.006,95.7
tonefine_wp0.88_g1.0_k1.0_s1.3,0.88,1.0,1.0,1.3,120,154.01,153.86,168.11,140.07,28.04,35.64,0.004,90.6
tonefine_wp0.88_g1.0_k1.0_s1.3,0.88,1.0,1.0,1.3,124,159.93,161.18,173.03,145.59,27.44,27.35,0.066,85.5
tonefine_wp0.88_g1.0_k1.0_s1.3,0.88,1.0,1.0,1.3,128,160.25,164.23,171.29,145.22,26.07,5.38,1.162,75.2
tonefine_wp0.88_g1.0_k1.0_s1.3,0.88,1.0,1.0,1.3,132,180.78,189.19,189.38,163.77,25.61,7.41,86.805,60.4
tonefine_wp0.88_g1.0_k1.0_s1.3,0.88,1.0,1.0,1.3,136,181.99,189.49,190.94,165.53,25.41,9.4,0.048,62.9
tonefine_wp0.88_g1.0_k1.0_s1.3,0.88,1.0,1.0,1.3,140,207.18,212.75,212.26,196.53,16.22,21.52,0.004,58.5
tonefine_wp0.88_g1.0_k1.0_s1.3,0.88,1.0,1.0,1.3,144,227.72,231.23,230.82,221.11,10.11,25.03,0.003,58.0
tonefine_wp0.88_g1.0_k1.0_s1.3,0.88,1.0,1.0,1.3,148,255.0,255.0,255.0,255.0,0.0,0.03,1.773,
tonefine_wp0.88_g1.0_k1.0_s1.3,0.88,1.0,1.0,1.3,152,228.48,234.88,232.17,218.38,16.49,12.34,0.018,51.2
tonefine_wp0.88_g1.0_k1.0_s1.3,0.88,1.0,1.0,1.3,156,232.33,238.2,236.3,222.48,15.72,10.65,0.025,53.7
tonefine_wp0.88_g1.0_k1.0_s1.3,0.88,1.0,1.0,1.3,160,233.45,239.83,236.12,224.39,15.43,9.25,0.042,46.7
tonefine_wp0.88_g1.0_k1.0_s1.3,0.88,1.0,1.0,1.3,164,235.22,243.37,236.62,225.66,17.71,6.22,0.126,37.8
tonefine_wp0.88_g1.0_k1.0_s1.3,0.88,1.0,1.0,1.3,168,241.13,247.38,241.25,234.77,12.61,3.04,2.705,31.0
tonefine_wp0.88_g1.0_k1.0_s1.3,0.88,1.0,1.0,1.3,172,248.65,251.96,249.54,244.45,7.51,3.03,15.727,
tonefine_wp0.88_g1.0_k1.0_s1.3,0.88,1.0,1.0,1.3,176,252.48,252.96,253.5,250.98,2.52,2.53,17.772,
tonefine_wp0.88_g1.0_k1.0_s1.3,0.88,1.0,1.0,1.3,180,254.4,253.68,254.85,254.68,1.18,0.98,9.5,
tonefine_wp0.88_g1.0_k1.0_s1.3,0.88,1.0,1.0,1.3,184,254.06,252.22,254.97,254.98,2.77,0.94,5.153,
tonefine_wp0.88_g1.0_k1.0_s1.3,0.88,1.0,1.0,1.3,188,253.08,249.62,254.76,254.85,5.23,1.38,3.439,
tonefine_wp0.88_g1.0_k1.0_s1.3,0.88,1.0,1.0,1.3,192,253.56,251.97,254.44,254.27,2.48,2.25,0.785,
tonefine_wp0.88_g1.0_k1.0_s1.3,0.88,1.0,1.0,1.3,196,255.0,255.0,255.0,255.0,0.0,0.05,8.485,
tonefine_wp0.88_g1.0_k1.0_s1.3,0.88,1.0,1.0,1.3,200,255.0,255.0,255.0,255.0,0.0,0.0,,
tonefine_wp0.75_g1.4_k1.5_s1.3,0.75,1.4,1.5,1.3,100,32.64,30.49,34.35,33.07,3.85,77.94,0.192,
tonefine_wp0.75_g1.4_k1.5_s1.3,0.75,1.4,1.5,1.3,104,13.53,5.57,23.35,11.67,17.78,6.1,1.005,139.7
tonefine_wp0.75_g1.4_k1.5_s1.3,0.75,1.4,1.5,1.3,108,27.58,25.99,29.87,26.89,3.89,64.38,0.071,
tonefine_wp0.75_g1.4_k1.5_s1.3,0.75,1.4,1.5,1.3,112,36.54,35.32,38.07,36.24,2.75,73.16,0.0,
tonefine_wp0.75_g1.4_k1.5_s1.3,0.75,1.4,1.5,1.3,116,36.11,34.79,37.22,36.32,2.43,72.78,0.0,
tonefine_wp0.75_g1.4_k1.5_s1.3,0.75,1.4,1.5,1.3,120,6.89,6.25,7.66,6.76,1.4,32.39,0.154,
tonefine_wp0.75_g1.4_k1.5_s1.3,0.75,1.4,1.5,1.3,124,4.08,1.36,6.69,4.2,5.33,12.88,0.444,
tonefine_wp0.75_g1.4_k1.5_s1.3,0.75,1.4,1.5,1.3,128,56.52,47.27,63.32,58.98,16.06,68.96,0.019,164.9
tonefine_wp0.75_g1.4_k1.5_s1.3,0.75,1.4,1.5,1.3,132,64.62,54.66,73.21,66.0,18.55,65.34,0.009,157.3
tonefine_wp0.75_g1.4_k1.5_s1.3,0.75,1.4,1.5,1.3,136,67.31,53.13,79.84,68.97,26.71,62.88,0.001,156.1
tonefine_wp0.75_g1.4_k1.5_s1.3,0.75,1.4,1.5,1.3,140,40.36,28.3,52.51,40.28,24.21,7.56,2.713,149.7
tonefine_wp0.75_g1.4_k1.5_s1.3,0.75,1.4,1.5,1.3,144,255.0,254.99,255.0,255.0,0.01,0.05,4.121,
tonefine_wp0.75_g1.4_k1.5_s1.3,0.75,1.4,1.5,1.3,148,195.07,193.82,195.66,195.73,1.91,100.24,0.001,
tonefine_wp0.75_g1.4_k1.5_s1.3,0.75,1.4,1.5,1.3,152,97.34,81.81,112.08,98.14,30.27,51.09,0.11,152.6
tonefine_wp0.75_g1.4_k1.5_s1.3,0.75,1.4,1.5,1.3,156,120.45,104.74,136.75,119.85,32.01,46.83,0.005,148.2
tonefine_wp0.75_g1.4_k1.5_s1.3,0.75,1.4,1.5,1.3,160,119.34,109.09,131.77,117.16,22.67,46.98,0.005,140.6
tonefine_wp0.75_g1.4_k1.5_s1.3,0.75,1.4,1.5,1.3,164,115.38,109.24,127.21,109.7,17.96,32.68,0.069,121.3
tonefine_wp0.75_g1.4_k1.5_s1.3,0.75,1.4,1.5,1.3,168,128.93,126.0,137.14,123.64,13.5,4.41,6.333,110.6
tonefine_wp0.75_g1.4_k1.5_s1.3,0.75,1.4,1.5,1.3,172,151.53,148.63,159.18,146.8,12.38,21.98,0.25,112.1
tonefine_wp0.75_g1.4_k1.5_s1.3,0.75,1.4,1.5,1.3,176,177.57,179.09,182.12,171.5,10.62,27.18,0.028,76.1
tonefine_wp0.75_g1.4_k1.5_s1.3,0.75,1.4,1.5,1.3,180,186.58,189.86,189.67,180.22,9.64,22.59,0.015,59.0
tonefine_wp0.75_g1.4_k1.5_s1.3,0.75,1.4,1.5,1.3,184,193.98,198.29,197.11,186.53,11.76,19.31,0.006,54.8
tonefine_wp0.75_g1.4_k1.5_s1.3,0.75,1.4,1.5,1.3,188,173.82,176.67,180.61,164.18,16.43,8.71,0.055,73.3
tonefine_wp0.75_g1.4_k1.5_s1.3,0.75,1.4,1.5,1.3,192,177.99,183.19,188.17,162.6,25.56,4.79,3.634,70.6
tonefine_wp0.75_g1.4_k1.5_s1.3,0.75,1.4,1.5,1.3,196,255.0,255.0,255.0,255.0,0.0,0.03,13.634,
tonefine_wp0.75_g1.4_k1.5_s1.3,0.75,1.4,1.5,1.3,200,180.74,180.42,180.3,181.51,1.21,104.52,0.0,
tonefine_wp0.64_g1.0_k1.0_s1.3,0.64,1.0,1.0,1.3,100,23.31,13.01,35.22,21.68,22.21,21.01,0.26,142.8
tonefine_wp0.64_g1.0_k1.0_s1.3,0.64,1.0,1.0,1.3,104,57.04,40.62,73.71,56.8,33.09,50.73,0.132,149.3
tonefine_wp0.64_g1.0_k1.0_s1.3,0.64,1.0,1.0,1.3,108,52.4,40.82,66.21,50.18,25.39,69.37,0.003,141.4
tonefine_wp0.64_g1.0_k1.0_s1.3,0.64,1.0,1.0,1.3,112,45.24,37.8,53.77,44.15,15.97,72.37,0.001,143.3
tonefine_wp0.64_g1.0_k1.0_s1.3,0.64,1.0,1.0,1.3,116,47.35,36.08,58.1,47.88,22.02,70.57,0.003,152.4
tonefine_wp0.64_g1.0_k1.0_s1.3,0.64,1.0,1.0,1.3,120,48.68,33.75,60.74,51.57,26.99,67.58,0.002,160.5
tonefine_wp0.64_g1.0_k1.0_s1.3,0.64,1.0,1.0,1.3,124,35.0,16.07,51.54,37.38,35.47,24.39,0.098,156.6
tonefine_wp0.64_g1.0_k1.0_s1.3,0.64,1.0,1.0,1.3,128,48.12,32.68,64.64,47.05,31.96,8.4,3.447,146.7
tonefine_wp0.64_g1.0_k1.0_s1.3,0.64,1.0,1.0,1.3,132,77.09,62.81,92.68,75.77,29.87,11.84,10.76,145.6
tonefine_wp0.64_g1.0_k1.0_s1.3,0.64,1.0,1.0,1.3,136,93.26,82.42,109.52,87.84,27.1,43.93,0.039,130.9
tonefine_wp0.64_g1.0_k1.0_s1.3,0.64,1.0,1.0,1.3,140,117.26,107.62,130.02,114.15,22.4,47.91,0.001,136.5
tonefine_wp0.64_g1.0_k1.0_s1.3,0.64,1.0,1.0,1.3,144,182.77,176.33,190.63,181.35,14.31,75.18,0.001,140.2
tonefine_wp0.64_g1.0_k1.0_s1.3,0.64,1.0,1.0,1.3,148,255.0,254.99,255.0,255.0,0.01,0.04,4.808,
tonefine_wp0.64_g1.0_k1.0_s1.3,0.64,1.0,1.0,1.3,152,152.1,147.12,165.42,143.76,21.66,34.07,0.016,111.7
tonefine_wp0.64_g1.0_k1.0_s1.3,0.64,1.0,1.0,1.3,156,149.19,146.11,160.98,140.47,20.51,30.71,0.05,104.6
tonefine_wp0.64_g1.0_k1.0_s1.3,0.64,1.0,1.0,1.3,160,138.54,137.73,150.31,127.58,22.74,20.08,0.108,93.5
tonefine_wp0.64_g1.0_k1.0_s1.3,0.64,1.0,1.0,1.3,164,142.71,144.2,153.58,130.36,23.22,4.41,1.743,83.7
tonefine_wp0.64_g1.0_k1.0_s1.3,0.64,1.0,1.0,1.3,168,161.37,164.62,168.75,150.76,17.99,4.38,7.915,72.7
tonefine_wp0.64_g1.0_k1.0_s1.3,0.64,1.0,1.0,1.3,172,174.57,177.38,180.1,166.22,13.87,7.76,0.903,70.7
tonefine_wp0.64_g1.0_k1.0_s1.3,0.64,1.0,1.0,1.3,176,187.67,191.13,192.11,179.77,12.34,16.81,0.175,64.1
tonefine_wp0.64_g1.0_k1.0_s1.3,0.64,1.0,1.0,1.3,180,196.83,200.76,200.9,188.84,12.06,18.19,0.018,60.6
tonefine_wp0.64_g1.0_k1.0_s1.3,0.64,1.0,1.0,1.3,184,201.86,206.23,205.94,193.4,12.83,15.53,0.007,58.9
tonefine_wp0.64_g1.0_k1.0_s1.3,0.64,1.0,1.0,1.3,188,202.04,205.78,205.36,194.97,10.81,15.32,0.009,58.0
tonefine_wp0.64_g1.0_k1.0_s1.3,0.64,1.0,1.0,1.3,192,199.12,201.93,205.48,189.94,15.55,16.64,0.011,72.6
tonefine_wp0.64_g1.0_k1.0_s1.3,0.64,1.0,1.0,1.3,196,249.86,249.3,250.79,249.48,1.49,13.97,0.004,
tonefine_wp0.64_g1.0_k1.0_s1.3,0.64,1.0,1.0,1.3,200,255.0,254.99,255.0,255.0,0.01,0.07,2.573,
tonefine_wp0.75_g1.4_k1.5_s1.0_rep1,0.75,1.4,1.5,1.0,100,16.78,14.1,20.44,15.79,6.34,42.63,0.241,
tonefine_wp0.75_g1.4_k1.5_s1.0_rep1,0.75,1.4,1.5,1.0,104,52.07,44.98,59.44,51.79,14.45,68.49,0.014,148.1
tonefine_wp0.75_g1.4_k1.5_s1.0_rep1,0.75,1.4,1.5,1.0,108,38.89,36.84,40.68,39.15,3.84,73.45,0.0,
tonefine_wp0.75_g1.4_k1.5_s1.0_rep1,0.75,1.4,1.5,1.0,112,37.82,36.48,38.84,38.14,2.36,73.35,0.0,
tonefine_wp0.75_g1.4_k1.5_s1.0_rep1,0.75,1.4,1.5,1.0,116,24.51,23.49,25.21,24.82,1.71,61.96,0.062,
tonefine_wp0.75_g1.4_k1.5_s1.0_rep1,0.75,1.4,1.5,1.0,120,0.56,0.04,0.88,0.77,0.84,1.9,3.736,
tonefine_wp0.75_g1.4_k1.5_s1.0_rep1,0.75,1.4,1.5,1.0,124,4.02,0.93,6.49,4.65,5.57,9.65,0.977,
tonefine_wp0.75_g1.4_k1.5_s1.0_rep1,0.75,1.4,1.5,1.0,128,53.09,43.1,59.48,56.69,16.38,67.7,0.031,170.9
tonefine_wp0.75_g1.4_k1.5_s1.0_rep1,0.75,1.4,1.5,1.0,132,69.47,59.06,78.0,71.34,18.94,63.03,0.009,159.7
tonefine_wp0.75_g1.4_k1.5_s1.0_rep1,0.75,1.4,1.5,1.0,136,69.81,56.02,81.14,72.29,25.12,63.37,0.002,159.7
tonefine_wp0.75_g1.4_k1.5_s1.0_rep1,0.75,1.4,1.5,1.0,140,78.83,67.82,88.35,80.3,20.53,62.88,0.002,157.1
tonefine_wp0.75_g1.4_k1.5_s1.0_rep1,0.75,1.4,1.5,1.0,144,255.0,255.0,255.0,255.0,0.0,0.02,2.266,
tonefine_wp0.75_g1.4_k1.5_s1.0_rep1,0.75,1.4,1.5,1.0,148,255.0,255.0,255.0,255.0,0.0,0.01,1.426,
tonefine_wp0.75_g1.4_k1.5_s1.0_rep1,0.75,1.4,1.5,1.0,152,118.63,102.19,134.99,118.72,32.79,48.01,0.006,150.3
tonefine_wp0.75_g1.4_k1.5_s1.0_rep1,0.75,1.4,1.5,1.0,156,113.77,99.36,130.34,111.6,30.97,41.0,0.051,143.1
tonefine_wp0.75_g1.4_k1.5_s1.0_rep1,0.75,1.4,1.5,1.0,160,95.18,84.9,110.11,90.54,25.21,17.83,0.142,132.3
tonefine_wp0.75_g1.4_k1.5_s1.0_rep1,0.75,1.4,1.5,1.0,164,103.59,98.55,115.44,96.79,18.65,6.03,0.724,115.1
tonefine_wp0.75_g1.4_k1.5_s1.0_rep1,0.75,1.4,1.5,1.0,168,129.83,127.17,137.44,124.89,12.55,12.49,0.485,110.2
tonefine_wp0.75_g1.4_k1.5_s1.0_rep1,0.75,1.4,1.5,1.0,172,160.05,158.85,166.4,154.89,11.5,32.07,0.056,100.2
tonefine_wp0.75_g1.4_k1.5_s1.0_rep1,0.75,1.4,1.5,1.0,176,176.5,179.98,180.54,168.99,11.55,26.86,0.036,62.5
tonefine_wp0.75_g1.4_k1.5_s1.0_rep1,0.75,1.4,1.5,1.0,180,183.42,186.91,187.07,176.28,10.79,23.02,0.013,60.8
tonefine_wp0.75_g1.4_k1.5_s1.0_rep1,0.75,1.4,1.5,1.0,184,190.33,194.98,193.71,182.3,12.68,19.43,0.005,54.8
tonefine_wp0.75_g1.4_k1.5_s1.0_rep1,0.75,1.4,1.5,1.0,188,184.42,188.62,188.6,176.05,12.57,21.33,0.01,59.9
tonefine_wp0.75_g1.4_k1.5_s1.0_rep1,0.75,1.4,1.5,1.0,192,179.94,186.39,188.63,164.81,23.83,5.4,0.324,64.9
tonefine_wp0.75_g1.4_k1.5_s1.0_rep1,0.75,1.4,1.5,1.0,196,255.0,254.99,255.0,255.0,0.01,0.04,2.605,
tonefine_wp0.75_g1.4_k1.5_s1.0_rep1,0.75,1.4,1.5,1.0,200,250.12,251.35,248.72,250.29,2.63,18.82,0.001,
tonefine_wp0.64_g1.8_k2.0_s0.7,0.64,1.8,2.0,0.7,100,0.04,0.03,0.07,0.02,0.05,0.88,0.498,
tonefine_wp0.64_g1.8_k2.0_s0.7,0.64,1.8,2.0,0.7,104,12.62,11.88,13.7,12.28,1.82,34.86,0.136,
tonefine_wp0.64_g1.8_k2.0_s0.7,0.64,1.8,2.0,0.7,108,15.69,15.59,16.93,14.54,2.39,36.35,0.001,
tonefine_wp0.64_g1.8_k2.0_s0.7,0.64,1.8,2.0,0.7,112,14.54,14.87,15.2,13.55,1.65,34.61,0.001,
tonefine_wp0.64_g1.8_k2.0_s0.7,0.64,1.8,2.0,0.7,116,11.01,10.77,11.92,10.33,1.6,30.79,0.045,
tonefine_wp0.64_g1.8_k2.0_s0.7,0.64,1.8,2.0,0.7,120,0.0,0.0,0.0,0.0,0.0,0.0,,
tonefine_wp0.64_g1.8_k2.0_s0.7,0.64,1.8,2.0,0.7,124,0.81,0.78,0.9,0.76,0.14,7.32,0.189,
tonefine_wp0.64_g1.8_k2.0_s0.7,0.64,1.8,2.0,0.7,128,19.77,20.39,20.15,18.75,1.64,40.72,0.005,
tonefine_wp0.64_g1.8_k2.0_s0.7,0.64,1.8,2.0,0.7,132,18.93,20.16,19.57,17.05,3.1,39.46,0.002,
tonefine_wp0.64_g1.8_k2.0_s0.7,0.64,1.8,2.0,0.7,136,18.55,19.94,19.07,16.63,3.31,38.64,0.001,
tonefine_wp0.64_g1.8_k2.0_s0.7,0.64,1.8,2.0,0.7,140,3.65,4.06,3.62,3.26,0.79,15.95,0.022,
tonefine_wp0.64_g1.8_k2.0_s0.7,0.64,1.8,2.0,0.7,144,255.0,255.0,255.0,255.0,0.0,0.02,5.292,
tonefine_wp0.64_g1.8_k2.0_s0.7,0.64,1.8,2.0,0.7,148,214.27,215.49,213.25,214.06,2.24,88.69,0.0,
tonefine_wp0.64_g1.8_k2.0_s0.7,0.64,1.8,2.0,0.7,152,49.33,43.8,56.83,47.37,13.03,39.25,0.032,135.4
tonefine_wp0.64_g1.8_k2.0_s0.7,0.64,1.8,2.0,0.7,156,45.68,39.1,53.86,44.08,14.76,38.07,0.005,139.4
tonefine_wp0.64_g1.8_k2.0_s0.7,0.64,1.8,2.0,0.7,160,14.93,16.09,18.63,10.08,8.55,23.88,0.058,76.8
tonefine_wp0.64_g1.8_k2.0_s0.7,0.64,1.8,2.0,0.7,164,14.05,17.87,15.26,9.01,8.85,7.74,1.017,43.4
tonefine_wp0.64_g1.8_k2.0_s0.7,0.64,1.8,2.0,0.7,168,46.17,41.18,47.34,49.99,8.81,10.87,0.77,197.1
tonefine_wp0.64_g1.8_k2.0_s0.7,0.64,1.8,2.0,0.7,172,75.28,69.34,77.05,79.44,10.1,30.14,0.056,193.1
tonefine_wp0.64_g1.8_k2.0_s0.7,0.64,1.8,2.0,0.7,176,90.43,86.63,92.63,92.02,6.01,27.02,0.052,
tonefine_wp0.64_g1.8_k2.0_s0.7,0.64,1.8,2.0,0.7,180,100.15,96.74,103.25,100.47,6.51,23.1,0.046,
tonefine_wp0.64_g1.8_k2.0_s0.7,0.64,1.8,2.0,0.7,184,106.83,103.24,109.92,107.32,6.68,21.03,0.034,
tonefine_wp0.64_g1.8_k2.0_s0.7,0.64,1.8,2.0,0.7,188,67.46,59.95,73.1,69.34,13.15,16.46,0.016,163.9
tonefine_wp0.64_g1.8_k2.0_s0.7,0.64,1.8,2.0,0.7,192,30.46,20.57,40.92,29.9,20.35,5.9,1.137,147.3
tonefine_wp0.64_g1.8_k2.0_s0.7,0.64,1.8,2.0,0.7,196,254.99,254.99,254.99,255.0,0.01,0.08,2.724,
tonefine_wp0.64_g1.8_k2.0_s0.7,0.64,1.8,2.0,0.7,200,184.97,186.68,183.25,184.98,3.43,106.69,0.0,
tonefine_wp0.75_g1.0_k1.5_s1.0,0.75,1.0,1.5,1.0,100,25.76,12.04,41.54,23.7,29.5,14.68,0.115,143.1
tonefine_wp0.75_g1.0_k1.5_s1.0,0.75,1.0,1.5,1.0,104,51.83,31.3,72.74,51.47,41.44,7.41,0.892,149.1
tonefine_wp0.75_g1.0_k1.5_s1.0,0.75,1.0,1.5,1.0,108,52.44,36.33,73.04,47.95,36.71,47.51,0.197,138.0
tonefine_wp0.75_g1.0_k1.5_s1.0,0.75,1.0,1.5,1.0,112,66.57,55.59,83.84,60.29,28.25,68.07,0.008,128.9
tonefine_wp0.75_g1.0_k1.5_s1.0,0.75,1.0,1.5,1.0,116,79.43,69.19,96.24,72.85,27.05,61.91,0.004,127.2
tonefine_wp0.75_g1.0_k1.5_s1.0,0.75,1.0,1.5,1.0,120,96.92,86.0,112.95,91.8,26.95,55.46,0.003,131.8
tonefine_wp0.75_g1.0_k1.5_s1.0,0.75,1.0,1.5,1.0,124,109.45,99.61,126.02,102.71,26.41,50.12,0.002,126.1
tonefine_wp0.75_g1.0_k1.5_s1.0,0.75,1.0,1.5,1.0,128,107.77,101.23,124.08,98.0,26.08,28.83,0.029,113.5
tonefine_wp0.75_g1.0_k1.5_s1.0,0.75,1.0,1.5,1.0,132,121.7,118.76,136.98,109.36,27.62,8.63,25.006,100.5
tonefine_wp0.75_g1.0_k1.5_s1.0,0.75,1.0,1.5,1.0,136,121.63,119.0,138.1,107.79,30.31,5.04,6.445,98.6
tonefine_wp0.75_g1.0_k1.5_s1.0,0.75,1.0,1.5,1.0,140,153.19,151.66,165.85,142.05,23.8,28.06,0.007,96.4
tonefine_wp0.75_g1.0_k1.5_s1.0,0.75,1.0,1.5,1.0,144,187.2,186.98,196.13,178.49,17.65,45.54,0.002,91.2
tonefine_wp0.75_g1.0_k1.5_s1.0,0.75,1.0,1.5,1.0,148,255.0,255.0,255.0,255.0,0.0,0.01,2.941,
tonefine_wp0.75_g1.0_k1.5_s1.0,0.75,1.0,1.5,1.0,152,186.1,191.09,194.75,172.47,22.28,26.62,0.03,68.8
tonefine_wp0.75_g1.0_k1.5_s1.0,0.75,1.0,1.5,1.0,156,194.35,199.09,202.59,181.36,21.23,21.91,0.005,68.8
tonefine_wp0.75_g1.0_k1.5_s1.0,0.75,1.0,1.5,1.0,160,191.9,197.83,198.61,179.24,19.38,21.86,0.005,62.0
tonefine_wp0.75_g1.0_k1.5_s1.0,0.75,1.0,1.5,1.0,164,194.23,202.1,199.35,181.23,20.88,21.26,0.01,53.0
tonefine_wp0.75_g1.0_k1.5_s1.0,0.75,1.0,1.5,1.0,168,204.14,209.76,207.13,195.54,14.22,16.97,0.009,50.0
tonefine_wp0.75_g1.0_k1.5_s1.0,0.75,1.0,1.5,1.0,172,207.26,214.51,209.93,197.35,17.16,11.03,0.04,45.1
tonefine_wp0.75_g1.0_k1.5_s1.0,0.75,1.0,1.5,1.0,176,210.54,217.01,212.64,201.96,15.05,3.57,4.97,43.6
tonefine_wp0.75_g1.0_k1.5_s1.0,0.75,1.0,1.5,1.0,180,212.72,217.62,214.75,205.8,11.83,3.02,6.748,46.5
tonefine_wp0.75_g1.0_k1.5_s1.0,0.75,1.0,1.5,1.0,184,216.57,219.82,218.24,211.64,8.17,3.06,1.56,49.5
tonefine_wp0.75_g1.0_k1.5_s1.0,0.75,1.0,1.5,1.0,188,222.52,225.62,223.93,218.01,7.6,6.66,0.047,
tonefine_wp0.75_g1.0_k1.5_s1.0,0.75,1.0,1.5,1.0,192,228.5,231.38,230.25,223.88,7.49,13.18,0.022,
tonefine_wp0.75_g1.0_k1.5_s1.0,0.75,1.0,1.5,1.0,196,248.46,252.59,248.34,244.45,8.14,6.33,0.022,28.5
tonefine_wp0.75_g1.0_k1.5_s1.0,0.75,1.0,1.5,1.0,200,255.0,255.0,255.0,255.0,0.0,0.01,2.453,
tonefine_wp0.75_g1.4_k1.5_s1.0_rep3,0.75,1.4,1.5,1.0,100,37.35,35.34,39.35,37.36,4.01,82.04,0.175,
tonefine_wp0.75_g1.4_k1.5_s1.0_rep3,0.75,1.4,1.5,1.0,104,14.33,10.62,23.55,8.82,14.74,4.71,1.021,113.5
tonefine_wp0.75_g1.4_k1.5_s1.0_rep3,0.75,1.4,1.5,1.0,108,27.51,24.7,33.71,24.11,9.6,60.5,0.107,116.9
tonefine_wp0.75_g1.4_k1.5_s1.0_rep3,0.75,1.4,1.5,1.0,112,37.73,36.68,39.68,36.82,3.0,73.22,0.0,
tonefine_wp0.75_g1.4_k1.5_s1.0_rep3,0.75,1.4,1.5,1.0,116,37.95,36.12,41.0,36.73,4.88,72.84,0.0,
tonefine_wp0.75_g1.4_k1.5_s1.0_rep3,0.75,1.4,1.5,1.0,120,9.23,5.22,15.94,6.55,10.72,27.9,0.142,126.5
tonefine_wp0.75_g1.4_k1.5_s1.0_rep3,0.75,1.4,1.5,1.0,124,10.07,3.33,19.21,7.67,15.88,16.21,0.384,135.4
tonefine_wp0.75_g1.4_k1.5_s1.0_rep3,0.75,1.4,1.5,1.0,128,63.05,54.84,69.26,65.04,14.42,67.91,0.019,163.5
tonefine_wp0.75_g1.4_k1.5_s1.0_rep3,0.75,1.4,1.5,1.0,132,69.51,60.15,77.82,70.57,17.68,64.49,0.011,155.9
tonefine_wp0.75_g1.4_k1.5_s1.0_rep3,0.75,1.4,1.5,1.0,136,63.43,54.36,72.29,63.64,17.93,59.39,0.004,151.1
tonefine_wp0.75_g1.4_k1.5_s1.0_rep3,0.75,1.4,1.5,1.0,140,37.66,34.23,47.61,31.14,16.46,6.76,1.627,109.8
tonefine_wp0.75_g1.4_k1.5_s1.0_rep3,0.75,1.4,1.5,1.0,144,255.0,254.99,255.0,255.0,0.01,0.04,2.825,
tonefine_wp0.75_g1.4_k1.5_s1.0_rep3,0.75,1.4,1.5,1.0,148,192.19,195.64,190.76,190.18,5.46,98.93,0.001,
tonefine_wp0.75_g1.4_k1.5_s1.0_rep3,0.75,1.4,1.5,1.0,152,81.51,70.9,94.14,79.5,23.24,41.28,0.315,141.5
tonefine_wp0.75_g1.4_k1.5_s1.0_rep3,0.75,1.4,1.5,1.0,156,119.32,105.23,132.9,119.85,27.67,48.47,0.009,151.9
tonefine_wp0.75_g1.4_k1.5_s1.0_rep3,0.75,1.4,1.5,1.0,160,121.49,112.39,132.22,119.86,19.83,47.21,0.006,141.9
tonefine_wp0.75_g1.4_k1.5_s1.0_rep3,0.75,1.4,1.5,1.0,164,125.55,118.71,136.1,121.85,17.39,42.11,0.014,129.8
tonefine_wp0.75_g1.4_k1.5_s1.0_rep3,0.75,1.4,1.5,1.0,168,136.4,127.64,146.59,134.98,18.95,7.2,0.374,142.6
tonefine_wp0.75_g1.4_k1.5_s1.0_rep3,0.75,1.4,1.5,1.0,172,153.05,144.81,161.98,152.35,17.17,9.63,0.91,146.0
tonefine_wp0.75_g1.4_k1.5_s1.0_rep3,0.75,1.4,1.5,1.0,176,184.45,181.6,189.28,182.48,7.68,27.54,0.037,
tonefine_wp0.75_g1.4_k1.5_s1.0_rep3,0.75,1.4,1.5,1.0,180,194.37,193.09,198.49,191.54,6.95,22.26,0.018,
tonefine_wp0.75_g1.4_k1.5_s1.0_rep3,0.75,1.4,1.5,1.0,184,202.89,203.11,206.24,199.31,6.94,18.39,0.007,
tonefine_wp0.75_g1.4_k1.5_s1.0_rep3,0.75,1.4,1.5,1.0,188,179.28,178.79,186.87,172.17,14.7,13.88,0.033,93.3
tonefine_wp0.75_g1.4_k1.5_s1.0_rep3,0.75,1.4,1.5,1.0,192,176.69,181.25,186.66,162.17,24.49,4.51,6.267,72.1
tonefine_wp0.75_g1.4_k1.5_s1.0_rep3,0.75,1.4,1.5,1.0,196,254.95,254.84,255.0,255.0,0.16,0.26,3.19,
tonefine_wp0.75_g1.4_k1.5_s1.0_rep3,0.75,1.4,1.5,1.0,200,179.62,180.6,178.09,180.17,2.5,104.09,0.0,
tonefine_wp0.64_g1.0_k2.0_s0.7,0.64,1.0,2.0,0.7,100,42.16,35.33,51.13,40.03,15.81,72.9,0.187,136.9
tonefine_wp0.64_g1.0_k2.0_s0.7,0.64,1.0,2.0,0.7,104,36.08,24.59,48.48,35.18,23.89,12.08,0.324,146.3
tonefine_wp0.64_g1.0_k2.0_s0.7,0.64,1.0,2.0,0.7,108,20.95,11.71,34.41,16.72,22.7,11.59,0.476,132.1
tonefine_wp0.64_g1.0_k2.0_s0.7,0.64,1.0,2.0,0.7,112,35.6,28.67,45.95,32.18,17.28,61.71,0.081,131.1
tonefine_wp0.64_g1.0_k2.0_s0.7,0.64,1.0,2.0,0.7,116,49.1,39.19,60.43,47.67,21.24,71.05,0.002,143.4
tonefine_wp0.64_g1.0_k2.0_s0.7,0.64,1.0,2.0,0.7,120,55.01,41.76,65.4,57.86,23.63,69.34,0.002,161.8
tonefine_wp0.64_g1.0_k2.0_s0.7,0.64,1.0,2.0,0.7,124,66.8,52.8,78.39,69.21,25.58,64.85,0.002,159.3
tonefine_wp0.64_g1.0_k2.0_s0.7,0.64,1.0,2.0,0.7,128,54.27,43.43,65.21,54.17,21.78,20.15,0.209,149.5
tonefine_wp0.64_g1.0_k2.0_s0.7,0.64,1.0,2.0,0.7,132,82.58,74.75,93.45,79.53,18.7,12.34,146.618,134.2
tonefine_wp0.64_g1.0_k2.0_s0.7,0.64,1.0,2.0,0.7,136,85.55,82.02,97.61,77.02,20.59,22.69,0.18,106.5
tonefine_wp0.64_g1.0_k2.0_s0.7,0.64,1.0,2.0,0.7,140,117.84,116.1,126.63,110.77,15.86,46.72,0.001,100.7
tonefine_wp0.64_g1.0_k2.0_s0.7,0.64,1.0,2.0,0.7,144,183.87,181.29,189.88,180.44,9.44,74.59,0.001,115.4
tonefine_wp0.64_g1.0_k2.0_s0.7,0.64,1.0,2.0,0.7,148,254.99,254.97,255.0,255.0,0.03,0.13,1.727,
tonefine_wp0.64_g1.0_k2.0_s0.7,0.64,1.0,2.0,0.7,152,125.49,119.29,139.24,117.94,21.3,31.04,0.252,116.8
tonefine_wp0.64_g1.0_k2.0_s0.7,0.64,1.0,2.0,0.7,156,155.31,149.78,167.45,148.69,18.77,33.83,0.026,117.0
tonefine_wp0.64_g1.0_k2.0_s0.7,0.64,1.0,2.0,0.7,160,154.33,149.84,164.54,148.61,15.93,34.38,0.007,116.0
tonefine_wp0.64_g1.0_k2.0_s0.7,0.64,1.0,2.0,0.7,164,161.14,161.04,169.15,153.22,15.93,33.03,0.013,90.6
tonefine_wp0.64_g1.0_k2.0_s0.7,0.64,1.0,2.0,0.7,168,179.99,180.39,185.78,173.81,11.97,26.14,0.022,86.7
tonefine_wp0.64_g1.0_k2.0_s0.7,0.64,1.0,2.0,0.7,172,185.3,187.96,188.66,179.28,9.38,15.27,0.026,63.8
tonefine_wp0.64_g1.0_k2.0_s0.7,0.64,1.0,2.0,0.7,176,190.59,194.89,192.43,184.45,10.44,4.13,4.347,47.0
tonefine_wp0.64_g1.0_k2.0_s0.7,0.64,1.0,2.0,0.7,180,197.97,202.85,199.09,191.95,10.89,4.05,15.682,40.2
tonefine_wp0.64_g1.0_k2.0_s0.7,0.64,1.0,2.0,0.7,184,205.38,210.57,206.87,198.7,11.87,8.42,0.112,42.3
tonefine_wp0.64_g1.0_k2.0_s0.7,0.64,1.0,2.0,0.7,188,212.73,217.43,213.79,206.97,10.46,13.77,0.01,39.9
tonefine_wp0.64_g1.0_k2.0_s0.7,0.64,1.0,2.0,0.7,192,194.85,196.89,200.98,186.69,14.29,20.39,0.016,76.1
tonefine_wp0.64_g1.0_k2.0_s0.7,0.64,1.0,2.0,0.7,196,232.73,233.57,235.33,229.31,6.02,29.06,0.002,
tonefine_wp0.64_g1.0_k2.0_s0.7,0.64,1.0,2.0,0.7,200,254.95,254.85,254.99,255.0,0.15,0.29,4.589,
tonefine_wp0.75_g1.4_k2.0_s1.0,0.75,1.4,2.0,1.0,100,44.31,42.78,45.63,44.52,2.85,88.96,0.152,
tonefine_wp0.75_g1.4_k2.0_s1.0,0.75,1.4,2.0,1.0,104,14.87,9.87,24.87,9.86,15.01,6.78,0.464,120.0
tonefine_wp0.75_g1.4_k2.0_s1.0,0.75,1.4,2.0,1.0,108,23.13,20.59,28.69,20.11,8.58,55.56,0.143,117.1
tonefine_wp0.75_g1.4_k2.0_s1.0,0.75,1.4,2.0,1.0,112,36.79,36.75,37.96,35.64,2.32,72.38,0.0,
tonefine_wp0.75_g1.4_k2.0_s1.0,0.75,1.4,2.0,1.0,116,36.59,36.11,38.07,35.6,2.47,72.17,0.0,
tonefine_wp0.75_g1.4_k2.0_s1.0,0.75,1.4,2.0,1.0,120,13.92,11.37,18.08,12.3,6.71,42.97,0.123,
tonefine_wp0.75_g1.4_k2.0_s1.0,0.75,1.4,2.0,1.0,124,6.35,1.37,13.68,4.01,12.31,5.61,1.107,131.7
tonefine_wp0.75_g1.4_k2.0_s1.0,0.75,1.4,2.0,1.0,128,57.98,51.96,64.09,57.88,12.13,69.92,0.018,149.2
tonefine_wp0.75_g1.4_k2.0_s1.0,0.75,1.4,2.0,1.0,132,65.77,58.43,71.59,67.3,13.16,65.01,0.009,161.4
tonefine_wp0.75_g1.4_k2.0_s1.0,0.75,1.4,2.0,1.0,136,65.55,57.34,72.97,66.35,15.63,63.61,0.0,155.1
tonefine_wp0.75_g1.4_k2.0_s1.0,0.75,1.4,2.0,1.0,140,34.44,28.96,44.58,29.78,15.62,6.33,0.856,122.7
tonefine_wp0.75_g1.4_k2.0_s1.0,0.75,1.4,2.0,1.0,144,255.0,254.99,255.0,255.0,0.01,0.07,7.991,
tonefine_wp0.75_g1.4_k2.0_s1.0,0.75,1.4,2.0,1.0,148,192.82,193.82,192.23,192.41,1.59,100.82,0.001,
tonefine_wp0.75_g1.4_k2.0_s1.0,0.75,1.4,2.0,1.0,152,77.44,69.44,87.52,75.35,18.08,42.56,0.297,138.7
tonefine_wp0.75_g1.4_k2.0_s1.0,0.75,1.4,2.0,1.0,156,118.93,110.06,129.36,117.38,19.3,48.63,0.009,142.1
tonefine_wp0.75_g1.4_k2.0_s1.0,0.75,1.4,2.0,1.0,160,119.48,115.45,127.7,115.3,12.4,47.65,0.005,119.4
tonefine_wp0.75_g1.4_k2.0_s1.0,0.75,1.4,2.0,1.0,164,124.55,122.83,131.26,119.56,11.7,44.01,0.006,104.3
tonefine_wp0.75_g1.4_k2.0_s1.0,0.75,1.4,2.0,1.0,168,133.25,127.44,137.87,134.43,10.44,9.99,0.115,161.1
tonefine_wp0.75_g1.4_k2.0_s1.0,0.75,1.4,2.0,1.0,172,150.5,146.6,155.84,149.07,9.25,8.34,1.212,135.0
tonefine_wp0.75_g1.4_k2.0_s1.0,0.75,1.4,2.0,1.0,176,182.57,183.33,185.92,178.46,7.46,28.47,0.054,
tonefine_wp0.75_g1.4_k2.0_s1.0,0.75,1.4,2.0,1.0,180,194.3,196.2,195.85,190.84,5.37,23.8,0.018,
tonefine_wp0.75_g1.4_k2.0_s1.0,0.75,1.4,2.0,1.0,184,204.0,208.85,203.87,199.29,9.56,18.96,0.013,28.6
tonefine_wp0.75_g1.4_k2.0_s1.0,0.75,1.4,2.0,1.0,188,181.73,185.62,185.62,173.94,11.68,17.01,0.023,60.0
tonefine_wp0.75_g1.4_k2.0_s1.0,0.75,1.4,2.0,1.0,192,174.44,180.39,183.03,159.9,23.13,5.31,1.943,66.0
tonefine_wp0.75_g1.4_k2.0_s1.0,0.75,1.4,2.0,1.0,196,254.95,254.87,254.99,255.0,0.13,0.28,2.5,
tonefine_wp0.75_g1.4_k2.0_s1.0,0.75,1.4,2.0,1.0,200,178.66,179.94,176.72,179.32,3.22,104.2,0.0,
tonefine_wp0.88_g1.8_k2.0_s0.7,0.88,1.8,2.0,0.7,100,4.23,3.94,4.87,3.88,0.98,22.84,0.311,
tonefine_wp0.88_g1.8_k2.0_s0.7,0.88,1.8,2.0,0.7,104,38.58,36.26,44.13,35.36,8.77,67.58,0.058,114.7
tonefine_wp0.88_g1.8_k2.0_s0.7,0.88,1.8,2.0,0.7,108,38.16,37.71,39.15,37.61,1.54,73.47,0.001,
tonefine_wp0.88_g1.8_k2.0_s0.7,0.88,1.8,2.0,0.7,112,37.19,37.5,37.3,36.77,0.73,73.41,0.0,
tonefine_wp0.88_g1.8_k2.0_s0.7,0.88,1.8,2.0,0.7,116,27.79,27.27,27.96,28.14,0.87,65.91,0.038,
tonefine_wp0.88_g1.8_k2.0_s0.7,0.88,1.8,2.0,0.7,120,0.82,0.29,1.5,0.68,1.21,2.15,27.437,
tonefine_wp0.88_g1.8_k2.0_s0.7,0.88,1.8,2.0,0.7,124,6.3,3.37,9.71,5.84,6.34,17.28,0.52,
tonefine_wp0.88_g1.8_k2.0_s0.7,0.88,1.8,2.0,0.7,128,56.34,51.66,61.4,55.95,9.74,72.91,0.019,146.1
tonefine_wp0.88_g1.8_k2.0_s0.7,0.88,1.8,2.0,0.7,132,67.1,62.74,71.02,67.53,8.27,66.79,0.01,155.2
tonefine_wp0.88_g1.8_k2.0_s0.7,0.88,1.8,2.0,0.7,136,64.36,57.85,71.66,63.57,13.8,67.07,0.006,144.3
tonefine_wp0.88_g1.8_k2.0_s0.7,0.88,1.8,2.0,0.7,140,42.79,34.34,52.86,41.18,18.52,47.88,0.01,141.4
tonefine_wp0.88_g1.8_k2.0_s0.7,0.88,1.8,2.0,0.7,144,254.98,254.95,254.99,255.0,0.05,0.19,5.294,
tonefine_wp0.88_g1.8_k2.0_s0.7,0.88,1.8,2.0,0.7,148,232.73,235.33,230.62,232.23,4.71,64.62,0.0,
tonefine_wp0.88_g1.8_k2.0_s0.7,0.88,1.8,2.0,0.7,152,105.06,94.54,113.66,106.99,19.11,57.74,0.022,159.9
tonefine_wp0.88_g1.8_k2.0_s0.7,0.88,1.8,2.0,0.7,156,118.3,110.6,127.27,117.03,16.67,50.51,0.005,142.5
tonefine_wp0.88_g1.8_k2.0_s0.7,0.88,1.8,2.0,0.7,160,101.59,98.81,110.19,95.77,14.42,35.37,0.077,108.4
tonefine_wp0.88_g1.8_k2.0_s0.7,0.88,1.8,2.0,0.7,164,108.03,106.11,115.87,102.12,13.76,6.32,0.7,103.6
tonefine_wp0.88_g1.8_k2.0_s0.7,0.88,1.8,2.0,0.7,168,137.29,131.21,142.55,138.12,11.35,8.62,0.881,157.2
tonefine_wp0.88_g1.8_k2.0_s0.7,0.88,1.8,2.0,0.7,172,174.44,170.74,179.32,173.25,8.58,31.6,0.052,136.5
tonefine_wp0.88_g1.8_k2.0_s0.7,0.88,1.8,2.0,0.7,176,195.2,195.58,197.63,192.4,5.23,27.64,0.039,
tonefine_wp0.88_g1.8_k2.0_s0.7,0.88,1.8,2.0,0.7,180,206.26,209.57,205.81,203.39,6.18,21.8,0.012,
tonefine_wp0.88_g1.8_k2.0_s0.7,0.88,1.8,2.0,0.7,184,216.87,223.22,215.93,211.46,11.76,16.15,0.007,22.1
tonefine_wp0.88_g1.8_k2.0_s0.7,0.88,1.8,2.0,0.7,188,198.92,203.22,200.6,192.95,10.27,16.39,0.032,45.8
tonefine_wp0.88_g1.8_k2.0_s0.7,0.88,1.8,2.0,0.7,192,196.3,200.37,201.75,186.76,14.99,4.71,2.925,64.8
tonefine_wp0.88_g1.8_k2.0_s0.7,0.88,1.8,2.0,0.7,196,254.96,254.9,254.98,254.99,0.09,0.29,4.454,
tonefine_wp0.88_g1.8_k2.0_s0.7,0.88,1.8,2.0,0.7,200,207.99,210.58,204.79,208.61,5.78,90.72,0.0,
tonefine_wp0.75_g1.4_k1.5_s0.7,0.75,1.4,1.5,0.7,100,66.75,65.44,67.37,67.44,2.0,106.09,0.1,
tonefine_wp0.75_g1.4_k1.5_s0.7,0.75,1.4,1.5,0.7,104,17.08,9.42,26.42,15.4,16.99,20.78,0.241,140.3
tonefine_wp0.75_g1.4_k1.5_s0.7,0.75,1.4,1.5,0.7,108,16.99,14.39,22.37,14.21,8.16,47.33,0.198,118.9
tonefine_wp0.75_g1.4_k1.5_s0.7,0.75,1.4,1.5,0.7,112,38.34,38.28,39.44,37.31,2.13,74.89,0.0,
tonefine_wp0.75_g1.4_k1.5_s0.7,0.75,1.4,1.5,0.7,116,38.32,38.61,39.38,36.97,2.41,74.41,0.0,
tonefine_wp0.75_g1.4_k1.5_s0.7,0.75,1.4,1.5,0.7,120,16.51,12.76,21.47,15.32,8.71,44.95,0.1,136.6
tonefine_wp0.75_g1.4_k1.5_s0.7,0.75,1.4,1.5,0.7,124,9.32,2.14,17.83,7.99,15.7,8.14,0.91,141.7
tonefine_wp0.75_g1.4_k1.5_s0.7,0.75,1.4,1.5,0.7,128,62.91,55.6,69.57,63.55,13.97,69.37,0.015,154.6
tonefine_wp0.75_g1.4_k1.5_s0.7,0.75,1.4,1.5,0.7,132,69.31,63.09,76.44,68.39,13.35,66.09,0.009,143.2
tonefine_wp0.75_g1.4_k1.5_s0.7,0.75,1.4,1.5,0.7,136,58.1,47.95,69.37,56.98,21.42,59.58,0.007,144.8
tonefine_wp0.75_g1.4_k1.5_s0.7,0.75,1.4,1.5,0.7,140,33.14,25.02,47.46,26.93,22.45,6.84,3.628,124.4
tonefine_wp0.75_g1.4_k1.5_s0.7,0.75,1.4,1.5,0.7,144,254.99,254.98,254.99,255.0,0.02,0.1,4.121,
tonefine_wp0.75_g1.4_k1.5_s0.7,0.75,1.4,1.5,0.7,148,179.36,188.07,176.04,173.98,14.09,100.77,0.001,7.8
tonefine_wp0.75_g1.4_k1.5_s0.7,0.75,1.4,1.5,0.7,152,54.89,44.47,66.04,54.15,21.57,13.68,0.562,146.6
tonefine_wp0.75_g1.4_k1.5_s0.7,0.75,1.4,1.5,0.7,156,107.63,99.05,118.87,104.97,19.82,45.84,0.144,136.9
tonefine_wp0.75_g1.4_k1.5_s0.7,0.75,1.4,1.5,0.7,160,121.65,118.38,128.96,117.62,11.34,49.6,0.01,116.6
tonefine_wp0.75_g1.4_k1.5_s0.7,0.75,1.4,1.5,0.7,164,130.22,130.64,136.01,124.02,11.99,47.07,0.01,86.5
tonefine_wp0.75_g1.4_k1.5_s0.7,0.75,1.4,1.5,0.7,168,147.57,143.26,150.57,148.87,7.3,28.39,0.066,
tonefine_wp0.75_g1.4_k1.5_s0.7,0.75,1.4,1.5,0.7,172,155.52,152.36,157.98,156.21,5.63,5.98,2.817,
tonefine_wp0.75_g1.4_k1.5_s0.7,0.75,1.4,1.5,0.7,176,185.13,185.1,187.99,182.29,5.7,23.89,0.167,
tonefine_wp0.75_g1.4_k1.5_s0.7,0.75,1.4,1.5,0.7,180,202.48,207.94,201.72,197.79,10.16,23.48,0.022,22.6
tonefine_wp0.75_g1.4_k1.5_s0.7,0.75,1.4,1.5,0.7,184,212.59,218.04,211.37,208.36,9.67,19.18,0.022,17.7
tonefine_wp0.75_g1.4_k1.5_s0.7,0.75,1.4,1.5,0.7,188,190.35,194.18,192.48,184.39,9.79,23.44,0.009,50.6
tonefine_wp0.75_g1.4_k1.5_s0.7,0.75,1.4,1.5,0.7,192,170.42,178.52,179.22,153.53,25.69,5.18,1.07,61.4
tonefine_wp0.75_g1.4_k1.5_s0.7,0.75,1.4,1.5,0.7,196,254.93,254.82,254.97,255.0,0.17,0.35,1.636,
tonefine_wp0.75_g1.4_k1.5_s0.7,0.75,1.4,1.5,0.7,200,177.6,180.17,174.86,177.75,5.31,104.6,0.0,
tonefine_wp0.64_g1.4_k1.5_s1.0,0.64,1.4,1.5,1.0,100,25.09,25.32,27.42,22.51,4.91,52.09,0.106,
tonefine_wp0.64_g1.4_k1.5_s1.0,0.64,1.4,1.5,1.0,104,36.59,36.43,43.28,30.07,13.2,58.28,0.001,91.2
tonefine_wp0.64_g1.4_k1.5_s1.0,0.64,1.4,1.5,1.0,108,28.42,29.53,29.91,25.8,4.11,57.07,0.001,
tonefine_wp0.64_g1.4_k1.5_s1.0,0.64,1.4,1.5,1.0,112,26.04,27.68,27.01,23.44,4.24,56.28,0.005,
tonefine_wp0.64_g1.4_k1.5_s1.0,0.64,1.4,1.5,1.0,116,5.05,5.42,5.3,4.44,0.98,25.83,0.18,
tonefine_wp0.64_g1.4_k1.5_s1.0,0.64,1.4,1.5,1.0,120,0.57,0.58,1.02,0.1,0.91,1.58,23.668,
tonefine_wp0.64_g1.4_k1.5_s1.0,0.64,1.4,1.5,1.0,124,12.13,11.47,14.99,9.95,5.03,34.17,0.165,
tonefine_wp0.64_g1.4_k1.5_s1.0,0.64,1.4,1.5,1.0,128,47.94,49.36,52.51,41.95,10.56,57.15,0.03,76.9
tonefine_wp0.64_g1.4_k1.5_s1.0,0.64,1.4,1.5,1.0,132,53.26,56.49,57.84,45.45,12.38,52.44,0.017,65.7
tonefine_wp0.64_g1.4_k1.5_s1.0,0.64,1.4,1.5,1.0,136,48.83,50.68,56.24,39.58,16.66,51.48,0.011,79.1
tonefine_wp0.64_g1.4_k1.5_s1.0,0.64,1.4,1.5,1.0,140,36.42,38.43,44.89,25.94,18.95,44.21,0.007,79.6
tonefine_wp0.64_g1.4_k1.5_s1.0,0.64,1.4,1.5,1.0,144,254.99,254.98,254.99,255.0,0.02,0.13,4.409,
tonefine_wp0.64_g1.4_k1.5_s1.0,0.64,1.4,1.5,1.0,148,252.01,253.26,251.05,251.71,2.21,14.43,0.005,
tonefine_wp0.64_g1.4_k1.5_s1.0,0.64,1.4,1.5,1.0,152,76.89,68.23,86.0,76.43,17.77,48.12,0.021,147.4
tonefine_wp0.64_g1.4_k1.5_s1.0,0.64,1.4,1.5,1.0,156,71.43,63.0,80.57,70.71,17.56,44.06,0.019,146.0
tonefine_wp0.64_g1.4_k1.5_s1.0,0.64,1.4,1.5,1.0,160,46.8,41.28,55.31,43.81,14.04,23.54,0.079,129.8
tonefine_wp0.64_g1.4_k1.5_s1.0,0.64,1.4,1.5,1.0,164,54.14,48.03,61.51,52.86,13.48,9.7,0.739,140.7
tonefine_wp0.64_g1.4_k1.5_s1.0,0.64,1.4,1.5,1.0,168,87.78,78.36,91.08,93.9,15.53,8.33,1.096,189.8
tonefine_wp0.64_g1.4_k1.5_s1.0,0.64,1.4,1.5,1.0,172,121.4,110.04,125.83,128.32,18.28,32.92,0.084,187.2
tonefine_wp0.64_g1.4_k1.5_s1.0,0.64,1.4,1.5,1.0,176,142.48,133.56,146.57,147.31,13.75,31.02,0.032,182.7
tonefine_wp0.64_g1.4_k1.5_s1.0,0.64,1.4,1.5,1.0,180,155.82,148.78,160.34,158.33,11.56,25.26,0.025,170.7
tonefine_wp0.64_g1.4_k1.5_s1.0,0.64,1.4,1.5,1.0,184,165.39,161.89,169.88,164.4,7.99,21.23,0.018,
tonefine_wp0.64_g1.4_k1.5_s1.0,0.64,1.4,1.5,1.0,188,144.02,141.04,149.47,141.56,8.43,30.52,0.003,123.1
tonefine_wp0.64_g1.4_k1.5_s1.0,0.64,1.4,1.5,1.0,192,102.66,106.0,114.03,87.93,26.1,8.79,0.183,77.5
tonefine_wp0.64_g1.4_k1.5_s1.0,0.64,1.4,1.5,1.0,196,254.93,254.8,254.99,254.99,0.2,0.29,4.888,
tonefine_wp0.64_g1.4_k1.5_s1.0,0.64,1.4,1.5,1.0,200,253.95,254.61,252.98,254.27,1.63,3.37,0.012,
tonefine_wp0.75_g1.4_k2.5_s1.0,0.75,1.4,2.5,1.0,100,48.91,45.61,52.38,48.73,6.77,91.81,0.14,
tonefine_wp0.75_g1.4_k2.5_s1.0,0.75,1.4,2.5,1.0,104,16.65,10.42,27.36,12.18,16.94,6.93,0.37,125.4
tonefine_wp0.75_g1.4_k2.5_s1.0,0.75,1.4,2.5,1.0,108,23.4,19.8,29.54,20.87,9.74,56.28,0.137,125.8
tonefine_wp0.75_g1.4_k2.5_s1.0,0.75,1.4,2.5,1.0,112,37.35,35.65,39.7,36.71,4.06,72.91,0.0,
tonefine_wp0.75_g1.4_k2.5_s1.0,0.75,1.4,2.5,1.0,116,37.25,34.79,40.22,36.73,5.44,72.5,0.0,
tonefine_wp0.75_g1.4_k2.5_s1.0,0.75,1.4,2.5,1.0,120,9.28,5.96,14.44,7.45,8.47,31.19,0.143,129.4
tonefine_wp0.75_g1.4_k2.5_s1.0,0.75,1.4,2.5,1.0,124,8.33,2.04,16.45,6.48,14.41,12.85,0.569,137.5
tonefine_wp0.75_g1.4_k2.5_s1.0,0.75,1.4,2.5,1.0,128,61.21,51.83,67.79,64.02,15.96,67.82,0.021,166.9
tonefine_wp0.75_g1.4_k2.5_s1.0,0.75,1.4,2.5,1.0,132,67.48,57.22,76.53,68.71,19.31,64.59,0.009,156.3
tonefine_wp0.75_g1.4_k2.5_s1.0,0.75,1.4,2.5,1.0,136,61.1,48.35,71.88,63.09,23.53,59.26,0.004,158.3
tonefine_wp0.75_g1.4_k2.5_s1.0,0.75,1.4,2.5,1.0,140,37.5,29.12,48.94,34.42,19.82,6.58,2.203,135.0
tonefine_wp0.75_g1.4_k2.5_s1.0,0.75,1.4,2.5,1.0,144,255.0,254.99,255.0,255.0,0.01,0.04,3.068,
tonefine_wp0.75_g1.4_k2.5_s1.0,0.75,1.4,2.5,1.0,148,190.63,192.69,189.96,189.22,3.47,99.38,0.001,
tonefine_wp0.75_g1.4_k2.5_s1.0,0.75,1.4,2.5,1.0,152,75.88,64.37,90.22,73.04,25.85,29.6,0.396,139.2
tonefine_wp0.75_g1.4_k2.5_s1.0,0.75,1.4,2.5,1.0,156,117.61,103.82,131.95,117.06,28.14,46.89,0.025,148.1
tonefine_wp0.75_g1.4_k2.5_s1.0,0.75,1.4,2.5,1.0,160,119.37,110.08,130.89,117.15,20.81,47.27,0.007,139.5
tonefine_wp0.75_g1.4_k2.5_s1.0,0.75,1.4,2.5,1.0,164,126.52,120.86,135.98,122.73,15.11,45.07,0.008,126.5
tonefine_wp0.75_g1.4_k2.5_s1.0,0.75,1.4,2.5,1.0,168,137.05,129.04,146.94,135.17,17.9,16.19,0.048,139.7
tonefine_wp0.75_g1.4_k2.5_s1.0,0.75,1.4,2.5,1.0,172,150.38,144.21,158.56,148.35,14.35,5.69,2.725,136.3
tonefine_wp0.75_g1.4_k2.5_s1.0,0.75,1.4,2.5,1.0,176,181.09,177.89,187.07,178.32,9.19,27.18,0.079,122.4
tonefine_wp0.75_g1.4_k2.5_s1.0,0.75,1.4,2.5,1.0,180,193.01,192.65,196.61,189.76,6.85,22.88,0.02,
tonefine_wp0.75_g1.4_k2.5_s1.0,0.75,1.4,2.5,1.0,184,201.45,202.82,204.27,197.28,6.99,18.45,0.008,
tonefine_wp0.75_g1.4_k2.5_s1.0,0.75,1.4,2.5,1.0,188,181.19,180.39,188.05,175.13,12.93,17.53,0.016,96.1
tonefine_wp0.75_g1.4_k2.5_s1.0,0.75,1.4,2.5,1.0,192,177.07,180.61,187.45,163.15,24.3,4.77,8.599,75.8
tonefine_wp0.75_g1.4_k2.5_s1.0,0.75,1.4,2.5,1.0,196,254.98,254.93,255.0,255.0,0.07,0.16,2.208,
tonefine_wp0.75_g1.4_k2.5_s1.0,0.75,1.4,2.5,1.0,200,180.1,180.52,178.96,180.83,1.88,104.12,0.0,
tonefine_wp0.88_g1.4_k1.5_s1.0,0.88,1.4,1.5,1.0,100,11.77,6.95,21.48,6.89,14.59,23.8,0.305,119.8
tonefine_wp0.88_g1.4_k1.5_s1.0,0.88,1.4,1.5,1.0,104,27.49,18.42,41.62,22.41,23.2,7.61,0.794,129.2
tonefine_wp0.88_g1.4_k1.5_s1.0,0.88,1.4,1.5,1.0,108,33.59,25.28,47.66,27.81,22.38,59.75,0.11,125.9
tonefine_wp0.88_g1.4_k1.5_s1.0,0.88,1.4,1.5,1.0,112,46.06,39.72,55.56,42.88,15.84,74.26,0.0,130.9
tonefine_wp0.88_g1.4_k1.5_s1.0,0.88,1.4,1.5,1.0,116,48.37,38.77,59.98,46.37,21.21,73.56,0.001,140.7
tonefine_wp0.88_g1.4_k1.5_s1.0,0.88,1.4,1.5,1.0,120,52.01,38.21,65.2,52.61,26.99,71.64,0.001,152.2
tonefine_wp0.88_g1.4_k1.5_s1.0,0.88,1.4,1.5,1.0,124,31.24,15.09,48.36,30.27,33.27,19.71,0.168,147.1
tonefine_wp0.88_g1.4_k1.5_s1.0,0.88,1.4,1.5,1.0,128,53.53,40.6,69.12,50.87,28.51,9.85,2.843,140.8
tonefine_wp0.88_g1.4_k1.5_s1.0,0.88,1.4,1.5,1.0,132,95.22,84.0,111.18,90.48,27.18,36.99,0.16,133.2
tonefine_wp0.88_g1.4_k1.5_s1.0,0.88,1.4,1.5,1.0,136,114.47,104.64,129.55,109.23,24.91,51.62,0.003,130.0
tonefine_wp0.88_g1.4_k1.5_s1.0,0.88,1.4,1.5,1.0,140,133.88,128.19,146.25,127.19,19.06,45.76,0.001,117.3
tonefine_wp0.88_g1.4_k1.5_s1.0,0.88,1.4,1.5,1.0,144,236.8,234.94,239.47,235.99,4.53,41.81,0.003,
tonefine_wp0.88_g1.4_k1.5_s1.0,0.88,1.4,1.5,1.0,148,254.98,254.94,255.0,255.0,0.06,0.18,1.724,
tonefine_wp0.88_g1.4_k1.5_s1.0,0.88,1.4,1.5,1.0,152,158.45,154.64,173.9,146.81,27.09,33.1,0.129,103.7
tonefine_wp0.88_g1.4_k1.5_s1.0,0.88,1.4,1.5,1.0,156,175.34,174.17,187.91,163.92,23.99,30.36,0.004,94.8
tonefine_wp0.88_g1.4_k1.5_s1.0,0.88,1.4,1.5,1.0,160,177.36,177.47,187.52,167.08,20.44,28.78,0.004,89.5
tonefine_wp0.88_g1.4_k1.5_s1.0,0.88,1.4,1.5,1.0,164,184.97,185.76,194.78,174.37,20.41,26.11,0.008,86.1
tonefine_wp0.88_g1.4_k1.5_s1.0,0.88,1.4,1.5,1.0,168,197.82,201.68,203.39,188.37,15.02,16.25,0.031,66.0
tonefine_wp0.88_g1.4_k1.5_s1.0,0.88,1.4,1.5,1.0,172,204.0,205.93,208.69,197.39,11.3,3.81,2.09,73.5
tonefine_wp0.88_g1.4_k1.5_s1.0,0.88,1.4,1.5,1.0,176,212.09,213.99,215.68,206.58,9.1,3.93,16.278,70.1
tonefine_wp0.88_g1.4_k1.5_s1.0,0.88,1.4,1.5,1.0,180,220.91,222.09,224.22,216.41,7.81,6.77,0.168,
tonefine_wp0.88_g1.4_k1.5_s1.0,0.88,1.4,1.5,1.0,184,231.81,231.46,234.63,229.34,5.29,10.58,0.022,
tonefine_wp0.88_g1.4_k1.5_s1.0,0.88,1.4,1.5,1.0,188,233.43,232.52,236.12,231.63,4.49,8.73,0.027,
tonefine_wp0.88_g1.4_k1.5_s1.0,0.88,1.4,1.5,1.0,192,239.59,240.51,241.97,236.3,5.67,10.59,0.059,
tonefine_wp0.88_g1.4_k1.5_s1.0,0.88,1.4,1.5,1.0,196,254.52,254.48,254.65,254.43,0.22,1.82,0.035,
tonefine_wp0.88_g1.4_k1.5_s1.0,0.88,1.4,1.5,1.0,200,254.98,254.95,255.0,255.0,0.05,0.15,1.856,
tonefine_wp0.75_g1.4_k1.5_s1.0,0.75,1.4,1.5,1.0,100,46.66,44.15,49.25,46.59,5.1,90.37,0.147,
tonefine_wp0.75_g1.4_k1.5_s1.0,0.75,1.4,1.5,1.0,104,16.3,10.22,25.99,12.69,15.77,7.22,0.441,128.4
tonefine_wp0.75_g1.4_k1.5_s1.0,0.75,1.4,1.5,1.0,108,23.19,20.54,28.18,20.85,7.65,56.03,0.131,
tonefine_wp0.75_g1.4_k1.5_s1.0,0.75,1.4,1.5,1.0,112,35.91,34.53,37.71,35.49,3.17,71.32,0.0,
tonefine_wp0.75_g1.4_k1.5_s1.0,0.75,1.4,1.5,1.0,116,35.77,33.68,37.71,35.9,4.03,71.12,0.0,
tonefine_wp0.75_g1.4_k1.5_s1.0,0.75,1.4,1.5,1.0,120,8.26,5.99,11.59,7.2,5.6,31.22,0.157,
tonefine_wp0.75_g1.4_k1.5_s1.0,0.75,1.4,1.5,1.0,124,7.01,1.65,12.99,6.4,11.34,13.27,0.442,144.7
tonefine_wp0.75_g1.4_k1.5_s1.0,0.75,1.4,1.5,1.0,128,58.14,46.7,64.96,62.77,18.27,67.27,0.017,173.7
tonefine_wp0.75_g1.4_k1.5_s1.0,0.75,1.4,1.5,1.0,132,65.99,54.34,73.77,69.87,19.43,63.5,0.012,169.0
tonefine_wp0.75_g1.4_k1.5_s1.0,0.75,1.4,1.5,1.0,136,63.97,49.27,74.13,68.52,24.86,61.29,0.001,167.6
tonefine_wp0.75_g1.4_k1.5_s1.0,0.75,1.4,1.5,1.0,140,37.66,26.29,46.45,40.24,20.16,6.55,1.69,162.5
tonefine_wp0.75_g1.4_k1.5_s1.0,0.75,1.4,1.5,1.0,144,255.0,255.0,255.0,254.99,0.01,0.09,2.549,
tonefine_wp0.75_g1.4_k1.5_s1.0,0.75,1.4,1.5,1.0,148,193.61,193.73,193.37,193.74,0.37,100.21,0.002,
tonefine_wp0.75_g1.4_k1.5_s1.0,0.75,1.4,1.5,1.0,152,74.39,59.86,88.28,75.03,28.42,30.33,0.349,152.2
tonefine_wp0.75_g1.4_k1.5_s1.0,0.75,1.4,1.5,1.0,156,117.13,101.73,130.83,118.83,29.1,46.63,0.022,155.8
tonefine_wp0.75_g1.4_k1.5_s1.0,0.75,1.4,1.5,1.0,160,116.55,106.26,128.47,114.92,22.21,46.77,0.005,142.8
tonefine_wp0.75_g1.4_k1.5_s1.0,0.75,1.4,1.5,1.0,164,123.29,115.64,132.74,121.48,17.11,44.61,0.005,139.6
tonefine_wp0.75_g1.4_k1.5_s1.0,0.75,1.4,1.5,1.0,168,132.07,123.75,141.78,130.68,18.03,13.93,0.075,142.4
tonefine_wp0.75_g1.4_k1.5_s1.0,0.75,1.4,1.5,1.0,172,146.47,140.2,153.93,145.26,13.73,6.25,2.648,141.4
tonefine_wp0.75_g1.4_k1.5_s1.0,0.75,1.4,1.5,1.0,176,176.77,173.01,182.23,175.08,9.23,27.52,0.065,132.4
tonefine_wp0.75_g1.4_k1.5_s1.0,0.75,1.4,1.5,1.0,180,188.83,188.71,192.49,185.29,7.21,23.0,0.021,
tonefine_wp0.75_g1.4_k1.5_s1.0,0.75,1.4,1.5,1.0,184,197.85,199.0,201.1,193.46,7.63,18.67,0.012,
tonefine_wp0.75_g1.4_k1.5_s1.0,0.75,1.4,1.5,1.0,188,179.67,179.15,185.55,174.31,11.24,18.74,0.02,94.6
tonefine_wp0.75_g1.4_k1.5_s1.0,0.75,1.4,1.5,1.0,192,174.67,177.37,183.95,162.71,21.24,4.66,4.275,77.6
tonefine_wp0.75_g1.4_k1.5_s1.0,0.75,1.4,1.5,1.0,196,255.0,254.99,255.0,255.0,0.01,0.05,3.665,
tonefine_wp0.75_g1.4_k1.5_s1.0,0.75,1.4,1.5,1.0,200,180.12,180.07,179.04,181.25,2.21,103.88,0.0,
tonefine_wp1.0_g1.4_k1.5_s1.0,1.0,1.4,1.5,1.0,100,21.96,13.17,33.38,19.32,20.2,23.04,0.201,137.3
tonefine_wp1.0_g1.4_k1.5_s1.0,1.0,1.4,1.5,1.0,104,45.21,31.73,60.31,43.6,28.57,6.25,1.942,144.4
tonefine_wp1.0_g1.4_k1.5_s1.0,1.0,1.4,1.5,1.0,108,39.22,25.85,55.14,36.67,29.29,45.91,0.204,141.4
tonefine_wp1.0_g1.4_k1.5_s1.0,1.0,1.4,1.5,1.0,112,59.31,49.3,73.64,54.99,24.34,71.32,0.005,132.9
tonefine_wp1.0_g1.4_k1.5_s1.0,1.0,1.4,1.5,1.0,116,77.83,69.66,91.88,71.95,22.22,64.19,0.004,125.4
tonefine_wp1.0_g1.4_k1.5_s1.0,1.0,1.4,1.5,1.0,120,100.5,91.1,115.09,95.32,23.98,55.31,0.003,129.5
tonefine_wp1.0_g1.4_k1.5_s1.0,1.0,1.4,1.5,1.0,124,110.66,102.34,125.48,104.15,23.14,45.15,0.023,124.0
tonefine_wp1.0_g1.4_k1.5_s1.0,1.0,1.4,1.5,1.0,128,108.88,102.57,123.57,100.5,23.07,6.84,2.875,115.4
tonefine_wp1.0_g1.4_k1.5_s1.0,1.0,1.4,1.5,1.0,132,137.65,134.7,151.54,126.72,24.82,9.58,55.934,101.7
tonefine_wp1.0_g1.4_k1.5_s1.0,1.0,1.4,1.5,1.0,136,148.82,148.64,163.28,134.56,28.71,19.86,0.041,90.6
tonefine_wp1.0_g1.4_k1.5_s1.0,1.0,1.4,1.5,1.0,140,180.77,181.39,189.36,171.55,17.82,30.87,0.002,86.5
tonefine_wp1.0_g1.4_k1.5_s1.0,1.0,1.4,1.5,1.0,144,218.16,219.7,222.33,212.44,9.88,38.5,0.001,74.9
tonefine_wp1.0_g1.4_k1.5_s1.0,1.0,1.4,1.5,1.0,148,255.0,254.99,255.0,255.0,0.01,0.05,2.11,
tonefine_wp1.0_g1.4_k1.5_s1.0,1.0,1.4,1.5,1.0,152,212.95,217.58,219.08,202.19,16.89,18.51,0.019,64.6
tonefine_wp1.0_g1.4_k1.5_s1.0,1.0,1.4,1.5,1.0,156,218.46,221.76,223.9,209.72,14.18,15.52,0.009,68.1
tonefine_wp1.0_g1.4_k1.5_s1.0,1.0,1.4,1.5,1.0,160,221.39,224.58,224.71,214.87,9.84,13.86,0.012,60.7
tonefine_wp1.0_g1.4_k1.5_s1.0,1.0,1.4,1.5,1.0,164,225.36,229.68,226.72,219.69,9.99,9.63,0.107,43.2
tonefine_wp1.0_g1.4_k1.5_s1.0,1.0,1.4,1.5,1.0,168,234.59,234.48,237.76,231.52,6.24,3.84,0.493,
tonefine_wp1.0_g1.4_k1.5_s1.0,1.0,1.4,1.5,1.0,172,243.48,243.75,245.3,241.39,3.91,3.7,8.433,
tonefine_wp1.0_g1.4_k1.5_s1.0,1.0,1.4,1.5,1.0,176,250.6,248.34,252.9,250.57,4.57,2.9,7.999,
tonefine_wp1.0_g1.4_k1.5_s1.0,1.0,1.4,1.5,1.0,180,253.05,250.67,254.5,253.97,3.82,1.69,4.704,
tonefine_wp1.0_g1.4_k1.5_s1.0,1.0,1.4,1.5,1.0,184,252.57,247.77,254.99,254.96,7.22,1.2,5.471,
tonefine_wp1.0_g1.4_k1.5_s1.0,1.0,1.4,1.5,1.0,188,250.7,242.92,254.62,254.56,11.7,1.96,0.924,179.8
tonefine_wp1.0_g1.4_k1.5_s1.0,1.0,1.4,1.5,1.0,192,252.72,250.2,254.4,253.58,4.2,3.12,0.434,
tonefine_wp1.0_g1.4_k1.5_s1.0,1.0,1.4,1.5,1.0,196,254.99,254.98,255.0,255.0,0.02,0.08,3.529,
tonefine_wp1.0_g1.4_k1.5_s1.0,1.0,1.4,1.5,1.0,200,255.0,255.0,255.0,255.0,0.0,0.02,1.475,
